{"1": {
 "calculator": "vasp",
 "calculator_parameters": {"amix": 0.1, "amix_mag": 0.1, "bmix": 0.0001, "bmix_mag": 0.0001, "encut": 500, "sigma": 0.05, "ediff": 1e-05, "ediffg": -0.02, "algo": "Normal", "gga": "PE", "prec": "Normal", "ibrion": 2, "isif": 2, "ismear": 0, "ispin": 2, "istart": 1, "ldauprint": 2, "ldautype": 2, "lmaxmix": 4, "lorbit": 11, "nelm": 250, "npar": 6, "nsw": 199, "inimix": 0, "laechg": true, "lasph": true, "ldau": true, "lvtot": false, "lreal": "Auto", "ldau_luj": {"Mn": {"L": 2, "U": 2.75, "J": 0.0}, "O": {"L": -1, "U": 0.0, "J": 0.0}, "H": {"L": -1, "U": 0.0, "J": 0.0}}, "pp": "pbe", "txt": "-", "kpts": [3, 1, 1], "gamma": true, "reciprocal": false, "ignore_constraints": false, "custom": {}},
 "cell": {"array": {"__ndarray__": [[3, 3], "float64", [5.83582875918556, 0.0, 0.0, 0.0001274773434932, 14.046562130100185, 0.0, 0.0, 0.0, 25.602081270119807]]}, "__ase_objtype__": "cell"},
 "constraints": [{"name": "FixAtoms", "kwargs": {"indices": [0, 1, 2, 3, 4, 5, 6, 7, 8, 9, 10, 11, 12, 13, 14, 15, 16, 17, 18, 19, 20, 21, 22, 23, 24, 25, 26, 27, 28, 29, 30, 31]}}],
 "ctime": 25.663710673283187,
 "dipole": {"__ndarray__": [[1, 3], "float64", [0.0, 0.0, 0.0]]},
 "energy": -574.07471837,
 "forces": {"__ndarray__": [[81, 3], "float64", [-0.07434835, 1.26262669, 0.34459276, -0.00884645, 0.77697996, 0.65525418, 0.05146858, 1.14741855, 0.36063049, 0.02456962, 0.70325222, 0.63747227, 0.02801166, 0.76511417, -0.53184681, -0.00104908, 0.89045601, -0.42550928, 0.13180153, 0.74666321, -0.67533968, -0.13075844, 0.86889434, -0.57777276, 0.07045848, 0.07415675, 0.05752133, -0.09214945, 0.19596165, 0.05995401, -0.79404248, -2.10056911, 1.27803381, 0.51697169, -1.96055689, 1.10817995, -0.17428902, 0.45529868, 0.20759918, 0.17714457, 0.50193655, 0.15440543, -0.30703189, -1.58626895, 0.6256871, 0.41052611, -1.6561332, 0.6730546, 0.07340089, -0.5816315, -0.62669157, -0.02729317, -0.63604672, -0.39585343, 0.12067359, -0.43842271, -0.72224167, -0.13936946, -0.50605634, -0.5116436, -0.14177999, 0.08537972, 0.03527422, 0.16254536, -0.1335889, -0.32131774, -0.0674909, -0.40412755, -0.39125164, 0.0442839, -0.56892432, -0.56143276, -0.03900644, 0.04037666, -0.02242996, 0.07030509, 0.06880857, -0.14284602, -0.02925911, 0.02083842, -0.06191313, 0.01591423, 0.10690397, -0.23626079, -0.48877151, 0.24919133, -0.01109244, 0.38346053, 0.29021688, 0.06193031, 1.17802603, 0.71673099, -0.08771611, -0.96174011, 0.67436049, -0.04347308, 0.00137106, 0.0030229, -9.105e-05, 0.00697117, -0.00204955, 0.00088332, -0.00359793, 0.00996827, -0.00847728, 0.0035799, 0.00652512, 0.0010064, 0.00417619, 0.0040743, 0.00179832, -0.0034534, -0.00382779, -0.00401195, -0.00899156, 0.00017842, 0.00259669, 0.00085877, -0.00407895, -0.00141229, -0.00192562, -0.00256889, 0.0010509, 0.00964145, 0.00918217, 0.01267843, -0.01350531, 0.01102977, 0.00113187, 0.01687697, 0.00131808, 0.00039633, 0.00252626, -0.0044194, 0.00103262, -0.0089242, -0.00334589, 0.00095456, -0.00059502, -0.00735429, -0.00495844, 0.00458746, -0.0006325, 0.00077696, 0.00313207, -0.00361927, 0.00189077, -0.00707122, -0.00202149, -0.00530214, 0.00747499, -0.00234577, 0.01273098, 0.00322254, -0.00664022, -0.00204985, -0.00546424, 0.0004647, -0.00080116, -0.00096805, -0.0038734, 0.00760063, 0.00053844, -0.01270149, 0.00126624, 0.00837048, -0.00231261, -0.00193719, -0.00864653, 0.00424895, -0.00425983, -0.00434347, -0.00620897, 0.01561868, 0.00107659, -0.00297858, 2.231e-05, -0.00376104, -0.00293475, 0.01239807, -0.00135779, -0.00033793, -0.00218216, 0.00088105, -0.00185268, 0.00057741, -0.00100602, -0.0086469, -0.002912, -0.00147208, -0.00074832, 0.0104716, 0.00259939, 0.00449754, 0.00133596, -0.00010318, 0.00216336, 0.00869318, 0.00128378, -0.00831094, 0.00491878, 0.00132394, -0.00093947, -0.00346764, -0.00039357, -0.01106415, 0.00609862, -0.00016199, 0.00054016, 0.00449407, 0.00756378, -0.00384333, -0.00174061, -0.00252368, -2.558e-05, -0.00106957, 0.00062485, -0.00121409, -0.01031748, -0.00764551, -0.00035615, 0.00168092, -0.00339663, -0.01091388, -0.0032246, -0.00106212, 0.00796183, 0.00043223, 0.00243051, 0.00068462, 0.00710694, -0.0019441, -0.00699964, 0.00594892, 0.01077781, 0.00035959, -0.00021701, 0.00461762, -0.00854599, 0.00671244, 0.00347116, 0.00225349, 0.01116995]]},
 "free_energy": -574.0892166,
 "initial_magmoms": {"__ndarray__": [[81], "float64", [-2.8000000000000003, -2.9000000000000004, 2.8000000000000003, 2.9000000000000004, 0.0, 0.0, 0.0, 0.0, 0.0, 0.0, 0.0, 0.0, 0.0, 0.0, 0.0, 0.0, -2.9000000000000004, 2.9000000000000004, -2.9000000000000004, 2.9000000000000004, 2.9000000000000004, -2.9000000000000004, 3.6, -3.6, 0.0, 0.0, 0.0, 0.0, 0.0, 0.0, 0.0, 0.0, 0.0, 0.0, 0.0, 0.0, 2.9000000000000004, -2.9000000000000004, 2.9000000000000004, -2.9000000000000004, 0.0, 0.0, 0.0, 0.0, 0.0, 0.0, 0.0, 0.0, 0.0, 0.0, -2.8000000000000003, -2.9000000000000004, 2.8000000000000003, 2.9000000000000004, 0.0, 0.0, 0.0, 0.0, 0.0, 0.0, 0.0, 0.0, 0.0, 0.0, 0.0, 0.0, -2.9000000000000004, 2.9000000000000004, -2.9000000000000004, 2.9000000000000004, 2.9000000000000004, 3.6, -3.6, 0.0, 0.0, 0.0, 0.0, 0.0, 0.0, 0.0, 0.0]]},
 "magmom": 2.7320959,
 "magmoms": {"__ndarray__": [[81], "float64", [-4.217, -4.255, 4.214, 4.258, -0.026, 0.024, -0.027, 0.026, 0.026, -0.018, -0.024, 0.016, 0.003, 0.009, 0.013, -0.012, -2.875, 2.88, -2.853, 2.856, 2.836, -2.843, 3.129, -3.278, -0.015, 0.02, -0.011, 0.016, -0.027, 0.031, -0.051, 0.038, 0.005, -0.003, 0.009, 0.004, 2.939, -2.986, 2.946, -2.973, -0.027, 0.043, -0.026, 0.04, 0.004, -0.003, 0.02, 0.013, 0.007, 0.0, -2.925, -2.955, 2.807, 2.811, -0.006, -0.005, -0.023, -0.017, -0.055, 0.236, -0.004, 0.042, -0.056, 0.019, 0.06, -0.004, -2.91, 2.889, -2.903, 2.328, 3.058, 3.063, -2.71, -0.005, -0.041, -0.006, -0.197, -0.062, -0.043, -0.058, 0.398]]},
 "mtime": 25.663710673283187,
 "numbers": {"__ndarray__": [[81], "int64", [25, 25, 25, 25, 8, 8, 8, 8, 8, 8, 8, 8, 8, 8, 8, 8, 25, 25, 25, 25, 25, 25, 25, 25, 8, 8, 8, 8, 8, 8, 8, 8, 8, 8, 8, 8, 25, 25, 25, 25, 8, 8, 8, 8, 19, 19, 8, 8, 8, 8, 25, 25, 25, 25, 8, 8, 8, 8, 8, 8, 8, 8, 8, 8, 8, 8, 25, 25, 25, 25, 25, 25, 25, 8, 8, 8, 8, 8, 8, 8, 8]]},
 "pbc": {"__ndarray__": [[3], "bool", [true, true, true]]},
 "positions": {"__ndarray__": [[81, 3],