{"1": {
 "calculator": "vasp",
 "calculator_parameters": {"amix": 0.1, "amix_mag": 0.1, "bmix": 0.0001, "bmix_mag": 0.0001, "encut": 500, "sigma": 0.05, "ediff": 1e-05, "ediffg": -0.02, "algo": "normal", "gga": "PE", "prec": "Normal", "ibrion": 2, "isif": 2, "ismear": 0, "ispin": 2, "istart": 1, "kpar": 10, "ldauprint": 2, "ldautype": 2, "lmaxmix": 6, "lorbit": 11, "nelm": 250, "npar": 6, "nsw": 199, "inimix": 0, "laechg": true, "lasph": true, "ldau": true, "lvtot": false, "lreal": "Auto", "ldau_luj": {"Ti": {"L": 2, "U": 3.0, "J": 0.0}, "V": {"L": 2, "U": 3.25, "J": 0.0}, "Cr": {"L": 2, "U": 3.5, "J": 0.0}, "Mn": {"L": 2, "U": 2.75, "J": 0.0}, "Fe": {"L": 2, "U": 4.3, "J": 0.0}, "Co": {"L": 2, "U": 3.32, "J": 0.0}, "Ni": {"L": 2, "U": 6.45, "J": 0.0}, "Cu": {"L": 2, "U": 3.0, "J": 0.0}, "Mo": {"L": 2, "U": 4.38, "J": 0.0}, "W": {"L": 2, "U": 6.2, "J": 0.0}, "Ce": {"L": 3, "U": 4.5, "J": 0.0}, "O": {"L": -1, "U": 0.0, "J": 0.0}, "C": {"L": -1, "U": 0.0, "J": 0.0}, "Au": {"L": -1, "U": 0.0, "J": 0.0}, "Ir": {"L": -1, "U": 0.0, "J": 0.0}, "H": {"L": -1, "U": 0.0, "J": 0.0}}, "xc": "PBE", "pp": "PBE", "setups": {"base": "minimal"}, "txt": "-", "kpts": [3, 1, 1], "gamma": true, "reciprocal": false, "ignore_constraints": false},
 "cell": [[5.835828759, 0.0, 0.0], [0.000127477, 14.04656213, 0.0], [0.0, 0.0, 25.60208127]],
 "constraints": [{"name": "FixAtoms", "kwargs": {"indices": [0, 1, 2, 3, 4, 5, 6, 7, 8, 9, 10, 11, 28, 29, 30, 31, 32, 33, 34, 35, 36, 37, 38, 39, 40, 41, 42, 43, 44, 45, 46, 47]}}],
 "ctime": 23.01899476719035,
 "dipole": [[0.0, 0.0, 0.0]],
 "energy": -627.59316584,
 "forces": [[-0.026477, 1.103213, 0.418336], [-0.039451, 0.698841, 0.664598], [0.027391, 1.101849, 0.418844], [0.034798, 0.7014, 0.664652], [0.043672, -0.39928, -0.564858], [-0.042432, -0.39676, -0.562201], [0.092996, -0.299058, -0.736466], [-0.099149, -0.29915, -0.7415], [-0.158251, -0.027484, -0.298284], [0.157757, -0.017856, -0.280044], [-0.039425, -0.4034, -0.424846], [0.045705, -0.399031, -0.423054], [-0.001735, 0.002929, -0.004658], [0.001017, -0.001042, -0.00268], [-0.001985, 0.002503, -0.006701], [0.000724, 0.000803, -0.004399], [0.001298, -0.002555, -0.00508], [-0.006202, -0.004091, -0.003532], [-0.00235, 0.001568, -0.000711], [-0.000551, -0.001244, -0.001184], [0.008745, -0.00351, 0.004945], [-0.006638, -0.00573, 0.001102], [-0.006314, -0.001053, 0.003142], [-0.000925, -0.001713, 0.002111], [0.003887, 0.001861, 0.008403], [-0.005306, -0.006003, -0.007619], [0.002201, 8.4e-05, 0.00287], [-0.0078, -0.005341, -0.003096], [0.02261, 0.876519, -0.455243], [0.007224, 0.880424, -0.444655], [0.129456, 0.821654, -0.597001], [-0.128474, 0.842492, -0.602566], [0.070454, 0.107121, 0.098374], [-0.090315, 0.096978, 0.112125], [-0.314749, -1.857776, 0.954824], [0.304065, -1.870772, 0.966064], [-0.145517, 0.3378, 0.203224], [0.157791, 0.324807, 0.190448], [-0.205532, -1.565435, 0.591461], [0.197702, -1.574947, 0.59488], [-0.03822, -0.022896, 0.044254], [0.050177, -0.022401, 0.036803], [-0.021992, 0.009459, -0.009772], [0.025789, 0.018914, -0.029493], [-0.287446, 0.183683, 0.095919], [0.297035, 0.187045, 0.10088], [0.72401, 0.45354, 0.039691], [-0.750825, 0.465899, 0.015069], [0.00353, -0.001023, -0.000624], [-0.00074, 0.00182, 0.000787], [0.001317, -0.000108, -0.003036], [-0.000584, -0.000201, -0.000491], [0.00729, 0.00112, 0.000908], [0.001206, -0.004689, 0.003929], [0.001409, -0.00189, 0.000651], [0.000924, -0.00302, 0.001958], [0.002891, 0.001902, 0.001782], [0.000772, 0.006368, 9.8e-05], [-0.006866, 0.00089, 0.00025], [0.000734, -0.003584, 0.008235], [0.007009, -0.000386, 0.005235], [0.001554, 1e-06, -0.001769], [-0.004193, 0.001857, -0.006556], [0.004879, 0.00061, 0.001536], [-0.004823, -0.004732, 0.006812], [0.001177, 0.003909, -0.010379], [0.000534, -0.003217, -0.016342], [-0.00267, -0.006092, -0.01003], [0.003283, -0.011366, -0.002658], [-0.008507, -0.005474, -0.003216], [-0.000847, 0.002974, -0.018743], [0.005082, 0.007464, -0.003528], [-0.001574, -0.004767, 0.005928], [0.006871, -0.01134, 0.001354], [0.004269, -0.002598, -0.003488], [-0.008407, -0.012394, 0.00028], [0.012501, 0.000715, 0.006791], [-0.005354, -0.002763, 0.000292], [-0.00285, -0.001153, -0.004076], [-0.00348, -0.005877, 0.011896], [0.00145, 0.003364, 0.009319], [0.007283, 0.009529, 0.000249], [-0.008568, 0.004837, 0.002166], [0.005839, 0.002868, -0.005031], [0.000336, -0.002589, 0.001387], [-0.000382, -0.001594, -0.000442], [0.004706, 0.003695, 0.00107], [0.000441, -0.002545, -0.000459], [-0.001766, 0.008898, -0.002121], [-0.00412, -0.002277, -0.003298]],
 "initial_magmoms": [-4.202, -4.257, 4.198, 4.254, -2.867, 2.864, -2.831, 2.827, 2.845, -2.841, 3.496, -3.504, 2.926, -2.927, 2.937, -2.928, -2.906, -2.921, 2.942, 2.93, -2.996, 3.013, -2.996, 3.733, 2.948, -2.978, 2.949, -2.963, -0.019, 0.017, -0.023, 0.021, 0.017, -0.021, 0.012, -0.013, 0.0, -0.002, 0.012, -0.012, -0.001, -0.0, -0.006, 0.005, -0.031, 0.03, 0.001, -0.004, 0.009, -0.013, 0.023, -0.024, -0.016, 0.018, -0.02, 0.021, 0.038, -0.019, 0.007, -0.022, -0.016, -0.001, -0.007, -0.0, 0.028, 0.011, 0.004, 0.012, 0.031, -0.035, 0.006, 0.005, 0.018, -0.031, 0.016, -0.005, -0.016, 0.098, -0.016, 0.016, 0.021, 0.005, 0.024, 0.004, 0.003, -0.003, -0.006, -0.007, 0.007, 0.006],
 "magmom": -0.0108297,
 "magmoms": [-4.207, -4.255, 4.207, 4.254, -2.874, 2.874, -2.846, 2.845, 2.842, -2.843, 3.369, -3.37, 2.943, -2.943, 2.943, -2.943, -2.925, -2.938, 2.936, 2.924, -3.022, 3.018, -3.025, 3.032, 2.734, -2.714, 2.72, -2.739, -0.019, 0.019, -0.022, 0.022, 0.021, -0.021, -0.007, 0.007, -0.003, 0.004, 0.014, -0.014, -0.008, 0.007, -0.009, 0.01, -0.03, 0.03, -0.023, 0.022, 0.008, -0.008, 0.016, -0.016, -0.024, 0.024, -0.025, 0.025, 0.013, -0.015, 0.015, -0.013, -0.012, 0.007, -0.008, 0.013, 0.039, -0.05, -0.035, 0.028, 0.051, -0.04, 0.039, -0.031, 0.02, -0.015, 0.014, -0.02, 0.009, -0.014, 0.011, -0.007, 0.344, -0.342, 0.33, -0.34, 0.003, -0.003, -0.007, -0.005, 0.005, 0.007],
 "mtime": 23.01899476719035,
 "numbers": [25, 25, 25, 25, 25, 25, 25, 25, 25, 25, 25, 25, 25, 25, 25, 25, 25, 25, 25, 25, 25, 25, 25, 25, 25, 25, 25, 25, 8, 8, 8, 8, 8, 8, 8, 8, 8, 8, 8, 8, 8, 8, 8, 8, 8, 8, 8, 8, 8, 8, 8, 8, 8, 8, 8, 8, 8, 8, 8, 8, 8, 8, 8, 8, 8, 8, 8, 8, 8, 8, 8, 8, 8, 8, 8, 8, 8, 8, 8, 8, 8, 8, 8, 8, 19, 19, 1, 1, 1, 1],
 "pbc": [true, true, true],