{"1": {
 "calculator": "vasp",
 "calculator_parameters": {"amix": 0.1, "amix_mag": 0.1, "bmix": 0.0001, "bmix_mag": 0.0001, "encut": 500, "sigma": 0.05, "ediff": 1e-05, "ediffg": -0.02, "algo": "normal", "gga": "PE", "prec": "Normal", "ibrion": 2, "isif": 2, "ismear": 0, "ispin": 2, "istart": 1, "kpar": 10, "ldauprint": 2, "ldautype": 2, "lmaxmix": 6, "lorbit": 11, "nelm": 250, "npar": 6, "nsw": 199, "inimix": 0, "laechg": true, "lasph": true, "ldau": true, "lvtot": false, "lreal": "Auto", "ldau_luj": {"Ti": {"L": 2, "U": 3.0, "J": 0.0}, "V": {"L": 2, "U": 3.25, "J": 0.0}, "Cr": {"L": 2, "U": 3.5, "J": 0.0}, "Mn": {"L": 2, "U": 2.75, "J": 0.0}, "Fe": {"L": 2, "U": 4.3, "J": 0.0}, "Co": {"L": 2, "U": 3.32, "J": 0.0}, "Ni": {"L": 2, "U": 6.45, "J": 0.0}, "Cu": {"L": 2, "U": 3.0, "J": 0.0}, "Mo": {"L": 2, "U": 4.38, "J": 0.0}, "W": {"L": 2, "U": 6.2, "J": 0.0}, "Ce": {"L": 3, "U": 4.5, "J": 0.0}, "O": {"L": -1, "U": 0.0, "J": 0.0}, "C": {"L": -1, "U": 0.0, "J": 0.0}, "Au": {"L": -1, "U": 0.0, "J": 0.0}, "Ir": {"L": -1, "U": 0.0, "J": 0.0}, "H": {"L": -1, "U": 0.0, "J": 0.0}}, "xc": "PBE", "pp": "PBE", "setups": {"base": "minimal"}, "txt": "-", "kpts": [3, 1, 1], "gamma": true, "reciprocal": false, "ignore_constraints": false},
 "cell": [[5.83582875918556, 0.0, 0.0], [0.0001274773434932, 14.046562130100185, 0.0], [0.0, 0.0, 25.602081270119807]],
 "constraints": [{"name": "FixAtoms", "kwargs": {"indices": [0, 1, 2, 3, 4, 5, 6, 7, 8, 9, 10, 11, 12, 13, 14, 15, 16, 17, 18, 19, 20, 21, 22, 23, 24, 25, 26, 27, 28, 29, 30, 31]}}],
 "ctime": 22.87565033878362,
 "dipole": [[0.0, 0.0, 0.0]],
 "energy": -588.42781682,
 "forces": [[-0.013927, 1.06399, 0.439482], [-0.046336, 0.686056, 0.667057], [0.013832, 1.064212, 0.436725], [0.039956, 0.688473, 0.665578], [0.018359, 0.902011, -0.441593], [0.010227, 0.908172, -0.429696], [0.128394, 0.841142, -0.584793], [-0.128952, 0.86327, -0.588333], [0.069413, 0.109515, 0.103714], [-0.090337, 0.09957, 0.117966], [-0.188912, -1.784192, 0.876289], [0.190748, -1.804559, 0.891252], [-0.136928, 0.289034, 0.200467], [0.149821, 0.278977, 0.18613], [-0.157457, -1.538353, 0.579653], [0.141818, -1.545772, 0.585157], [0.05084, -0.348168, -0.583843], [-0.057701, -0.350678, -0.585117], [0.068479, -0.257857, -0.78094], [-0.074155, -0.257594, -0.780239], [-0.156819, -0.042681, -0.337933], [0.159874, -0.043471, -0.338729], [-0.024457, -0.378516, -0.404491], [0.029615, -0.384321, -0.408116], [-0.045469, -0.100026, 0.090185], [0.066284, -0.103703, 0.083504], [-0.021842, -0.066276, 0.037897], [0.02789, -0.051495, 0.007631], [-0.249944, 0.161102, 0.104345], [0.257287, 0.165958, 0.110649], [0.619747, 0.372398, 0.044103], [-0.653802, 0.394144, 0.023832], [-0.000936, -0.001415, -0.000616], [0.000849, -0.002815, -0.008188], [-0.000837, -0.005614, 0.001198], [-0.008735, -0.007721, -0.002049], [0.000543, 0.002573, 0.007697], [0.000985, 0.003762, -0.000266], [-0.000897, 0.000773, 0.004689], [-4.5e-05, -0.00028, 0.002491], [-0.005248, -0.000156, -0.008068], [0.002091, -0.00197, -0.001922], [0.004999, 0.00945, -0.00157], [0.012278, -0.009004, -0.00997], [-0.000849, 0.001206, -0.003171], [-0.000742, -0.003576, 0.001506], [0.010832, 0.009818, 0.00424], [0.008625, 0.01304, 0.001642], [-0.006619, 0.010135, -0.002605], [-0.011091, -0.002443, -0.000401], [0.003651, 0.007085, 0.000773], [0.003809, 0.007534, 0.003247], [-0.005205, 0.006279, -0.00129], [-0.006686, 0.008034, -0.002036], [-0.002792, 0.007013, -0.005776], [-0.001543, 0.00582, 0.000848], [-0.003115, 0.000466, 0.007001], [-0.002297, 0.003028, -0.012128], [-0.0078, -0.00681, 0.009681], [0.001153, 0.003529, 0.004419], [0.006233, 0.017283, 0.006166], [0.002616, 0.001166, 0.002497], [0.008826, -0.010164, -0.002611], [-0.005213, -0.00297, 0.003555], [0.008633, 0.007429, 0.009823], [0.008129, -0.00831, 0.007069], [-0.003467, 0.01414, -0.003895], [0.000997, 0.007091, 0.003016], [-0.010637, 0.008026, -0.004331], [0.008499, 0.0078, -0.001412], [-0.001055, 0.003462, 0.002523], [0.00455, 0.00594, 0.001229], [0.002551, 0.01351, 0.002281], [0.00291, 0.017714, 0.004055], [-0.009929, 0.012745, -0.006133], [-0.001088, 0.002335, -0.004157], [-0.00233, -0.004629, -0.000899], [-0.000172, 0.008301, -0.00369], [0.002551, 0.004757, 0.004807], [0.003032, -0.001549, 0.005772], [-0.007067, 0.009523, 0.004304], [0.001509, -0.001701, -0.007134]],
 "initial_magmoms": [-2.8000000000000003, -2.9000000000000004, 2.8000000000000003, 2.9000000000000004, 0.0, 0.0, 0.0, 0.0, 0.0, 0.0, 0.0, 0.0, 0.0, 0.0, 0.0, 0.0, -2.9000000000000004, 2.9000000000000004, -2.9000000000000004, 2.9000000000000004, 2.9000000000000004, -2.9000000000000004, 3.6, -3.6, 0.0, 0.0, 0.0, 0.0, 0.0, 0.0, 0.0, 0.0, 0.0, 0.0, 0.0, 0.0, 2.9000000000000004, -2.9000000000000004, 2.9000000000000004, -2.9000000000000004, 0.0, 0.0, 0.0, 0.0, 0.0, 0.0, 0.0, 0.0, 0.0, 0.0, -2.8000000000000003, -2.9000000000000004, 2.8000000000000003, 2.9000000000000004, 0.0, 0.0, 0.0, 0.0, 0.0, 0.0, 0.0, 0.0, 0.0, 0.0, 0.0, 0.0, -2.9000000000000004, 2.9000000000000004, -2.9000000000000004, 2.9000000000000004, 2.9000000000000004, -2.9000000000000004, 3.6, -3.6, 0.0, 0.0, 0.0, 0.0, 0.0, 0.0, 0.0, 0.0],
 "magmom": 0.0137754,
 "magmoms": [-4.204, -4.254, 4.204, 4.254, -0.018, 0.018, -0.021, 0.021, 0.02, -0.02, -0.001, 0.001, -0.003, 0.003, 0.013, -0.013, -2.872, 2.871, -2.841, 2.841, 2.844, -2.844, 3.419, -3.417, -0.006, 0.006, -0.01, 0.01, -0.031, 0.031, -0.014, 0.014, 0.009, -0.008, 0.019, -0.019, 2.939, -2.939, 2.946, -2.944, -0.025, 0.025, -0.025, 0.026, 0.004, -0.004, 0.014, -0.014, 0.015, -0.014, -2.949, -2.939, 2.95, 2.936, -0.011, 0.012, -0.017, 0.018, -0.04, 0.04, -0.019, 0.019, 0.011, -0.009, 0.024, -0.024, -2.922, 2.92, -2.909, 2.91, 3.093, -3.104, 3.532, -3.522, -0.058, 0.057, 0.002, 0.001, -0.054, 0.056, -0.057, 0.058],
 "mtime": 22.87565033878362,
 "numbers": [25, 25, 25, 25, 8, 8, 8, 8, 8, 8, 8, 8, 8, 8, 8, 8, 25, 25, 25, 25, 25, 25, 25, 25, 8, 8, 8, 8, 8, 8, 8, 8, 8, 8, 8, 8, 25, 25, 25, 25, 8, 8, 8, 8, 19, 19, 8, 8, 8, 8, 25, 25, 25, 25, 8, 8, 8, 8, 8, 8, 8, 8, 8, 8, 8, 8, 25, 25, 25, 25, 25, 25, 25, 25, 8, 8, 8, 8, 8, 8, 8, 8],
 "pbc": [true, true, false],