{"1": {
 "calculator": "vasp",
 "calculator_parameters": {"amix": 0.1, "amix_mag": 0.1, "bmix": 0.0001, "bmix_mag": 0.0001, "encut": 500, "sigma": 0.05, "ediff": 1e-05, "ediffg": -0.02, "algo": "Normal", "gga": "PE", "prec": "Normal", "ibrion": 2, "isif": 2, "ismear": 0, "ispin": 2, "istart": 1, "ldauprint": 2, "ldautype": 2, "lmaxmix": 4, "lorbit": 11, "nelm": 250, "npar": 6, "nsw": 199, "inimix": 0, "laechg": true, "lasph": true, "ldau": true, "lvtot": false, "lreal": "Auto", "ldau_luj": {"Mn": {"L": 2, "U": 2.75, "J": 0.0}, "O": {"L": -1, "U": 0.0, "J": 0.0}, "H": {"L": -1, "U": 0.0, "J": 0.0}}, "pp": "pbe", "txt": "-", "kpts": [3, 1, 1], "gamma": true, "reciprocal": false, "ignore_constraints": false, "custom": {}},
 "cell": {"array": {"__ndarray__": [[3, 3], "float64", [5.83582875918556, 0.0, 0.0, 0.0001274773434932, 14.046562130100185, 0.0, 0.0, 0.0, 25.602081270119807]]}, "__ase_objtype__": "cell"},
 "constraints": [{"name": "FixAtoms", "kwargs": {"indices": [0, 1, 2, 3, 4, 5, 6, 7, 8, 9, 10, 11, 12, 13, 14, 15, 16, 17, 18, 19, 20, 21, 22, 23, 24, 25, 26, 27, 28, 29, 30, 31]}}],
 "ctime": 25.663873445555772,
 "dipole": {"__ndarray__": [[1, 3], "float64", [0.0, 0.0, 0.0]]},
 "energy": -573.89711022,
 "forces": {"__ndarray__": [[81, 3], "float64", [-0.02057188, 1.09840964, 0.44242381, -0.04237854, 0.70344714, 0.68698833, 0.02436675, 1.08837801, 0.41511691, 0.03481683, 0.69572505, 0.65622251, 0.01876662, 0.86653811, -0.48513475, 0.00790057, 0.90166838, -0.43050205, 0.13082624, 0.80769488, -0.62809178, -0.12917298, 0.86585469, -0.58639314, 0.07159836, 0.0922841, 0.09380458, -0.09344163, 0.13785999, 0.10056831, -0.26187473, -1.82309958, 0.90548675, 0.2902535, -1.84006858, 0.95273799, -0.14104875, 0.31202788, 0.20099766, 0.15382716, 0.34093507, 0.17062921, -0.20571608, -1.54529226, 0.59708914, 0.16615029, -1.55749533, 0.57449716, 0.04044767, -0.36937317, -0.60726762, -0.14102116, -0.40161879, -0.50009804, 0.08599775, -0.26794263, -0.77848703, 0.00605845, -0.30515609, -0.67725107, -0.17359593, -0.00980471, -0.33070475, 0.16294935, -0.07830219, -0.25232991, -0.03370222, -0.37857503, -0.41627148, 0.04078275, -0.42395523, -0.41798392, -0.02257548, -0.06874608, 0.0867907, 0.04179191, -0.07551149, 0.03739083, -0.0239375, -0.04193786, 0.03598089, 0.0156011, -0.0200588, -0.04949737, -0.27191331, 0.14843316, 0.08546776, 0.29119103, 0.212337, 0.09882618, 0.68911598, 0.41268191, 0.02309031, -0.7147517, 0.47479303, 0.02997065, -0.00182627, 0.00207285, -0.00337971, 0.00405575, 0.00273787, -0.00198149, 0.00399449, 0.00288915, -0.01461753, -0.0090887, -0.00149282, 0.00109908, 0.00130386, -0.0030004, -0.00158344, -0.00245067, 0.00180964, -0.00104883, 0.00212172, -0.00068599, 0.00061728, -0.00116435, 0.00073509, -0.00011957, -0.00176204, 4.491e-05, 0.00089879, -0.00403408, -0.00524021, -0.00226903, -0.00240772, -0.00513181, 0.00123675, 0.00433158, 0.00082493, -0.00038582, 0.00055007, 0.00147913, -0.00090235, 0.00169569, 0.00188996, -0.00033474, -0.00045788, 0.00296481, -0.00113056, -0.00283639, -0.00382832, 0.00183243, -0.00351642, -0.00267332, -0.00198863, -0.00491222, -0.0052233, -0.00017436, 0.00360108, 0.00064344, -0.00192443, 0.00375889, 0.00148505, -0.00139081, -0.00127965, 0.00452001, 0.00246834, -0.00103792, 0.00285721, 0.00267188, 0.0013385, 0.00416024, -0.00588143, 0.00818743, 0.01417206, -0.0077437, -0.00452081, 0.00962638, -0.0019275, 0.00224193, 0.01011585, -0.00328765, 0.01594094, -0.00194837, -0.00237678, -0.00421567, -0.00030162, -0.00819155, -0.00088583, -0.00163602, 0.00351664, -0.0085405, 0.00021946, 0.00325515, -0.00573969, -0.01574675, 0.00693671, 0.00188223, 0.00161628, 0.01068112, 0.00155559, -7.332e-05, 0.00994274, -0.00052501, -0.00146174, -0.00284052, 0.00109036, 0.00302023, -0.00323026, 0.00287348, -0.00097275, 0.00024402, -0.0035421, 0.00293355, 0.00122894, -0.00225213, 0.00129401, -0.00748216, -6.664e-05, -0.00022453, 0.00228317, 0.00211748, 0.00307501, -0.00656478, -0.00382887, 0.00015623, 0.00109652, 0.00155067, 0.00606792, 0.00144015, 0.0015288, 0.00065691, 0.00563638, 0.0028815, 0.00043661, -0.00285688, 0.00742571, -0.00012758, -0.00376454, -0.00698039, 0.00766874, -0.00197517, 0.0007998, 0.00022165, -0.00526187, -0.00201778, 0.00188969, 0.0071193, 0.00632179, 0.00335379, -0.00165607]]},
 "free_energy": -573.9133201,
 "initial_magmoms": {"__ndarray__": [[81], "float64", [-2.8000000000000003, -2.9000000000000004, 2.8000000000000003, 2.9000000000000004, 0.0, 0.0, 0.0, 0.0, 0.0, 0.0, 0.0, 0.0, 0.0, 0.0, 0.0, 0.0, -2.9000000000000004, 2.9000000000000004, -2.9000000000000004, 2.9000000000000004, 2.9000000000000004, -2.9000000000000004, 3.6, -3.6, 0.0, 0.0, 0.0, 0.0, 0.0, 0.0, 0.0, 0.0, 0.0, 0.0, 0.0, 0.0, 2.9000000000000004, -2.9000000000000004, 2.9000000000000004, -2.9000000000000004, 0.0, 0.0, 0.0, 0.0, 0.0, 0.0, 0.0, 0.0, 0.0, 0.0, -2.8000000000000003, -2.9000000000000004, 2.8000000000000003, 2.9000000000000004, 0.0, 0.0, 0.0, 0.0, 0.0, 0.0, 0.0, 0.0, 0.0, 0.0, 0.0, 0.0, -2.9000000000000004, 2.9000000000000004, 2.9000000000000004, 2.9000000000000004, -2.9000000000000004, 3.6, -3.6, 0.0, 0.0, 0.0, 0.0, 0.0, 0.0, 0.0, 0.0]]},
 "magmom": 3.6062327,
 "magmoms": {"__ndarray__": [[81], "float64", [-4.203, -4.252, 4.207, 4.255, -0.018, 0.02, -0.021, 0.023, 0.022, -0.015, -0.005, 0.006, -0.002, 0.004, 0.014, -0.014, -2.873, 2.875, -2.844, 2.846, 2.839, -2.848, 3.388, -3.382, -0.007, 0.01, -0.009, 0.01, -0.029, 0.033, -0.018, 0.023, 0.009, -0.005, 0.018, -0.015, 2.943, -2.928, 2.943, -2.951, -0.03, 0.024, -0.02, 0.026, 0.006, -0.004, 0.016, -0.041, 0.017, 0.016, -2.937, -2.954, 2.941, 2.946, -0.011, 0.021, -0.013, -0.029, -0.308, 0.04, -0.01, 0.023, -0.307, 0.032, 0.026, -0.036, -0.978, 2.92, 2.908, 2.865, -3.217, 2.873, -3.313, 0.05, 0.028, 0.046, 0.02, -0.093, 0.068, -0.099, 0.067]]},
 "mtime": 25.663873445555772,
 "numbers": {"__ndarray__": [[81], "int64", [25, 25, 25, 25, 8, 8, 8, 8, 8, 8, 8, 8, 8, 8, 8, 8, 25, 25, 25, 25, 25, 25, 25, 25, 8, 8, 8, 8, 8, 8, 8, 8, 8, 8, 8, 8, 25, 25, 25, 25, 8, 8, 8, 8, 19, 19, 8, 8, 8, 8, 25, 25, 25, 25, 8, 8, 8, 8, 8, 8, 8, 8, 8, 8, 8, 8, 25, 25, 25, 25, 25, 25, 25, 8, 8, 8, 8, 8, 8, 8, 8]]},
 "pbc": {"__ndarray__": [[3], "bool", [true, true, true]]},
 "positions": {"__ndarray__": [[81, 3],