{"1": {
 "calculator": "vasp",
 "calculator_parameters": {"amix": 0.1, "amix_mag": 0.1, "bmix": 0.0001, "bmix_mag": 0.0001, "encut": 500, "sigma": 0.05, "ediff": 1e-05, "ediffg": -0.02, "algo": "Normal", "gga": "PE", "prec": "Normal", "ibrion": 2, "isif": 2, "ismear": 0, "ispin": 2, "istart": 1, "ldauprint": 2, "ldautype": 2, "lmaxmix": 4, "lorbit": 11, "nelm": 250, "npar": 6, "nsw": 199, "inimix": 0, "laechg": true, "lasph": true, "ldau": true, "lvtot": false, "lreal": "Auto", "ldau_luj": {"Mn": {"L": 2, "U": 2.75, "J": 0.0}, "O": {"L": -1, "U": 0.0, "J": 0.0}, "H": {"L": -1, "U": 0.0, "J": 0.0}}, "pp": "pbe", "txt": "-", "kpts": [3, 1, 1], "gamma": true, "reciprocal": false, "ignore_constraints": false, "custom": {}},
 "cell": {"array": {"__ndarray__": [[3, 3], "float64", [5.83582875918556, 0.0, 0.0, 0.0001274773434932, 14.046562130100185, 0.0, 0.0, 0.0, 25.602081270119807]]}, "__ase_objtype__": "cell"},
 "constraints": [{"name": "FixAtoms", "kwargs": {"indices": [0, 1, 2, 3, 4, 5, 6, 7, 8, 9, 10, 11, 12, 13, 14, 15, 16, 17, 18, 19, 20, 21, 22, 23, 24, 25, 26, 27, 28, 29, 30, 31]}}],
 "ctime": 25.664239584174126,
 "dipole": {"__ndarray__": [[1, 3], "float64", [0.0, 0.0, 0.0]]},
 "energy": -564.0545848,
 "forces": {"__ndarray__": [[79, 3], "float64", [-0.01176774, 1.05742248, 0.4323642, -0.04265233, 0.68486183, 0.65483573, 0.01448896, 1.04881564, 0.45413421, 0.04032391, 0.68306146, 0.67025708, 0.01902264, 0.92123128, -0.41796873, 0.01162982, 0.92956517, -0.41584504, 0.12992312, 0.85757041, -0.56412425, -0.12600313, 0.86324949, -0.59214651, 0.0651045, 0.11836251, 0.10392028, -0.08588421, 0.09349156, 0.12383917, -0.19579573, -1.77322466, 0.88678834, 0.15158174, -1.77413696, 0.86355988, -0.1306604, 0.30078172, 0.20094645, 0.14610462, 0.2598168, 0.19130895, -0.14436722, -1.52759186, 0.58069754, 0.14340828, -1.54141215, 0.60263637, 0.00217827, -0.31783385, -0.53672238, -0.04338094, -0.31847594, -0.59742738, 0.12218444, -0.28835727, -0.79871171, -0.07886463, -0.23369092, -0.8102918, -0.09334783, -0.0934996, -0.28457242, 0.14687343, 0.00013243, -0.30232033, -0.06283873, -0.40788788, -0.41763265, 0.02723467, -0.32799177, -0.35180748, -0.0687089, -0.05095378, -0.02512829, 0.07708857, -0.10736493, 0.01382151, -0.02307582, -0.02149199, -0.0490603, 0.02955291, -0.06552432, -0.03176873, -0.26178277, 0.1658985, 0.16231447, 0.2561819, 0.16413358, 0.1089966, 0.57648584, 0.37417147, 0.11387309, -0.61910531, 0.36058554, 0.0207534, -1.64e-05, -0.00541899, -0.00090641, -0.0007179, -0.0002779, -0.00474103, -0.00126559, -0.00242016, 0.00577069, 0.00189203, -0.00308389, -0.00030673, 0.00092087, 0.00013616, 0.00016866, 0.00325139, 0.00253862, 0.00140111, 0.00011135, 0.00012466, 0.00030354, -0.00047304, 0.00113527, 0.00183149, 0.00202135, 0.00073167, -0.00198902, -0.00521406, 0.00454814, 0.00169685, -0.00231959, -0.00049881, 0.00577341, 0.0055207, -0.00779546, 0.00402736, 0.0008353, -0.00243695, 0.00220981, -0.0063747, -0.0015827, 0.0022694, -0.00474836, 0.0007328, 0.00271923, 0.00576505, -0.00154275, 0.00451872, 0.00027635, -0.00228459, -0.00264293, 0.00330362, 0.00537142, 0.00595256, 0.0019292, 0.00163067, 0.00167889, -0.00076702, 0.00144765, -0.00040104, 0.00205785, 0.00086724, -0.00065495, 0.00276902, -0.00132529, 9.21e-06, 0.00357266, 0.00110404, -0.00020324, 0.00329813, 0.00151381, -0.00377308, -0.00563723, -0.00524066, 0.00233745, -0.00250244, 0.00918114, -0.00152564, -0.00296796, -0.00076546, -0.00213939, 0.00467935, -0.00358327, -0.00095835, -0.00215863, -0.00153339, -0.00616946, -0.00624135, -0.01356447, -0.00406062, 0.00352211, -0.00311866, -6.51e-05, -0.00804365, -0.0098725, -0.00876696, 0.00700111, -0.00159577, 0.00078952, -0.00363351, -0.00084482, -0.00310588, -0.00050156, 0.00083261, -0.00074721, 0.00756764, 0.00965764, -0.00368906, -0.00132894, 0.00126681, 0.00024608, 0.00307108, 2.091e-05, -6.345e-05, 0.0037655, 0.00126636, -0.00142599, -0.00078761, 0.00059968, -3.339e-05, 0.01051541, 9.869e-05, 0.01436586, 0.00174155, 0.00586761, 0.00534507, -0.000409, -0.00096707, -0.00570028, -0.00112958, -0.00402675, -0.00019666, 0.00109193, -0.0090314, -0.0047468, -0.0007986, 0.00087415, 0.00023395, 0.00642422, -0.00245007, 0.0058446]]},
 "free_energy": -564.07314697,
 "initial_magmoms": {"__ndarray__": [[79], "float64", [-2.8000000000000003, -2.9000000000000004, 2.8000000000000003, 2.9000000000000004, 0.0, 0.0, 0.0, 0.0, 0.0, 0.0, 0.0, 0.0, 0.0, 0.0, 0.0, 0.0, -2.9000000000000004, 2.9000000000000004, -2.9000000000000004, 2.9000000000000004, 2.9000000000000004, -2.9000000000000004, 3.6, -3.6, 0.0, 0.0, 0.0, 0.0, 0.0, 0.0, 0.0, 0.0, 0.0, 0.0, 0.0, 0.0, 2.9000000000000004, -2.9000000000000004, 2.9000000000000004, -2.9000000000000004, 0.0, 0.0, 0.0, 0.0, 0.0, 0.0, 0.0, 0.0, 0.0, 0.0, -2.8000000000000003, -2.9000000000000004, 2.8000000000000003, 2.9000000000000004, 0.0, 0.0, 0.0, 0.0, 0.0, 0.0, 0.0, 0.0, 0.0, 0.0, 0.0, 0.0, -2.9000000000000004, 2.9000000000000004, -2.9000000000000004, 2.9000000000000004, 2.9000000000000004, 3.6, -3.6, 0.0, 0.0, 0.0, 0.0, 0.0, 0.0]]},
 "magmom": 4.2493681,
 "magmoms": {"__ndarray__": [[79], "float64", [-4.205, -4.256, 4.203, 4.254, -0.019, 0.018, -0.023, 0.021, 0.02, -0.02, 0.001, -0.001, -0.005, 0.003, 0.014, -0.014, -2.871, 2.87, -2.838, 2.837, 2.846, -2.844, 3.418, -3.435, -0.006, 0.005, -0.01, 0.007, -0.031, 0.031, -0.016, 0.012, 0.008, -0.009, 0.019, -0.018, 2.951, -2.941, 2.94, -2.945, -0.028, 0.026, -0.032, 0.026, 0.004, -0.001, -0.005, -0.01, 0.022, -0.024, -2.897, -2.901, 2.93, 2.912, -0.028, 0.027, -0.008, 0.012, -0.041, -0.102, -0.021, 0.061, 0.009, 0.018, 0.073, -0.027, -2.92, 3.611, -2.908, 3.146, 3.1, 3.521, -2.869, -0.057, -0.126, 0.004, -0.146, -0.058, -0.059]]},
 "mtime": 25.664239584174126,
 "numbers": {"__ndarray__": [[79], "int64", [25, 25, 25, 25, 8, 8, 8, 8, 8, 8, 8, 8, 8, 8, 8, 8, 25, 25, 25, 25, 25, 25, 25, 25, 8, 8, 8, 8, 8, 8, 8, 8, 8, 8, 8, 8, 25, 25, 25, 25, 8, 8, 8, 8, 19, 19, 8, 8, 8, 8, 25, 25, 25, 25, 8, 8, 8, 8, 8, 8, 8, 8, 8, 8, 8, 8, 25, 25, 25, 25, 25, 25, 25, 8, 8, 8, 8, 8, 8]]},
 "pbc": {"__ndarray__": [[3], "bool", [true, true, true]]},
 "positions": {"__ndarray__": [[79, 3],