{"1": {
 "calculator": "vasp",
 "calculator_parameters": {"amix": 0.1, "amix_mag": 0.1, "bmix": 0.0001, "bmix_mag": 0.0001, "encut": 500, "sigma": 0.05, "ediff": 1e-05, "ediffg": -0.02, "algo": "normal", "gga": "PE", "prec": "Normal", "ibrion": 2, "isif": 2, "ismear": 0, "ispin": 2, "istart": 1, "kpar": 10, "ldauprint": 2, "ldautype": 2, "lmaxmix": 6, "lorbit": 11, "nelm": 250, "npar": 6, "nsw": 199, "inimix": 0, "laechg": true, "lasph": true, "ldau": true, "lvtot": false, "lreal": "Auto", "ldau_luj": {"Ti": {"L": 2, "U": 3.0, "J": 0.0}, "V": {"L": 2, "U": 3.25, "J": 0.0}, "Cr": {"L": 2, "U": 3.5, "J": 0.0}, "Mn": {"L": 2, "U": 2.75, "J": 0.0}, "Fe": {"L": 2, "U": 4.3, "J": 0.0}, "Co": {"L": 2, "U": 3.32, "J": 0.0}, "Ni": {"L": 2, "U": 6.45, "J": 0.0}, "Cu": {"L": 2, "U": 3.0, "J": 0.0}, "Mo": {"L": 2, "U": 4.38, "J": 0.0}, "W": {"L": 2, "U": 6.2, "J": 0.0}, "Ce": {"L": 3, "U": 4.5, "J": 0.0}, "O": {"L": -1, "U": 0.0, "J": 0.0}, "C": {"L": -1, "U": 0.0, "J": 0.0}, "Au": {"L": -1, "U": 0.0, "J": 0.0}, "Ir": {"L": -1, "U": 0.0, "J": 0.0}, "H": {"L": -1, "U": 0.0, "J": 0.0}}, "xc": "PBE", "pp": "PBE", "setups": {"base": "minimal"}, "txt": "-", "kpts": [3, 1, 1], "gamma": true, "reciprocal": false, "ignore_constraints": false},
 "cell": [[5.835828759, 0.0, 0.0], [0.000127477, 14.04656213, 0.0], [0.0, 0.0, 25.60208127]],
 "constraints": [{"name": "FixAtoms", "kwargs": {"indices": [0, 1, 2, 3, 4, 5, 6, 7, 8, 9, 10, 11, 28, 29, 30, 31, 32, 33, 34, 35, 36, 37, 38, 39, 40, 41, 42, 43, 44, 45, 46, 47]}}],
 "ctime": 23.019368137553055,
 "dipole": [[0.0, 0.0, 0.0]],
 "energy": -645.21429491,
 "forces": [[0.013793, 0.971639, 0.457709], [-0.052581, 0.645897, 0.650425], [-0.012045, 0.975768, 0.480715], [0.05284, 0.657008, 0.666701], [0.051382, -0.243136, -0.626969], [-0.056022, -0.214678, -0.68216], [0.040676, -0.178758, -0.887665], [-0.027761, -0.157711, -0.957846], [-0.157963, -0.071973, -0.444003], [0.152082, 0.018749, -0.420052], [-0.016448, -0.353762, -0.407672], [0.017297, -0.252797, -0.331632], [0.002953, -0.003548, -0.001846], [-0.001033, -0.000801, -0.000453], [0.001685, -0.003716, 0.000824], [-0.000529, -0.001031, 8.1e-05], [-0.000572, -0.003029, 0.001497], [-0.001662, -0.000667, -0.000938], [0.00157, -0.000535, -0.000766], [0.001525, 8.4e-05, 0.001229], [-0.000921, -0.000427, 0.000646], [0.00313, -0.002516, 0.001502], [-0.001427, 0.000566, -0.001162], [0.000531, -0.001442, 0.000219], [-0.00046, 0.000546, 0.002354], [0.002402, 0.001164, 0.005046], [-0.004853, -0.005281, 0.000256], [0.001642, -0.001925, 0.000483], [0.011868, 0.988638, -0.365466], [0.020746, 0.969358, -0.383778], [0.129734, 0.913445, -0.512979], [-0.124988, 0.909787, -0.545587], [0.070261, 0.10355, 0.128039], [-0.085844, 0.082444, 0.152086], [0.006589, -1.674707, 0.736669], [-0.042369, -1.683494, 0.731775], [-0.110677, 0.182219, 0.201702], [0.122119, 0.14848, 0.196922], [-0.062484, -1.513213, 0.566022], [0.070097, -1.520837, 0.570648], [-0.062429, -0.149511, 0.180987], [0.059557, -0.135091, 0.148702], [-0.026189, -0.102039, 0.131389], [0.023898, -0.05158, 0.068096], [-0.187909, 0.143542, 0.1554], [0.192089, 0.12125, 0.162793], [0.423752, 0.243974, 0.111362], [-0.434129, 0.227458, 0.089157], [-0.009377, 0.001236, -0.005453], [0.005145, 0.00284, 0.002967], [0.005554, -0.002653, -0.007241], [0.006733, 0.006412, -0.000188], [0.002109, 0.003788, 0.001222], [-0.010531, -0.000344, 0.004879], [-0.003534, 0.004103, 0.000778], [-0.00274, -0.008292, 0.002486], [-0.019115, 0.003283, 0.001232], [0.000442, 0.008362, 0.006779], [0.002145, -0.005994, 0.002125], [0.003124, 0.002661, -0.002987], [0.001687, 0.006032, -0.003411], [0.001266, -0.005251, 0.003066], [-0.002232, -0.002149, 0.002732], [0.003044, 0.002111, -0.005419], [0.007154, 0.003084, 0.001079], [0.002318, 0.00459, 0.000355], [-0.00658, 0.003116, -0.007828], [0.001625, -0.00664, -0.009121], [0.001532, 0.006061, -0.004357], [0.001492, 0.002831, -0.001118], [-0.005247, -0.004771, 0.00095], [0.001202, 0.007575, -0.008632], [0.007414, 0.006444, -0.003821], [-0.005002, -0.004929, 0.000727], [0.003538, 0.005779, 0.001487], [0.002763, -0.002776, 0.00237], [0.004199, -0.000182, 0.003286], [-0.006051, -0.003515, 0.000443], [-0.000822, -0.001402, 0.004524], [-0.006506, 0.000492, 0.006808], [-0.005478, -0.003562, -0.000518], [0.003918, 0.006812, -0.017776], [-0.003167, -0.001927, 0.007017], [0.010833, -0.000696, -0.007579], [0.001804, 0.000798, -0.000446], [0.000727, 0.000584, -0.001036], [0.002919, 0.011754, -0.008062], [0.001767, -0.010479, 0.010181], [-0.010466, 0.001047, -0.007129], [0.007135, -0.003238, 0.005017], [0.003658, -0.004583, 0.000879], [0.002322, -0.007314, -0.000533], [-0.005646, 0.001542, -0.001198]],
 "initial_magmoms": [-4.202, -4.257, 4.198, 4.254, -2.867, 2.864, -2.831, 2.827, 2.845, -2.841, 3.496, -3.504, 2.926, -2.927, 2.937, -2.928, -2.906, -2.921, 2.942, 2.93, -2.996, 3.013, -2.996, 3.733, 2.948, -2.978, 2.949, -2.963, -0.019, 0.017, -0.023, 0.021, 0.017, -0.021, 0.012, -0.013, 0.0, -0.002, 0.012, -0.012, -0.001, -0.0, -0.006, 0.005, -0.031, 0.03, 0.001, -0.004, 0.009, -0.013, 0.023, -0.024, -0.016, 0.018, -0.02, 0.021, 0.038, -0.019, 0.007, -0.022, -0.016, -0.001, -0.007, -0.0, 0.028, 0.011, 0.004, 0.012, 0.031, -0.035, 0.006, 0.005, 0.018, -0.031, 0.016, -0.005, -0.016, 0.098, -0.016, 0.016, 0.021, 0.005, 0.024, 0.004, 0.003, -0.003, 0.004, 0.005, -0.005, -0.004, -0.006, -0.007, 0.007],
 "magmom": -0.0316679,
 "magmoms": [-4.202, -4.257, 4.199, 4.255, -2.866, 2.864, -2.83, 2.827, 2.845, -2.846, 3.498, -3.509, 2.934, -2.927, 2.937, -2.927, -2.947, -2.951, 2.938, 2.937, -3.0, 2.966, -3.015, 2.982, 2.916, -2.957, 2.932, -2.983, -0.018, 0.017, -0.022, 0.021, 0.018, -0.019, 0.012, -0.014, -0.0, -0.001, 0.012, -0.012, -0.001, -0.001, -0.006, 0.004, -0.032, 0.031, 0.002, -0.003, 0.01, -0.011, 0.024, -0.024, -0.017, 0.017, -0.02, 0.021, 0.019, -0.021, 0.02, -0.02, -0.016, 0.004, -0.019, 0.004, 0.037, -0.05, -0.001, 0.013, 0.035, 0.002, 0.013, -0.011, 0.018, 0.045, 0.015, -0.023, -0.003, 0.024, -0.01, 0.025, 0.011, 0.025, 0.008, 0.011, 0.003, -0.003, 0.007, 0.007, -0.004, -0.005, -0.006, -0.006, 0.006],
 "mtime": 23.019368137553055,
 "numbers": [25, 25, 25, 25, 25, 25, 25, 25, 25, 25, 25, 25, 25, 25, 25, 25, 25, 25, 25, 25, 25, 25, 25, 25, 25, 25, 25, 25, 8, 8, 8, 8, 8, 8, 8, 8, 8, 8, 8, 8, 8, 8, 8, 8, 8, 8, 8, 8, 8, 8, 8, 8, 8, 8, 8, 8, 8, 8, 8, 8, 8, 8, 8, 8, 8, 8, 8, 8, 8, 8, 8, 8, 8, 8, 8, 8, 8, 8, 8, 8, 8, 8, 8, 8, 19, 19, 1, 1, 1, 1, 1, 1, 1],
 "pbc": [true, true, true],