{"1": {
 "calculator": "vasp",
 "calculator_parameters": {"amix": 0.1, "amix_mag": 0.1, "bmix": 0.0001, "bmix_mag": 0.0001, "encut": 500, "sigma": 0.05, "ediff": 1e-05, "ediffg": -0.02, "algo": "Normal", "gga": "PE", "prec": "Normal", "ibrion": 2, "isif": 2, "ismear": 0, "ispin": 2, "istart": 1, "ldauprint": 2, "ldautype": 2, "lmaxmix": 4, "lorbit": 11, "nelm": 250, "npar": 6, "nsw": 199, "inimix": 0, "laechg": true, "lasph": true, "ldau": true, "lvtot": false, "lreal": "Auto", "ldau_luj": {"Mn": {"L": 2, "U": 2.75, "J": 0.0}, "O": {"L": -1, "U": 0.0, "J": 0.0}, "H": {"L": -1, "U": 0.0, "J": 0.0}}, "pp": "pbe", "txt": "-", "kpts": [3, 1, 1], "gamma": true, "reciprocal": false, "ignore_constraints": false, "custom": {}},
 "cell": {"array": {"__ndarray__": [[3, 3], "float64", [5.835828759, 0.0, 0.0, 0.000127477, 14.04656213, 0.0, 0.0, 0.0, 25.60208127]]}, "__ase_objtype__": "cell"},
 "constraints": [{"name": "FixAtoms", "kwargs": {"indices": [0, 1, 2, 3, 4, 5, 6, 7, 8, 9, 10, 11, 27, 28, 29, 30, 31, 32, 33, 34, 35, 36, 37, 38, 39, 40, 41, 42, 43, 44, 45, 46]}}],
 "ctime": 25.665000887971885,
 "dipole": {"__ndarray__": [[1, 3], "float64", [0.0, 0.0, 0.0]]},
 "energy": -604.72895121,
 "forces": {"__ndarray__": [[87, 3], "float64", [-0.08508696, 1.28506836, 0.29582261, -0.00276324, 0.77069366, 0.63323017, 0.07585235, 1.23202074, 0.32283764, 0.01203515, 0.7454673, 0.63380679, 0.04010456, -0.72561088, -0.55010023, -0.13424924, -0.69626227, -0.44736554, 0.16215563, -0.54930932, -0.59896965, -0.05104786, -0.53938624, -0.51580509, -0.18240117, -0.04679321, -0.12695601, 0.17339154, -0.06328499, -0.04960985, -0.04479101, -0.62712051, -0.63814676, 0.05247425, -0.53495047, -0.46113343, 0.00493855, 0.00066601, -0.00153344, 0.00168331, 0.0025171, 0.00332656, -0.00164616, -0.00046112, 0.00294812, 0.00569729, 0.00037225, -0.00133561, -0.00148492, -0.00224087, 0.00130545, 0.00216174, 0.00087008, -0.00018891, -8.621e-05, 0.00462936, -0.00679343, -0.00209837, 0.00312721, -0.00343216, 0.01235708, -0.0038081, 0.00282143, -0.00050978, -0.00221215, -0.0011337, 0.00139843, 0.00017293, 0.00038006, 0.00427819, 0.00016722, 0.00522254, 0.00312179, -0.00213308, 0.00393136, -0.00165577, -0.00074291, -0.00591457, 0.00281284, 0.00557744, -0.00107063, 0.0292835, 0.77409057, -0.51186327, -0.00623003, 0.81788017, -0.46856976, 0.13514466, 0.77081424, -0.6463677, -0.12976403, 0.82622646, -0.60947007, 0.07827529, 0.11206337, 0.04420008, -0.09482946, 0.18412819, 0.05080573, -0.96747404, -2.19051019, 1.36111081, 0.78173041, -2.08864107, 1.29387881, -0.18520842, 0.53902763, 0.20289652, 0.18431396, 0.55267395, 0.16178702, -0.43000489, -1.62597488, 0.68550539, 0.50103643, -1.70295868, 0.67613748, -0.02655088, 0.0434618, -0.01317505, 0.02321614, 0.17382143, -0.20152066, -0.01521033, -0.00801501, -0.04340937, 0.02250816, 0.17199445, -0.27625958, -0.54753818, 0.32660467, -0.02726202, 0.48938944, 0.31624013, 0.00229705, 1.33008336, 0.87654039, -0.11542419, -1.19446048, 0.79648885, -0.09938032, -0.00335342, -0.00130745, 0.00531412, 0.01273643, 0.00074304, -0.00483942, 0.00545897, -0.00348839, -0.0057035, 0.0004453, -0.01145446, 0.0105925, -0.00296936, 0.00261917, 0.0060119, -0.01285695, -0.00208195, 0.00455413, -0.00431796, 0.00379434, 0.0048915, 0.00688012, -0.00025068, -0.00322068, -0.00494142, -0.00078841, -0.00729289, -0.00070881, -0.00081221, 0.00098314, 0.00294754, -0.00596731, 0.00740876, 0.00459566, -0.0034364, 0.00433862, 0.00419306, -0.00548124, 0.00182472, 0.00627694, 0.00595186, -0.0004048, -0.00297698, 0.00579759, -0.00349971, 0.01020884, 0.00692698, -0.00460229, 0.00515508, 1.471e-05, 0.01118188, 0.00094295, 0.00634457, -0.00429103, 0.00773307, 0.0092774, 0.00228193, -0.01016692, -0.00651695, -0.00390409, -0.00206602, 0.0061701, 0.00434497, 9.497e-05, 0.00462114, -0.00531364, -0.00426187, 0.00436786, -0.00024722, -0.00108839, 0.00705505, -0.00317594, 0.00343226, 0.00254103, 0.00429056, -0.00080632, -0.00085247, 0.00264045, -0.00530716, 0.00966247, -0.00202023, -0.00491498, -0.01162567, 0.00707519, -0.01555629, 0.00885393, -0.00040095, 0.00117588, 0.00424094, -0.00617889, -0.00310865, 0.00871004, 0.00156453, -0.00015838, 0.00599818, 0.00648623, 0.00279901, 0.01347611, -0.00310496, -0.00837121, 0.00646228, 0.01265001, -0.00247708, 0.00186812, 0.00481042, 0.00079966, 0.00078004, 0.00073553, 0.00070825, 0.00775382, -0.00361723, 0.00749665, -0.00042527, -0.00075756, -0.00894425, -0.00610257, -0.00323032, -0.00908086, 0.00357064, -0.00023637]]},
 "free_energy": -604.74589006,
 "initial_magmoms": {"__ndarray__": [[87], "float64", [-4.224, -4.259, 4.22, 4.258, -2.878, 2.879, -2.861, 2.859, 2.827, -2.844, 3.033, -3.152, 2.968, -2.951, 2.97, -2.96, -2.936, -2.905, 2.905, 2.913, -2.871, 2.959, 2.949, 2.914, -2.915, 2.916, -2.927, -0.029, 0.028, -0.031, 0.029, 0.026, -0.018, -0.027, 0.023, 0.003, 0.002, 0.011, -0.009, -0.021, 0.02, -0.016, 0.015, -0.025, 0.031, -0.055, 0.053, 0.006, 0.003, -0.001, 0.015, -0.035, 0.037, -0.032, 0.031, 0.004, -0.031, 0.004, 0.015, -0.016, 0.02, -0.02, -0.014, 0.027, -0.033, -0.019, 0.017, 0.027, -0.031, 0.023, -0.055, -0.221, -0.049, -0.174, 0.007, -0.04, 0.01, 0.047, -0.421, 0.045, -0.419, 0.003, -0.005, 0.007, 0.007, -0.007, -0.007]]},
 "magmom": 1.3589889,
 "magmoms": {"__ndarray__": [[87], "float64", [-4.223, -4.258, 4.22, 4.258, -2.878, 2.88, -2.861, 2.859, 2.828, -2.844, 3.031, -3.152, 2.969, -2.95, 2.971, -2.959, -2.935, -2.904, 2.906, 2.915, -2.876, 2.959, 2.948, 2.913, -2.913, 2.915, -2.927, -0.029, 0.027, -0.03, 0.028, 0.026, -0.018, -0.027, 0.023, 0.003, 0.003, 0.011, -0.009, -0.021, 0.02, -0.017, 0.015, -0.025, 0.031, -0.055, 0.054, 0.006, 0.003, -0.0, 0.016, -0.035, 0.038, -0.033, 0.031, 0.003, -0.032, 0.004, 0.014, -0.017, 0.02, -0.02, -0.014, 0.028, -0.033, -0.02, 0.018, 0.028, -0.031, 0.021, -0.054, -0.225, -0.045, -0.176, 0.008, -0.039, 0.01, 0.041, -0.423, 0.032, -0.419, 0.003, -0.005, 0.007, 0.007, -0.007, -0.007]]},
 "mtime": 25.665000887971885,
 "numbers": {"__ndarray__": [[87], "int64", [25, 25, 25, 25, 25, 25, 25, 25, 25, 25, 25, 25, 25, 25, 25, 25, 25, 25, 25, 25, 25, 25, 25, 25, 25, 25, 25, 8, 8, 8, 8, 8, 8, 8, 8, 8, 8, 8, 8, 8, 8, 8, 8, 8, 8, 8, 8, 8, 8, 8, 8, 8, 8, 8, 8, 8, 8, 8, 8, 8, 8, 8, 8, 8, 8, 8, 8, 8, 8, 8, 8, 8, 8, 8, 8, 8, 8, 8, 8, 8, 8, 19, 19, 1, 1, 1, 1]]},
 "pbc": {"__ndarray__": [[3], "bool", [true, true, true]]},
 "positions": {"__ndarray__": [[87, 3],