{"1": {
 "calculator": "vasp",
 "calculator_parameters": {"amix": 0.1, "amix_mag": 0.1, "bmix": 0.0001, "bmix_mag": 0.0001, "encut": 500, "sigma": 0.05, "ediff": 1e-05, "ediffg": -0.02, "algo": "normal", "gga": "PE", "prec": "Normal", "ibrion": 2, "isif": 2, "ismear": 0, "ispin": 2, "istart": 1, "kpar": 10, "ldauprint": 2, "ldautype": 2, "lmaxmix": 6, "lorbit": 11, "nelm": 250, "npar": 6, "nsw": 199, "inimix": 0, "laechg": true, "lasph": true, "ldau": true, "lvtot": false, "lreal": "Auto", "ldau_luj": {"Ti": {"L": 2, "U": 3.0, "J": 0.0}, "V": {"L": 2, "U": 3.25, "J": 0.0}, "Cr": {"L": 2, "U": 3.5, "J": 0.0}, "Mn": {"L": 2, "U": 2.75, "J": 0.0}, "Fe": {"L": 2, "U": 4.3, "J": 0.0}, "Co": {"L": 2, "U": 3.32, "J": 0.0}, "Ni": {"L": 2, "U": 6.45, "J": 0.0}, "Cu": {"L": 2, "U": 3.0, "J": 0.0}, "Mo": {"L": 2, "U": 4.38, "J": 0.0}, "W": {"L": 2, "U": 6.2, "J": 0.0}, "Ce": {"L": 3, "U": 4.5, "J": 0.0}, "O": {"L": -1, "U": 0.0, "J": 0.0}, "C": {"L": -1, "U": 0.0, "J": 0.0}, "Au": {"L": -1, "U": 0.0, "J": 0.0}, "Ir": {"L": -1, "U": 0.0, "J": 0.0}, "H": {"L": -1, "U": 0.0, "J": 0.0}}, "xc": "PBE", "pp": "PBE", "setups": {"base": "minimal"}, "txt": "-", "kpts": [3, 1, 1], "gamma": true, "reciprocal": false, "ignore_constraints": false},
 "cell": [[5.835828759, 0.0, 0.0], [0.000127477, 14.04656213, 0.0], [0.0, 0.0, 25.60208127]],
 "constraints": [{"name": "FixAtoms", "kwargs": {"indices": [0, 1, 2, 3, 4, 5, 6, 7, 8, 9, 10, 11, 28, 29, 30, 31, 32, 33, 34, 35, 36, 37, 38, 39, 40, 41, 42, 43, 44, 45, 46, 47]}}],
 "ctime": 23.02082637837883,
 "dipole": [[0.0, 0.0, 0.0]],
 "energy": -621.98399886,
 "forces": [[-0.034348, 1.122736, 0.398932], [-0.036054, 0.703966, 0.657397], [0.030717, 1.118979, 0.419202], [0.032739, 0.7086, 0.670889], [0.040466, -0.444033, -0.532151], [-0.045851, -0.414104, -0.570689], [0.103266, -0.32856, -0.68388], [-0.100955, -0.312483, -0.741647], [-0.169236, -0.049759, -0.272465], [0.158959, -0.008754, -0.280989], [-0.037132, -0.446429, -0.446989], [0.048264, -0.384057, -0.405873], [-0.000851, -0.00182, 0.000604], [0.001963, 0.001749, -0.000856], [-0.001297, -0.002685, 0.000168], [0.000872, -0.001077, -0.001119], [0.000235, -0.000878, -0.002773], [0.000751, -0.000591, -0.002326], [-0.00104, 0.000434, 0.000743], [-0.001537, -0.001736, -0.001377], [0.000826, 0.001273, 0.000285], [0.001221, 0.002582, 0.002235], [0.00082, 0.00043, -0.001147], [0.000528, -0.002199, 0.004123], [-0.001199, 0.001532, -0.001464], [-0.000462, 0.001811, 0.002036], [0.001737, 0.001389, -0.003043], [0.001095, -0.000983, 0.000972], [0.022857, 0.871853, -0.45284], [0.005257, 0.86325, -0.461759], [0.129782, 0.822062, -0.592791], [-0.129232, 0.830358, -0.615145], [0.072624, 0.117651, 0.092413], [-0.090987, 0.094117, 0.110758], [-0.395436, -1.898404, 1.003341], [0.346204, -1.894427, 0.990836], [-0.152292, 0.373482, 0.200812], [0.159255, 0.336808, 0.190994], [-0.223931, -1.573585, 0.593108], [0.235645, -1.587737, 0.603165], [-0.036423, -0.021155, 0.040042], [0.038625, 0.024155, -0.011393], [-0.016572, 0.001824, -0.007706], [0.02855, 0.060241, -0.077322], [-0.313822, 0.212473, 0.080501], [0.30856, 0.18817, 0.094399], [0.793313, 0.515567, 0.022019], [-0.792334, 0.48896, 0.003506], [0.003748, 0.001708, -0.005019], [0.003878, 0.002191, 0.001101], [0.006133, -0.004207, 0.00016], [0.006611, -0.000736, 0.000497], [0.000538, -0.002594, -0.00198], [0.005077, -0.001714, 0.003385], [-0.008087, -0.00057, -0.004242], [-0.002582, -0.003509, -0.000457], [8e-05, -0.003467, -0.00287], [0.005845, -0.009025, -0.000897], [0.001192, 0.005584, -0.00057], [-0.00257, -0.003723, -0.002351], [0.002435, 0.002482, 0.0027], [0.007427, 0.006416, 0.001693], [0.00427, -0.005453, -0.007555], [-0.001007, -0.015762, -0.000479], [0.002788, -0.007595, 0.009121], [0.000948, -0.00376, -0.00508], [-0.000746, -0.010729, 3.6e-05], [0.004019, 0.010388, 0.006666], [-0.00425, -0.003514, 0.00365], [-0.005772, -0.0079, 0.001385], [0.002718, -0.004136, -0.004891], [-0.005956, 0.010147, -0.005998], [-0.002724, 0.002527, -0.002957], [0.003585, -0.010503, -0.002063], [-0.003216, 0.002884, 0.002425], [0.00538, -0.007986, -0.00708], [3.4e-05, 0.002508, -0.006523], [-0.003115, -0.007166, 0.0011], [-0.005866, -0.004814, 0.004749], [0.000609, 0.005432, 0.003297], [-0.00237, 0.000913, 0.008997], [-0.002899, -0.003631, -0.000566], [-0.014018, 0.00495, -0.003085], [0.007679, 0.001102, -0.00546], [0.000464, -0.002731, 0.001213], [-0.00098, -0.003535, -7.3e-05], [0.002971, 0.002268, 0.001292], [0.003907, -0.009203, 0.001366], [-0.000314, -0.014535, -0.000371]],
 "initial_magmoms": [-4.21, -4.256, 4.207, 4.254, -2.875, 2.874, -2.849, 2.846, 2.842, -2.841, 3.336, -3.353, 2.946, -2.942, 2.947, -2.943, -2.945, -2.933, 2.933, 2.917, -3.01, 2.98, -3.027, 2.989, 2.716, -2.745, 2.727, -2.795, -0.02, 0.019, -0.023, 0.022, 0.021, -0.022, -0.01, 0.009, -0.004, 0.003, 0.014, -0.013, -0.01, 0.008, -0.011, 0.009, -0.031, 0.03, -0.028, 0.025, 0.006, -0.008, 0.015, -0.014, -0.024, 0.026, -0.025, 0.027, 0.012, -0.011, 0.014, -0.015, -0.022, 0.01, -0.02, 0.002, 0.043, -0.063, -0.019, 0.032, 0.054, -0.015, 0.044, -0.033, 0.023, -0.055, 0.016, -0.016, 0.01, -0.0, -0.004, 0.011, 0.479, -0.533, 0.515, -0.501, 0.003, -0.003, -0.008, -0.005, 0.007],
 "magmom": -0.2772537,
 "magmoms": [-4.21, -4.255, 4.207, 4.254, -2.875, 2.874, -2.849, 2.846, 2.842, -2.841, 3.336, -3.353, 2.945, -2.943, 2.947, -2.943, -2.944, -2.932, 2.933, 2.919, -3.01, 2.978, -3.028, 2.987, 2.716, -2.746, 2.725, -2.798, -0.02, 0.019, -0.023, 0.021, 0.021, -0.022, -0.01, 0.009, -0.004, 0.003, 0.014, -0.013, -0.01, 0.008, -0.011, 0.009, -0.031, 0.03, -0.028, 0.025, 0.006, -0.008, 0.015, -0.014, -0.024, 0.026, -0.025, 0.027, 0.012, -0.012, 0.014, -0.015, -0.022, 0.01, -0.02, 0.002, 0.043, -0.062, -0.02, 0.031, 0.054, -0.015, 0.044, -0.033, 0.023, -0.055, 0.017, -0.015, 0.01, 0.001, -0.004, 0.011, 0.481, -0.53, 0.518, -0.499, 0.003, -0.003, -0.008, -0.005, 0.007],
 "mtime": 23.02082637837883,
 "numbers": [25, 25, 25, 25, 25, 25, 25, 25, 25, 25, 25, 25, 25, 25, 25, 25, 25, 25, 25, 25, 25, 25, 25, 25, 25, 25, 25, 25, 8, 8, 8, 8, 8, 8, 8, 8, 8, 8, 8, 8, 8, 8, 8, 8, 8, 8, 8, 8, 8, 8, 8, 8, 8, 8, 8, 8, 8, 8, 8, 8, 8, 8, 8, 8, 8, 8, 8, 8, 8, 8, 8, 8, 8, 8, 8, 8, 8, 8, 8, 8, 8, 8, 8, 8, 19, 19, 1, 1, 1],
 "pbc": [true, true, true],