{"1": {
 "calculator": "vasp",
 "calculator_parameters": {"amix": 0.1, "amix_mag": 0.1, "bmix": 0.0001, "bmix_mag": 0.0001, "encut": 500, "sigma": 0.05, "ediff": 1e-05, "ediffg": -0.02, "algo": "Normal", "gga": "PE", "prec": "Normal", "ibrion": 2, "isif": 2, "ismear": 0, "ispin": 2, "istart": 1, "ldauprint": 2, "ldautype": 2, "lmaxmix": 4, "lorbit": 11, "nelm": 250, "npar": 6, "nsw": 199, "inimix": 0, "laechg": true, "lasph": true, "ldau": true, "lvtot": false, "lreal": "Auto", "ldau_luj": {"Mn": {"L": 2, "U": 2.75, "J": 0.0}, "O": {"L": -1, "U": 0.0, "J": 0.0}, "H": {"L": -1, "U": 0.0, "J": 0.0}}, "pp": "pbe", "txt": "-", "kpts": [3, 1, 1], "gamma": true, "reciprocal": false, "ignore_constraints": false, "custom": {}},
 "cell": {"array": {"__ndarray__": [[3, 3], "float64", [5.835828759, 0.0, 0.0, 0.000127477, 14.04656213, 0.0, 0.0, 0.0, 25.60208127]]}, "__ase_objtype__": "cell"},
 "constraints": [{"name": "FixAtoms", "kwargs": {"indices": [0, 1, 2, 3, 4, 5, 6, 7, 8, 9, 10, 11, 27, 28, 29, 30, 31, 32, 33, 34, 35, 36, 37, 38, 39, 40, 41, 42, 43, 44, 45, 46]}}],
 "ctime": 25.665047137664118,
 "dipole": {"__ndarray__": [[1, 3], "float64", [0.0, 0.0, 0.0]]},
 "energy": -585.72380564,
 "forces": {"__ndarray__": [[83, 3], "float64", [-0.05819074, 1.19687139, 0.36012067, -0.02144187, 0.73372811, 0.65934536, 0.04793409, 1.16483495, 0.39218142, 0.02458562, 0.72436222, 0.66649011, 0.04417894, -0.57752224, -0.52734668, -0.1444777, -0.52213035, -0.49821872, 0.12179248, -0.43788369, -0.63355869, -0.0208503, -0.40191049, -0.63322795, -0.17355346, -0.08769619, -0.28828383, 0.16917059, -0.02110647, -0.15198506, -0.04065258, -0.57376391, -0.59151024, 0.05644909, -0.43284262, -0.40139801, -0.000182, -0.00061959, -0.0023374, -0.00059278, -0.00103515, 0.00189499, -0.00088521, 0.00193068, -0.00203696, 0.00198065, 0.00158823, 0.00531212, 0.00097241, 0.0025881, 0.00034616, 0.00053051, 0.00463608, 0.00127423, -0.00185266, 0.00365372, 0.00139847, -3.206e-05, 0.00186925, 0.00753537, -0.00658333, 0.00461969, -0.00340779, -0.00509642, 0.00343254, -0.00514859, -0.00365059, 0.00270053, 0.00013473, -0.00566032, 0.00235176, -0.00282671, 0.00522845, -0.0025651, 0.01167248, -0.00371958, 0.00356365, -0.00338033, -0.00280719, 0.00960703, 0.00932806, 0.02391137, 0.8230603, -0.48970492, 0.00045705, 0.83984003, -0.47407806, 0.13354908, 0.79110581, -0.63006816, -0.13067219, 0.82301352, -0.61998351, 0.07626042, 0.11708728, 0.06719386, -0.0939554, 0.13608091, 0.07894622, -0.63141369, -2.02892526, 1.14227281, 0.51943675, -1.96126598, 1.10344644, -0.16789866, 0.45569039, 0.20019951, 0.17175973, 0.42931239, 0.16961723, -0.30334577, -1.58389329, 0.62905793, 0.33913687, -1.63900182, 0.61233068, -0.01493292, -0.01204308, 0.04652811, 0.05289598, 0.09611648, -0.09230798, -0.0054288, -0.02866296, 0.00172815, 0.02249563, 0.12195726, -0.17062527, -0.4046507, 0.25580689, 0.03834214, 0.38268577, 0.23188317, 0.04878229, 1.02627921, 0.676256, -0.04147828, -0.94515194, 0.60653406, -0.04136278, 0.00263655, -0.00367608, 0.00144218, -0.00156304, -0.00246746, 0.00553721, -0.00237208, 0.00255851, 0.00530134, 0.00584401, -0.00170843, 0.00227866, -0.01080021, 0.00282712, 0.00042178, -0.0023494, 0.00403284, -0.00589744, -0.00076137, 0.0048758, -0.00045914, -0.00329311, 0.00103382, 0.00092857, 0.00258204, 0.00432837, -0.00374273, -0.00443533, -0.00272828, -0.00197032, 0.00048596, -0.00084389, -0.00133375, 0.00271589, -0.00085587, 0.00862796, -0.00231105, -0.00198545, -0.00076268, 0.00382563, -0.0024656, 0.00539827, -0.01008096, 0.00719638, 0.00151889, 0.00108396, -0.00238134, 0.00022883, -0.00259992, 0.00739261, -0.00516908, 0.00152189, 0.00498546, -7.744e-05, -0.00588509, 0.00619373, 0.0040615, 0.00425526, 0.00913693, 0.00068438, -0.00052726, 0.00066542, 0.00258375, -0.00108758, 0.00730729, 6.84e-05, -0.00437125, 0.00434466, -0.00251882, 0.00941161, -0.00537895, 0.00300278, -0.00374392, -0.00229987, 0.0003642, -0.00150362, 0.00011086, 0.0018186, -0.0018756, -0.00244271, 0.00109786, 0.00202246, -0.0015548, 0.00192391, -0.00128002, -0.00183985, -0.00172073, -0.00361635, 0.0029879, 0.00249859, 0.00677998, -0.00136243, 0.01065891, -0.0021679, -0.00172593, 0.00484765, -0.01229191, 0.00467298, 0.00463989, 0.00334955, 0.00744583, 0.00436005, -0.00109787, 0.00035318, -0.00154167, -0.00051178, 5.303e-05, -0.000304]]},
 "free_energy": -585.73969692,
 "initial_magmoms": {"__ndarray__": [[83], "float64", [-4.216, -4.256, 4.21, 4.254, -2.877, 2.876, -2.855, 2.852, 2.831, -2.845, 3.205, -3.29, 2.963, -2.928, 2.964, -2.947, -2.947, -2.9, 2.936, 2.925, -2.839, 2.916, 2.922, 3.089, -3.086, 3.066, -3.075, -0.025, 0.022, -0.027, 0.024, 0.024, -0.018, -0.02, 0.015, -0.002, 0.002, 0.014, -0.012, -0.017, 0.012, -0.015, 0.01, -0.028, 0.031, -0.042, 0.037, 0.008, -0.0, 0.011, 0.0, -0.032, 0.03, -0.031, 0.029, 0.006, -0.039, 0.008, 0.009, -0.015, 0.023, -0.012, -0.02, 0.007, 0.003, -0.018, -0.001, 0.017, -0.003, 0.012, -0.028, -0.054, -0.048, -0.013, 0.041, -0.073, 0.056, 0.494, -0.545, 0.475, -0.512, 0.003, -0.005]]},
 "magmom": 2.7125106,
 "magmoms": {"__ndarray__": [[83], "float64", [-4.214, -4.255, 4.211, 4.254, -2.877, 2.877, -2.855, 2.853, 2.832, -2.843, 3.217, -3.281, 2.962, -2.933, 2.965, -2.949, -2.947, -2.9, 2.935, 2.922, -2.84, 2.921, 2.919, 3.077, -3.089, 3.061, -3.081, -0.024, 0.022, -0.026, 0.024, 0.023, -0.019, -0.02, 0.016, -0.002, 0.002, 0.014, -0.013, -0.016, 0.013, -0.015, 0.011, -0.029, 0.031, -0.041, 0.037, 0.007, -0.001, 0.01, -0.001, -0.032, 0.03, -0.032, 0.029, 0.005, -0.038, 0.009, 0.01, -0.015, 0.023, -0.011, -0.021, 0.013, 0.004, -0.019, -0.0, 0.014, -0.002, 0.011, -0.029, -0.052, -0.047, -0.01, 0.039, -0.073, 0.058, 0.498, -0.527, 0.481, -0.521, 0.003, -0.005]]},
 "mtime": 25.665047137664118,
 "numbers": {"__ndarray__": [[83], "int64", [25, 25, 25, 25, 25, 25, 25, 25, 25, 25, 25, 25, 25, 25, 25, 25, 25, 25, 25, 25, 25, 25, 25, 25, 25, 25, 25, 8, 8, 8, 8, 8, 8, 8, 8, 8, 8, 8, 8, 8, 8, 8, 8, 8, 8, 8, 8, 8, 8, 8, 8, 8, 8, 8, 8, 8, 8, 8, 8, 8, 8, 8, 8, 8, 8, 8, 8, 8, 8, 8, 8, 8, 8, 8, 8, 8, 8, 8, 8, 8, 8, 19, 19]]},
 "pbc": {"__ndarray__": [[3], "bool", [true, true, true]]},
 "positions": {"__ndarray__": [[83, 3],