{"1": {
 "calculator": "vasp",
 "calculator_parameters": {"amix": 0.1, "amix_mag": 0.1, "bmix": 0.0001, "bmix_mag": 0.0001, "encut": 500, "sigma": 0.05, "ediff": 1e-05, "ediffg": -0.02, "algo": "normal", "gga": "PE", "prec": "Normal", "ibrion": 2, "isif": 2, "ismear": 0, "ispin": 2, "istart": 1, "kpar": 10, "ldauprint": 2, "ldautype": 2, "lmaxmix": 6, "lorbit": 11, "nelm": 250, "npar": 6, "nsw": 199, "inimix": 0, "laechg": true, "lasph": true, "ldau": true, "lvtot": false, "lreal": "Auto", "ldau_luj": {"Ti": {"L": 2, "U": 3.0, "J": 0.0}, "V": {"L": 2, "U": 3.25, "J": 0.0}, "Cr": {"L": 2, "U": 3.5, "J": 0.0}, "Mn": {"L": 2, "U": 2.75, "J": 0.0}, "Fe": {"L": 2, "U": 4.3, "J": 0.0}, "Co": {"L": 2, "U": 3.32, "J": 0.0}, "Ni": {"L": 2, "U": 6.45, "J": 0.0}, "Cu": {"L": 2, "U": 3.0, "J": 0.0}, "Mo": {"L": 2, "U": 4.38, "J": 0.0}, "W": {"L": 2, "U": 6.2, "J": 0.0}, "Ce": {"L": 3, "U": 4.5, "J": 0.0}, "O": {"L": -1, "U": 0.0, "J": 0.0}, "C": {"L": -1, "U": 0.0, "J": 0.0}, "Au": {"L": -1, "U": 0.0, "J": 0.0}, "Ir": {"L": -1, "U": 0.0, "J": 0.0}, "H": {"L": -1, "U": 0.0, "J": 0.0}}, "xc": "PBE", "pp": "PBE", "setups": {"base": "minimal"}, "txt": "-", "kpts": [3, 1, 1], "gamma": true, "reciprocal": false, "ignore_constraints": false},
 "cell": [[5.835828759, 0.0, 0.0], [0.000127477, 14.04656213, 0.0], [0.0, 0.0, 25.60208127]],
 "constraints": [{"name": "FixAtoms", "kwargs": {"indices": [0, 1, 2, 3, 4, 5, 6, 7, 8, 9, 10, 11, 28, 29, 30, 31, 32, 33, 34, 35, 36, 37, 38, 39, 40, 41, 42, 43, 44, 45, 46, 47]}}],
 "ctime": 23.015660847771958,
 "dipole": [[0.0, 0.0, 0.0]],
 "energy": -627.79024904,
 "forces": [[-0.049625, 1.176856, 0.374018], [-0.02607, 0.727485, 0.654512], [0.052706, 1.175204, 0.372926], [0.022674, 0.729227, 0.653372], [0.04132, -0.525077, -0.534938], [-0.043371, -0.525691, -0.535443], [0.123779, -0.394359, -0.655828], [-0.123733, -0.394567, -0.656305], [-0.159699, -0.05882, -0.249279], [0.161693, -0.058874, -0.246237], [-0.053969, -0.502652, -0.517529], [0.056827, -0.503288, -0.52349], [0.004288, 0.005108, 0.002639], [0.000912, 0.000488, -0.001002], [-0.00077, 0.004258, 0.005693], [-0.002574, 0.000819, -0.002732], [0.000282, 0.002999, -0.001648], [0.001828, 0.002309, -0.002721], [0.001818, 0.003888, -0.000212], [0.002459, 0.002833, -0.002325], [0.002782, 0.005884, -0.008115], [-0.005927, 0.002323, 0.003223], [0.000734, 0.008239, -0.008461], [0.007153, -0.003108, -0.001029], [-0.004318, 0.008603, -0.005479], [-0.002596, 0.00598, -0.003897], [-0.001018, 0.010237, -0.004827], [0.00306, 0.002163, -0.006142], [0.028654, 0.837859, -0.477237], [0.003185, 0.844072, -0.464837], [0.131717, 0.802185, -0.61645], [-0.129058, 0.824882, -0.620807], [0.073465, 0.11896, 0.079489], [-0.090955, 0.107624, 0.092841], [-0.540108, -1.978541, 1.102107], [0.535954, -1.995817, 1.113247], [-0.161314, 0.430411, 0.205556], [0.17543, 0.419008, 0.192612], [-0.306797, -1.611457, 0.611689], [0.29688, -1.618861, 0.617433], [-0.040422, 0.033423, 0.01298], [0.043153, 0.02518, 0.013541], [-0.013045, 0.031393, -0.027476], [0.024835, 0.038117, -0.043405], [-0.37286, 0.241543, 0.056883], [0.384882, 0.24541, 0.062905], [0.94078, 0.610344, -0.013767], [-0.971401, 0.626424, -0.035886], [-0.010358, -0.000793, 0.005731], [-0.002884, -0.001089, -0.003387], [-0.003198, 0.006215, 0.007376], [0.008073, -0.001733, 0.00365], [0.00236, 0.001538, -0.00406], [0.007231, 0.006453, 0.002175], [0.005795, 0.000504, 0.000823], [-0.007352, -0.009187, -0.006686], [4.3e-05, 0.012803, -0.00116], [-0.000761, -0.000551, 0.002914], [0.011236, -0.002253, 0.003049], [-0.006943, 0.001818, 0.002796], [-0.003213, 0.006802, 0.009911], [-0.002243, 0.003029, 0.000479], [0.004068, 0.000917, 0.005486], [-0.007565, -0.00139, 0.010748], [0.002009, -0.000846, 0.003533], [-0.001684, 0.004094, -0.004039], [-0.007801, 0.003052, 0.006417], [-0.006825, -0.009708, 0.00372], [-0.0044, 0.008736, 0.00159], [0.001899, 0.00273, 0.002293], [-0.003316, -0.001143, 0.008262], [0.011352, 0.000329, -0.002973], [0.000761, 0.009065, 0.001761], [0.004669, -0.002325, -0.010889], [0.012203, 0.009415, -0.001099], [-0.010713, 0.0098, -0.007673], [-0.002408, 0.007337, -0.003823], [0.001706, -0.000979, 0.001563], [-0.002287, -4e-06, 0.002747], [-0.006829, 0.004231, 0.009266], [-0.004009, 0.005002, -0.007225], [-0.01286, 0.00213, 0.003761], [-0.002688, -0.019559, 0.001616], [0.013642, 0.004476, -0.00894], [-0.000577, 0.00321, -0.001522], [0.001163, 0.00475, -0.000364], [0.002709, -0.002542, 0.002581], [0.001378, -0.009489, 0.000973], [-0.003451, 0.015219, -0.002365], [-0.00155, -0.010694, 0.000821]],
 "initial_magmoms": [-4.213, -4.256, 4.213, 4.256, -2.876, 2.876, -2.851, 2.852, 2.837, -2.837, 3.273, -3.271, 2.949, -2.949, 2.948, -2.948, -2.934, -2.928, 2.934, 2.928, -2.955, 2.955, -2.953, 2.953, 2.771, -2.769, 2.789, -2.791, -0.021, 0.022, -0.024, 0.024, 0.023, -0.023, -0.016, 0.016, -0.003, 0.003, 0.013, -0.013, -0.011, 0.012, -0.011, 0.011, -0.03, 0.03, -0.036, 0.037, 0.005, -0.005, 0.008, -0.008, -0.028, 0.028, -0.026, 0.026, 0.01, -0.01, 0.013, -0.013, -0.023, 0.023, -0.02, 0.02, 0.06, -0.061, -0.018, 0.018, 0.04, -0.04, 0.031, -0.031, 0.103, -0.1, 0.402, -0.402, -0.003, 0.003, -0.031, 0.031, 0.793, -0.795, 0.819, -0.818, 0.004, -0.004, 0.0, 0.0, 0.0, 0.0],
 "magmom": 0.0013129,
 "magmoms": [-4.213, -4.256, 4.213, 4.256, -2.877, 2.877, -2.853, 2.853, 2.838, -2.837, 3.264, -3.263, 2.954, -2.954, 2.954, -2.954, -2.932, -2.924, 2.931, 2.925, -2.955, 2.953, -2.943, 2.944, 2.955, -2.955, 2.956, -2.955, -0.022, 0.022, -0.024, 0.024, 0.023, -0.023, -0.017, 0.016, -0.003, 0.003, 0.013, -0.013, -0.013, 0.013, -0.012, 0.013, -0.03, 0.03, -0.038, 0.037, 0.005, -0.005, 0.008, -0.008, -0.029, 0.029, -0.029, 0.028, 0.007, -0.008, 0.01, -0.01, -0.018, 0.018, -0.018, 0.018, 0.03, -0.029, -0.019, 0.019, 0.023, -0.024, 0.024, -0.025, 0.103, -0.104, -0.015, 0.015, -0.021, 0.021, -0.034, 0.034, 0.367, -0.368, 0.372, -0.372, 0.005, -0.005, 0.008, 0.008, -0.008, -0.008],
 "mtime": 23.015660847771958,
 "numbers": [25, 25, 25, 25, 25, 25, 25, 25, 25, 25, 25, 25, 25, 25, 25, 25, 25, 25, 25, 25, 25, 25, 25, 25, 25, 25, 25, 25, 8, 8, 8, 8, 8, 8, 8, 8, 8, 8, 8, 8, 8, 8, 8, 8, 8, 8, 8, 8, 8, 8, 8, 8, 8, 8, 8, 8, 8, 8, 8, 8, 8, 8, 8, 8, 8, 8, 8, 8, 8, 8, 8, 8, 8, 8, 8, 8, 8, 8, 8, 8, 8, 8, 8, 8, 19, 19, 1, 1, 1, 1],
 "pbc": [true, true, true],