{"1": {
 "calculator": "vasp",
 "calculator_parameters": {"amix": 0.1, "amix_mag": 0.1, "bmix": 0.0001, "bmix_mag": 0.0001, "encut": 500, "sigma": 0.05, "ediff": 1e-05, "ediffg": -0.02, "algo": "Normal", "gga": "PE", "prec": "Normal", "ibrion": 2, "isif": 2, "ismear": 0, "ispin": 2, "istart": 1, "ldauprint": 2, "ldautype": 2, "lmaxmix": 4, "lorbit": 11, "nelm": 250, "npar": 6, "nsw": 199, "inimix": 0, "laechg": true, "lasph": true, "ldau": true, "lvtot": false, "lreal": "Auto", "ldau_luj": {"Mn": {"L": 2, "U": 2.75, "J": 0.0}, "O": {"L": -1, "U": 0.0, "J": 0.0}, "H": {"L": -1, "U": 0.0, "J": 0.0}}, "pp": "pbe", "txt": "-", "kpts": [3, 1, 1], "gamma": true, "reciprocal": false, "ignore_constraints": false, "custom": {}},
 "cell": {"array": {"__ndarray__": [[3, 3], "float64", [5.801699045203386, 0.0, 0.0, 0.0, 13.912083661090438, 0.0, 0.0, 0.0, 25.60045922505258]]}, "__ase_objtype__": "cell"},
 "constraints": [{"name": "FixAtoms", "kwargs": {"indices": [0, 1, 2, 3, 4, 5, 6, 7, 8, 9, 10, 11, 12, 13, 14, 15, 41, 42, 43, 44, 45, 46, 47, 48, 49, 50, 51, 52, 53, 54, 55, 56]}}],
 "ctime": 25.663374443396012,
 "dipole": {"__ndarray__": [[1, 3], "float64", [0.0, 0.0, 0.0]]},
 "energy": -577.05950567,
 "forces": {"__ndarray__": [[83, 3], "float64", [0.0003491, -0.65847201, 1.04806476, 0.0, -0.64960665, 1.05315747, 0.00132425, -0.32089046, -1.21920874, 0.0, -0.30589567, -1.22059836, 0.0, -0.10472008, -0.34578765, -0.00090318, -0.03890176, -0.34888738, -0.0036316, 0.9598446, -0.12357675, 0.0, 0.96638945, -0.15952739, 0.0, -0.07974442, 0.473422, -0.08735434, -0.02581989, 0.49800959, -0.00131199, -0.02338557, 0.36365498, 0.0, -0.03665333, 0.42097322, 0.0, -0.08282342, -0.30955077, 0.00330063, 0.05228663, -0.09566895, 0.00096019, 0.16367295, -0.00536498, 0.0, 0.19563399, -0.00587665, 0.0, -0.00557477, -0.00077942, 0.00533204, -0.00449806, -0.00497209, 0.0, -0.00027859, 0.00040019, -0.00260005, 0.00129515, -0.00194285, 0.0, -0.00732917, -0.01508573, 0.00030181, 0.00198055, 0.004438, -0.00077231, 0.01011923, -0.01042474, 0.0, -0.00213896, 0.00292192, -0.00121969, 0.00203047, -0.00073434, 0.0, -0.0006366, -0.00084445, 0.00235772, -0.00499516, 0.00706177, 0.0, 0.00327383, -0.00081923, 0.0, 0.00053262, -0.00812397, 0.00633311, -0.00418463, -0.00583629, -0.00658185, 0.0011387, 0.00571761, 0.0, -0.01133203, -0.01036895, 0.00037449, 0.00101047, -0.00037114, 0.00296676, -9.943e-05, -0.00294763, 0.0, -0.00422346, 0.00160528, 0.0, 0.00288132, -0.00871675, -0.00512121, -0.00242476, 0.00206549, -2.472e-05, -0.00721966, 0.00079755, 0.0, 0.0149861, 0.00645186, 0.0, -0.00225514, 0.0031234, 0.00081415, -0.00558353, -0.01733707, -0.0003491, -0.65847201, 1.04806476, 0.0, -0.64719823, 1.06137317, -0.00132425, -0.32089046, -1.21920874, 0.0, -0.30837156, -1.21782785, 0.0, -0.09364565, -0.34784986, 0.00090318, -0.03890176, -0.34888738, 0.0036316, 0.9598446, -0.12357675, 0.0, 0.96835932, -0.1671459, 0.0, -0.07896885, 0.48021862, 0.08735434, -0.02581989, 0.49800959, 0.00131199, -0.02338557, 0.36365498, 0.0, -0.04122512, 0.42487056, 0.0, -0.0767303, -0.2996403, -0.00330063, 0.05228663, -0.09566895, -0.00096019, 0.16367295, -0.00536498, 0.0, 0.18744184, -0.00527558, 0.0, 0.00726462, 0.00348188, -0.00533204, -0.00449806, -0.00497209, 0.0, 0.00501096, 0.00668988, 0.00260005, 0.00129515, -0.00194285, 0.0, -0.00578339, 0.00132414, -0.00030181, 0.00198055, 0.004438, 0.00077231, 0.01011923, -0.01042474, 0.0, -0.01858573, -0.0065519, 0.00121969, 0.00203047, -0.00073434, 0.0, -0.00052, -0.00289545, -0.00235772, -0.00499516, 0.00706177, 0.0, 0.00695908, 0.00028364, 0.0, 0.01087226, 0.01301722, -0.00633311, -0.00418463, -0.00583629, 0.00658185, 0.0011387, 0.00571761, 0.0, -0.0035773, -0.00329316, 0.0, -0.00163493, 0.00839774, -0.00037449, 0.00101047, -0.00037114, -0.00296676, -9.943e-05, -0.00294763, 0.0, -0.00152337, -0.00402079, 0.0, 0.01312092, -0.00193513, 0.00512121, -0.00242476, 0.00206549, 2.472e-05, -0.00721966, 0.00079755, 0.0, -0.00646715, 0.00179886, 0.0, 0.00090995, -0.00606937, -0.00081415, -0.00558353, -0.01733707]]},
 "free_energy": -577.07272361,
 "initial_magmoms": {"__ndarray__": [[83], "float64", [3.0, -3.0, 0.0, 0.0, 0.0, 0.0, 0.0, 0.0, -3.0, 3.0, 3.0, -3.0, 0.0, 0.0, 0.0, 0.0, 0.0, 0.0, -3.0, 3.0, 0.0, 0.0, 0.0, 0.0, 3.0, -3.0, 0.0, 0.0, 0.0, 0.0, 0.0, 0.0, 3.0, 3.0, -3.0, 0.0, 0.0, 0.0, 0.0, 0.0, 0.0, 3.0, -3.0, 0.0, 0.0, 0.0, 0.0, 0.0, 0.0, -3.0, 3.0, 3.0, -3.0, 0.0, 0.0, 0.0, 0.0, 0.0, 0.0, -3.0, 3.0, 0.0, 0.0, 0.0, 0.0, 3.0, -3.0, 0.0, 0.0, 0.0, 0.0, 0.0, 0.0, -3.0, 3.0, 3.0, -3.0, 0.0, 0.0, 0.0, 0.0, 0.0, 0.0]]},
 "magmom": 3.0057235,
 "magmoms": {"__ndarray__": [[83], "float64", [4.225, -4.224, -0.011, 0.012, -0.017, 0.022, 0.013, -0.014, -2.894, 2.891, 2.873, -2.882, 0.022, -0.024, 0.013, -0.011, 0.002, 0.003, -2.928, 2.959, -0.029, 0.025, 0.006, -0.03, 2.923, -2.933, -0.023, -0.032, -0.041, -0.489, 0.02, -0.033, 2.928, 2.701, -2.362, -0.359, 0.972, 0.011, -0.402, 0.698, -0.876, 4.225, -4.224, -0.011, 0.012, -0.021, 0.022, 0.013, -0.014, -2.893, 2.891, 2.873, -2.882, 0.022, -0.024, 0.013, -0.011, 0.001, 0.003, -2.942, 2.959, -0.029, 0.025, 0.006, 0.014, 2.923, -2.911, -0.023, 0.004, -0.035, -0.489, 0.02, -0.077, -2.36, 2.928, 2.701, -2.833, -0.409, 0.972, 0.011, -0.078, 0.843, -0.876]]},
 "mtime": 25.663374443396012,
 "numbers": {"__ndarray__": [[83], "int64", [25, 25, 8, 8, 8, 8, 8, 8, 25, 25, 25, 25, 8, 8, 8, 8, 8, 8, 25, 25, 8, 8, 8, 8, 25, 25, 8, 8, 8, 8, 8, 8, 25, 25, 25, 8, 8, 8, 8, 8, 8, 25, 25, 8, 8, 8, 8, 8, 8, 25, 25, 25, 25, 8, 8, 8, 8, 8, 8, 25, 25, 8, 8, 8, 8, 25, 25, 8, 8, 8, 8, 8, 8, 25, 25, 25, 25, 8, 8, 8, 8, 8, 8]]},
 "pbc": {"__ndarray__": [[3], "bool", [true, true, true]]},
 "positions": {"__ndarray__": [[83, 3],