{"1": {
 "calculator": "vasp",
 "calculator_parameters": {"amix": 0.1, "amix_mag": 0.1, "bmix": 0.0001, "bmix_mag": 0.0001, "encut": 500, "sigma": 0.05, "ediff": 1e-05, "ediffg": -0.02, "algo": "Normal", "gga": "PE", "prec": "Normal", "ibrion": 2, "isif": 2, "ismear": 0, "ispin": 2, "istart": 1, "ldauprint": 2, "ldautype": 2, "lmaxmix": 4, "lorbit": 11, "nelm": 250, "npar": 6, "nsw": 199, "inimix": 0, "laechg": true, "lasph": true, "ldau": true, "lvtot": false, "lreal": "Auto", "ldau_luj": {"Mn": {"L": 2, "U": 2.75, "J": 0.0}, "O": {"L": -1, "U": 0.0, "J": 0.0}, "H": {"L": -1, "U": 0.0, "J": 0.0}}, "pp": "pbe", "txt": "-", "kpts": [3, 1, 1], "gamma": true, "reciprocal": false, "ignore_constraints": false, "custom": {}},
 "cell": {"array": {"__ndarray__": [[3, 3], "float64", [5.801699045203386, 0.0, 0.0, 0.0, 13.912083661090438, 0.0, 0.0, 0.0, 25.60045922505258]]}, "__ase_objtype__": "cell"},
 "constraints": [{"name": "FixAtoms", "kwargs": {"indices": [0, 1, 2, 3, 4, 5, 6, 7, 8, 9, 10, 11, 12, 13, 14, 15, 41, 42, 43, 44, 45, 46, 47, 48, 49, 50, 51, 52, 53, 54, 55, 56]}}],
 "ctime": 25.663445553376533,
 "dipole": {"__ndarray__": [[1, 3], "float64", [0.0, 0.0, 0.0]]},
 "energy": -600.76748925,
 "forces": {"__ndarray__": [[87, 3], "float64", [-0.00016128, -0.65050034, 1.07521376, -0.00056324, -0.67987011, 1.08397554, 0.00069062, -0.26308367, -1.26909979, -0.00052487, -0.29529327, -1.23611621, 0.00077186, -0.08607899, -0.35836336, -0.00174023, -0.03823891, -0.34791092, -0.00263903, 0.94378143, -0.17060945, 0.0011548, 0.95888623, -0.15190953, 0.00167394, -0.11289914, 0.47964133, -0.10377942, -0.05274042, 0.56373666, 0.00826026, -0.09060081, 0.44379836, -0.00125609, 0.06198979, 0.32442079, 0.00906744, 0.05486899, -0.10397856, -0.00350202, -0.06676109, -0.3000851, 0.0009857, 0.163156, -0.00261822, -0.00034414, 0.20531064, -0.01437957, 0.00098116, -0.00213467, 0.00204886, -0.00045028, -9.697e-05, 0.0038741, 0.00069648, -0.00025758, 0.00114572, 0.00079188, 0.00031711, -0.00078665, 0.00134006, 0.00034067, 0.00610497, 0.00145126, -0.00064493, -0.00311765, -0.00056925, -0.00138805, -0.00142205, 0.00301882, -0.00435132, -0.00324986, 0.00056006, -0.00084449, 0.00112532, -0.00017229, 0.00023944, -0.00076427, -0.00675451, 0.00024032, -0.00359615, 0.00416198, -0.01070037, -0.00490266, -0.00465514, -0.00571014, 0.00154313, -0.00501576, 0.00343311, 0.00573826, -0.00356689, -0.00210306, 0.00047943, -0.00204194, -0.00095498, -0.0034638, 0.00089779, -8.599e-05, 0.00156058, -0.00260753, -0.00306755, 0.00118679, 0.00055922, -0.00233861, 0.00141642, -0.00461964, -0.00309347, -0.00071422, 0.0032959, 0.00235636, -0.01198054, -0.00362862, 0.0045311, 0.00366023, -0.00117705, 0.00026383, 0.00117564, 0.00533733, -0.0018639, 0.00301036, 0.00718037, -0.01062457, 0.00117329, -0.00078772, -0.65059091, 1.07535616, -0.00046643, -0.67788606, 1.09223773, -0.00170822, -0.26311314, -1.2690994, -0.00049463, -0.29921894, -1.23316716, 0.00098201, -0.0756784, -0.36080833, -0.00057093, -0.03752694, -0.34841333, 0.00104074, 0.94382049, -0.17147975, 0.00131079, 0.95901448, -0.15568424, -0.00166025, -0.10850932, 0.4701915, 0.09924704, -0.05279676, 0.56337115, -6.387e-05, -0.08957174, 0.4438609, -0.0015972, 0.04361385, 0.33716185, 0.00675086, 0.01755975, -0.14959564, -0.0006329, -0.06898654, -0.30225439, -0.00246065, 0.16262893, -0.0020768, 0.00069167, 0.19353182, -0.01016668, 0.000986, -0.0026299, 0.00132672, 0.00415655, 0.01332902, -0.00311629, -9.505e-05, -0.000436, 0.00039337, 0.00111578, 9.079e-05, 0.00019858, -0.00201983, 0.00489122, 0.00023049, -0.00010931, 0.00048858, 0.00066051, -0.00299629, 0.00028597, -0.00183152, -0.00149967, -0.00610795, 0.00386425, 0.00039318, -0.00115706, -0.00028097, -0.00059211, 0.00039404, 0.0005267, -0.00020088, -0.00611964, 0.00701246, 0.00564849, -0.00152066, 0.00041119, -0.00109288, -0.00024257, 0.00342421, 0.01015957, -0.00573189, 0.00162208, 0.00296809, 0.00214021, 0.00022903, -0.00163484, -0.00238614, -0.00140476, -0.00387521, 0.00399042, 0.00223854, -0.00019305, 0.00056916, 0.00269681, 0.00046293, -0.00054186, -0.00338447, -0.00119542, -0.00038597, -0.00029377, 0.00075377, 0.00131633, -0.00556276, -0.00405691, 0.00489163, -0.00728297, -0.00186698, -0.00528137, 0.00067299, -0.00348707, 5.765e-05, 0.0072527, -0.00321712, -0.00079046, -0.00350204, -0.01123192, 0.00381242, -0.00089593, 0.00465788, 0.00417547, -0.00017587, 0.00334583, -0.01444555, -0.0045359, 0.00187356, -0.00212668, 0.00062775, 0.00015489, -0.0002074, 0.00248435]]},
 "free_energy": -600.77796267,
 "initial_magmoms": {"__ndarray__": [[87], "float64", [3.0, -3.0, 0.0, 0.0, 0.0, 0.0, 0.0, 0.0, -3.0, 3.0, 3.0, -3.0, 0.0, 0.0, 0.0, 0.0, 0.0, 0.0, -3.0, 3.0, 0.0, 0.0, 0.0, 0.0, 3.0, -3.0, 0.0, 0.0, 0.0, 0.0, 0.0, 0.0, 3.0, 3.0, -3.0, 0.0, 0.0, 0.0, 0.0, 0.0, 0.0, 3.0, -3.0, 0.0, 0.0, 0.0, 0.0, 0.0, 0.0, -3.0, 3.0, 3.0, -3.0, 0.0, 0.0, 0.0, 0.0, 0.0, 0.0, -3.0, 3.0, 0.0, 0.0, 0.0, 0.0, 3.0, -3.0, 0.0, 0.0, 0.0, 0.0, 0.0, 0.0, -3.0, 3.0, 3.0, -3.0, 0.0, 0.0, 0.0, 0.0, 0.0, 0.0, 0.0, 0.0, 0.0, 0.0]]},
 "magmom": 4.4133832,
 "magmoms": {"__ndarray__": [[87], "float64", [4.222, -4.22, -0.009, 0.01, -0.018, 0.022, 0.014, -0.014, -2.895, 2.896, 2.875, -2.877, 0.025, -0.022, 0.012, -0.011, -0.0, 0.001, -2.944, 2.942, -0.032, 0.024, 0.007, -0.044, 2.936, -2.891, -0.026, -0.142, -0.052, -0.42, 0.001, -0.03, 2.897, 2.834, -2.909, -0.374, -0.217, 0.006, 0.34, 0.095, -0.256, 4.222, -4.22, -0.009, 0.01, -0.022, 0.022, 0.014, -0.014, -2.894, 2.896, 2.875, -2.875, 0.024, -0.022, 0.012, -0.011, 0.001, 0.001, -2.961, 2.942, -0.028, 0.024, 0.006, 0.018, 2.934, -2.904, -0.027, -0.045, -0.051, -0.486, 0.006, -0.095, 1.01, 2.898, 2.871, -2.905, -0.35, -0.232, 0.001, -0.202, 0.125, 0.334, 0.003, 0.005, -0.007, -0.007]]},
 "mtime": 25.663445553376533,
 "numbers": {"__ndarray__": [[87], "int64", [25, 25, 8, 8, 8, 8, 8, 8, 25, 25, 25, 25, 8, 8, 8, 8, 8, 8, 25, 25, 8, 8, 8, 8, 25, 25, 8, 8, 8, 8, 8, 8, 25, 25, 25, 8, 8, 8, 8, 8, 8, 25, 25, 8, 8, 8, 8, 8, 8, 25, 25, 25, 25, 8, 8, 8, 8, 8, 8, 25, 25, 8, 8, 8, 8, 25, 25, 8, 8, 8, 8, 8, 8, 25, 25, 25, 25, 8, 8, 8, 8, 8, 8, 1, 1, 1, 1]]},
 "pbc": {"__ndarray__": [[3], "bool", [true, true, true]]},
 "positions": {"__ndarray__": [[87, 3],