{"1": {
 "calculator": "vasp",
 "calculator_parameters": {"amix": 0.1, "amix_mag": 0.1, "bmix": 0.0001, "bmix_mag": 0.0001, "encut": 500, "sigma": 0.05, "ediff": 1e-05, "ediffg": -0.02, "algo": "Normal", "gga": "PE", "prec": "Normal", "ibrion": 2, "isif": 2, "ismear": 0, "ispin": 2, "istart": 1, "ldauprint": 2, "ldautype": 2, "lmaxmix": 4, "lorbit": 11, "nelm": 250, "npar": 6, "nsw": 199, "inimix": 0, "laechg": true, "lasph": true, "ldau": true, "lvtot": false, "lreal": "Auto", "ldau_luj": {"Mn": {"L": 2, "U": 2.75, "J": 0.0}, "O": {"L": -1, "U": 0.0, "J": 0.0}, "H": {"L": -1, "U": 0.0, "J": 0.0}}, "pp": "pbe", "txt": "-", "kpts": [3, 1, 1], "gamma": true, "reciprocal": false, "ignore_constraints": false, "custom": {}},
 "cell": {"array": {"__ndarray__": [[3, 3], "float64", [5.801699045203386, 0.0, 0.0, 0.0, 13.912083661090438, 0.0, 0.0, 0.0, 25.60045922505258]]}, "__ase_objtype__": "cell"},
 "constraints": [{"name": "FixAtoms", "kwargs": {"indices": [0, 1, 2, 3, 4, 5, 6, 7, 8, 9, 10, 11, 12, 13, 14, 15, 40, 41, 42, 43, 44, 45, 46, 47, 48, 49, 50, 51, 52, 53, 54, 55]}}],
 "ctime": 25.66260658614158,
 "dipole": {"__ndarray__": [[1, 3], "float64", [0.0, 0.0, 0.0]]},
 "energy": -563.32858795,
 "forces": {"__ndarray__": [[79, 3], "float64", [-0.0, -0.62315526, 1.00809994, -0.0001042, -0.61675779, 0.94107151, -0.0, -0.45929481, -1.05750621, -0.0003128, -0.42307229, -1.12127011, 0.00029175, 0.02024012, -0.31220347, -0.0, -0.16449578, -0.32908563, -0.0, 0.99204895, -0.12768813, 0.00118203, 0.98307189, -0.05540741, 0.01221718, 0.12116904, 0.46598424, -0.0, -0.08640306, 0.25007215, -0.0, 0.09510712, 0.28633765, -0.00226358, -0.13981356, 0.44973571, 0.00152971, 0.06155938, -0.13519436, -0.0, -0.07092644, -0.27940594, -0.0, 0.22352866, -0.00272855, -7.95e-06, 0.11321484, 0.02333973, -0.00493131, 0.00712238, 0.00468007, -0.0, -0.00043629, -0.00568972, -0.00171919, -2.929e-05, -0.00086084, -0.0, -0.00143607, -0.00149941, 0.00274382, -0.00579134, -0.00369952, -0.0, -0.00404494, 0.00267645, -0.0, -0.00149534, 0.00042483, 0.00718708, 0.00182012, 0.00439835, -0.0, 0.00432197, -0.00085716, 0.00018691, -0.00480605, -0.00248997, -0.0, -0.0005531, -0.00577412, -0.00165291, -0.00478792, 0.00381281, -0.00243269, -0.00260366, -0.00375436, -0.0, -0.00660848, -0.00871989, -0.0, 0.00041781, -0.01510923, 0.00357331, -0.00907378, 0.00490715, 0.00143971, -0.00889062, -0.00433387, -0.0, -0.0011678, 0.00036828, -0.0, -0.00764853, -0.00167306, 0.00111704, -0.00063469, -0.0001332, -0.00232376, 0.0030504, -0.00748987, -0.0, -0.00525437, -0.00650725, -0.0, -0.00158996, -0.00411911, 0.00467844, -0.00610205, -0.00375539, -0.0, -0.62297926, 1.00981896, 0.0001042, -0.61675779, 0.94107151, -0.0, -0.46007957, -1.05660968, 0.0003128, -0.42307229, -1.12127011, -0.00029175, 0.02024012, -0.31220347, -0.0, -0.16176345, -0.32825073, -0.0, 0.99206108, -0.12865178, -0.00118203, 0.98307189, -0.05540741, -0.01221718, 0.12116904, 0.46598424, -0.0, -0.08624229, 0.24940984, -0.0, 0.09364191, 0.28902863, 0.00226358, -0.13981356, 0.44973571, -0.00152971, 0.06155938, -0.13519436, -0.0, -0.03686577, -0.24433467, -0.0, 0.22103978, -0.00250755, 7.95e-06, 0.11321484, 0.02333973, 0.00493131, 0.00712238, 0.00468007, -0.0, 0.00350084, -0.00965655, 0.00171919, -2.929e-05, -0.00086084, -0.0, -0.00233074, -0.00096268, -0.00274382, -0.00579134, -0.00369952, -0.0, -0.00938144, -0.00020036, -0.0, 0.00930191, -0.00353979, -0.00718708, 0.00182012, 0.00439835, -0.0, 0.00174765, -0.00408058, -0.00018691, -0.00480605, -0.00248997, -0.0, 0.01020769, 0.01589443, 0.00165291, -0.00478792, 0.00381281, 0.00243269, -0.00260366, -0.00375436, -0.0, 0.00626287, -0.00161936, -0.0, 0.01280325, 0.01491512, -0.00357331, -0.00907378, 0.00490715, -0.00143971, -0.00889062, -0.00433387, -0.0, -0.00035939, 0.00093584, -0.00111704, -0.00063469, -0.0001332, 0.00232376, 0.0030504, -0.00748987, -0.0, -0.0158684, -0.00678533, -0.0, -0.0133812, 0.01090594, -0.00467844, -0.00610205, -0.00375539]]},
 "free_energy": -563.34561248,
 "initial_magmoms": {"__ndarray__": [[79], "float64", [3.0, -3.0, 0.0, 0.0, 0.0, 0.0, 0.0, 0.0, -3.0, 3.0, 3.0, -3.0, 0.0, 0.0, 0.0, 0.0, 0.0, 0.0, -3.0, 3.0, 0.0, 0.0, 0.0, 0.0, 3.0, -3.0, 0.0, 0.0, 0.0, 0.0, 0.0, 0.0, -3.0, 3.0, 3.0, -3.0, 0.0, 0.0, 0.0, 0.0, 3.0, -3.0, 0.0, 0.0, 0.0, 0.0, 0.0, 0.0, -3.0, 3.0, 3.0, -3.0, 0.0, 0.0, 0.0, 0.0, 0.0, 0.0, -3.0, 3.0, 0.0, 0.0, 0.0, 0.0, 3.0, -3.0, 0.0, 0.0, 0.0, 0.0, 0.0, 0.0, -3.0, 3.0, -3.0, 0.0, 0.0, 0.0, 0.0]]},
 "magmom": -5.4003722,
 "magmoms": {"__ndarray__": [[79], "float64", [4.232, -4.238, -0.022, 0.017, -0.024, 0.014, 0.012, -0.009, -2.881, 2.885, 2.887, -2.872, 0.019, -0.025, 0.01, -0.017, -0.001, -0.006, -2.935, 2.961, -0.045, 0.022, -0.003, -0.017, 2.941, -2.819, -0.085, 0.015, 0.053, -0.019, 0.004, -0.165, -2.769, 2.834, 2.717, -3.051, -0.073, -0.476, 0.056, -0.524, 4.232, -4.238, -0.022, 0.017, -0.024, 0.015, 0.012, -0.009, -2.881, 2.884, 2.887, -2.872, 0.019, -0.028, 0.01, -0.017, -0.001, -0.006, -2.935, 2.973, -0.045, 0.023, -0.014, -0.017, 2.924, -2.819, -0.005, 0.015, 0.053, -0.352, 0.012, -0.165, -2.769, 2.888, -3.051, -0.073, 0.334, 0.055, -0.524]]},
 "mtime": 25.66260658614158,
 "numbers": {"__ndarray__": [[79], "int64", [25, 25, 8, 8, 8, 8, 8, 8, 25, 25, 25, 25, 8, 8, 8, 8, 8, 8, 25, 25, 8, 8, 8, 8, 25, 25, 8, 8, 8, 8, 8, 8, 25, 25, 25, 25, 8, 8, 8, 8, 25, 25, 8, 8, 8, 8, 8, 8, 25, 25, 25, 25, 8, 8, 8, 8, 8, 8, 25, 25, 8, 8, 8, 8, 25, 25, 8, 8, 8, 8, 8, 8, 25, 25, 25, 8, 8, 8, 8]]},
 "pbc": {"__ndarray__": [[3], "bool", [true, true, true]]},
 "positions": {"__ndarray__": [[79, 3],