{"1": {
 "calculator": "vasp",
 "calculator_parameters": {"amix": 0.1, "amix_mag": 0.1, "bmix": 0.0001, "bmix_mag": 0.0001, "encut": 500, "sigma": 0.05, "ediff": 1e-05, "ediffg": -0.02, "algo": "Normal", "gga": "PE", "prec": "Normal", "ibrion": 2, "isif": 2, "ismear": 0, "ispin": 2, "istart": 1, "ldauprint": 2, "ldautype": 2, "lmaxmix": 4, "lorbit": 11, "nelm": 250, "npar": 6, "nsw": 199, "inimix": 0, "laechg": true, "lasph": true, "ldau": true, "lvtot": false, "lreal": "Auto", "ldau_luj": {"Mn": {"L": 2, "U": 2.75, "J": 0.0}, "O": {"L": -1, "U": 0.0, "J": 0.0}, "H": {"L": -1, "U": 0.0, "J": 0.0}}, "pp": "pbe", "txt": "-", "kpts": [3, 1, 1], "gamma": true, "reciprocal": false, "ignore_constraints": false, "custom": {}},
 "cell": {"array": {"__ndarray__": [[3, 3], "float64", [5.801699045203386, 0.0, 0.0, 0.0, 13.912083661090438, 0.0, 0.0, 0.0, 25.60045922505258]]}, "__ase_objtype__": "cell"},
 "constraints": [{"name": "FixAtoms", "kwargs": {"indices": [0, 1, 2, 3, 4, 5, 6, 7, 8, 9, 10, 11, 12, 13, 14, 15, 40, 41, 42, 43, 44, 45, 46, 47, 48, 49, 50, 51, 52, 53, 54, 55]}}],
 "ctime": 25.663538090102787,
 "dipole": {"__ndarray__": [[1, 3], "float64", [0.0, 0.0, 0.0]]},
 "energy": -593.92871719,
 "forces": {"__ndarray__": [[85, 3], "float64", [0.00172133, -0.63130231, 0.99845295, 0.00073094, -0.65029193, 1.02393563, 0.00189703, -0.36150196, -1.17803492, 0.00065097, -0.3910146, -1.13694986, 0.00085432, -0.11212355, -0.3419475, -0.000485, -0.03690345, -0.32988938, -0.00458007, 0.96717993, -0.1038755, 0.00060644, 0.97981504, -0.12786135, -0.0008731, -0.06019271, 0.37187857, -0.12253505, 0.02874033, 0.47164881, 0.01263505, -0.0609964, 0.39798758, 0.00190043, 0.01609318, 0.3616164, 0.00128527, 0.04847106, -0.10370984, -0.00094499, -0.01771081, -0.27357121, -0.00258817, 0.15592878, 0.01392359, 0.00044452, 0.20134672, -0.01095947, -0.00209068, 0.00026482, 1.312e-05, -0.00319373, 0.00371123, -0.00733934, 0.00205851, -0.00030889, -0.00536333, 0.00094071, 0.003672, -0.00439768, 0.0028261, 0.00010676, 0.00134375, -0.00327325, -0.00195923, -0.00292504, -0.00243673, 0.00025997, 0.000635, -0.00724718, -0.00296025, 0.00196462, -0.00281674, -0.00206821, 0.00133664, -0.00498532, -0.00735553, -0.00770599, 0.00145947, 0.0139908, 0.00445173, -0.00045109, -0.00670532, 0.00276127, -0.00033496, -0.00660668, -0.00556634, 0.00175793, -0.01188597, 0.00395125, -0.00068419, -0.01594284, 0.00417297, -0.00390561, -0.00225429, 0.00436487, 0.00325818, -0.0023034, 0.00082157, -0.00201951, -0.00535892, 0.00047904, -0.00129839, 0.00285799, -0.00539153, 0.00672452, 0.00467404, 0.01065189, 0.00075642, 0.00022644, -0.0073708, -0.00317452, 0.001044, 0.00199104, -0.00158755, -0.01212325, 0.00797558, -0.0068833, 0.00450513, 0.0033537, -0.00028468, -0.63137108, 0.99842005, 0.00073267, -0.64810835, 1.03314882, -0.00042259, -0.3615038, -1.17799816, 0.00079659, -0.39616179, -1.13138966, 0.00069172, -0.10717831, -0.34305087, 0.00259425, -0.03562698, -0.32993935, 0.00725648, 0.96714461, -0.10340687, 0.00137645, 0.97828443, -0.12866874, 0.00143465, -0.06234444, 0.37150433, 0.12365234, 0.02854793, 0.47184907, -0.00987591, -0.05920787, 0.39642811, 0.00229359, 0.02800764, 0.33868969, 0.00234546, 0.00551472, -0.15746265, 0.00711857, -0.01154595, -0.26683799, 0.00450202, 0.15574756, 0.01399931, 0.00120512, 0.1826842, -0.00444541, -0.00565068, -0.01083277, -0.0018221, 0.00786109, -0.0029997, -0.00265371, -0.00194475, 0.00216461, -0.00074126, -6.27e-05, 0.00221692, -0.00323966, -0.00645949, 0.00037927, 0.00391522, 0.0017038, 0.00247148, -0.00326613, -0.00783237, -0.00383115, 0.00256015, 0.0043017, 0.00527161, 0.00056217, 0.00711535, -0.0005668, 0.00201686, 0.00242923, -0.00473479, -0.00248962, -0.00112177, -0.00378566, 0.0085321, -0.00811587, 0.00490043, 0.00072483, 0.00124345, -0.01200905, 0.00111574, -0.00558781, -0.00107337, -0.00303897, 0.00053879, -0.01137937, -0.00038983, -0.00870231, 0.00274205, -0.00103731, 0.00481395, -0.00614085, 2.177e-05, 0.00127294, -0.00256927, -0.00122695, 0.00295047, -0.007261, 0.00134579, -0.00332103, 0.00124458, -0.00530084, -0.00128211, -0.01346449, -0.00246815, -0.00313192, -0.0032429, -0.00204122, -0.00721819, -0.00495827, -0.00537907, -0.01892739, -0.00603824, 0.00196204, 0.00745967, 0.00491064, 0.00175096, -0.01201776, -0.00088008, 0.00028781, 0.01518672, 0.00542279, -0.01097092, 0.01509174, -0.00167095, 0.00056254, 0.00987147, -0.00018588, 0.0030156]]},
 "free_energy": -593.94130607,
 "initial_magmoms": {"__ndarray__": [[85], "float64", [3.0, -3.0, 0.0, 0.0, 0.0, 0.0, 0.0, 0.0, -3.0, 3.0, 3.0, -3.0, 0.0, 0.0, 0.0, 0.0, 0.0, 0.0, -3.0, 3.0, 0.0, 0.0, 0.0, 0.0, 3.0, -3.0, 0.0, 0.0, 0.0, 0.0, 0.0, 0.0, 3.0, 3.0, -3.0, 0.0, 0.0, 0.0, 0.0, 0.0, 3.0, -3.0, 0.0, 0.0, 0.0, 0.0, 0.0, 0.0, -3.0, 3.0, 3.0, -3.0, 0.0, 0.0, 0.0, 0.0, 0.0, 0.0, -3.0, 3.0, 0.0, 0.0, 0.0, 0.0, 3.0, -3.0, 0.0, 0.0, 0.0, 0.0, 0.0, 0.0, -3.0, 3.0, 3.0, -3.0, 0.0, 0.0, 0.0, 0.0, 0.0, 0.0, 0.0, 0.0, 0.0]]},
 "magmom": 2.1743473,
 "magmoms": {"__ndarray__": [[85], "float64", [4.232, -4.228, -0.015, 0.017, -0.015, 0.022, 0.011, -0.012, -2.888, 2.889, 2.875, -2.881, 0.026, -0.021, 0.014, -0.012, 0.004, 0.0, -2.943, 2.941, -0.031, 0.025, 0.009, -0.04, 2.91, -2.907, -0.031, -0.023, -0.054, 0.037, 0.008, -0.034, 2.905, 2.812, -2.896, -0.439, -0.005, -0.225, 0.075, -0.059, 4.232, -4.228, -0.015, 0.017, -0.021, 0.022, 0.011, -0.012, -2.886, 2.889, 2.875, -2.881, 0.023, -0.022, 0.014, -0.011, 0.002, 0.0, -2.964, 2.94, -0.028, 0.024, 0.009, 0.04, 2.91, -2.911, -0.032, -0.01, -0.059, 0.034, 0.01, -0.064, -2.02, 2.909, 2.905, -2.909, -0.349, -0.003, -0.005, 0.087, -0.182, 0.008, 0.006, -0.007, -0.007]]},
 "mtime": 25.663538090102787,
 "numbers": {"__ndarray__": [[85], "int64", [25, 25, 8, 8, 8, 8, 8, 8, 25, 25, 25, 25, 8, 8, 8, 8, 8, 8, 25, 25, 8, 8, 8, 8, 25, 25, 8, 8, 8, 8, 8, 8, 25, 25, 25, 8, 8, 8, 8, 8, 25, 25, 8, 8, 8, 8, 8, 8, 25, 25, 25, 25, 8, 8, 8, 8, 8, 8, 25, 25, 8, 8, 8, 8, 25, 25, 8, 8, 8, 8, 8, 8, 25, 25, 25, 25, 8, 8, 8, 8, 8, 1, 1, 1, 1]]},
 "pbc": {"__ndarray__": [[3], "bool", [true, true, true]]},
 "positions": {"__ndarray__": [[85, 3],