{"1": {
 "calculator": "vasp",
 "calculator_parameters": {"amix": 0.1, "amix_mag": 0.1, "bmix": 0.0001, "bmix_mag": 0.0001, "encut": 500, "sigma": 0.05, "ediff": 1e-05, "ediffg": -0.02, "algo": "normal", "gga": "PE", "prec": "Normal", "ibrion": 2, "isif": 2, "ismear": 0, "ispin": 2, "istart": 1, "kpar": 10, "ldauprint": 2, "ldautype": 2, "lmaxmix": 6, "lorbit": 11, "nelm": 250, "npar": 6, "nsw": 199, "inimix": 0, "laechg": true, "lasph": true, "ldau": true, "lvtot": false, "lreal": "Auto", "ldau_luj": {"Ti": {"L": 2, "U": 3.0, "J": 0.0}, "V": {"L": 2, "U": 3.25, "J": 0.0}, "Cr": {"L": 2, "U": 3.5, "J": 0.0}, "Mn": {"L": 2, "U": 2.75, "J": 0.0}, "Fe": {"L": 2, "U": 4.3, "J": 0.0}, "Co": {"L": 2, "U": 3.32, "J": 0.0}, "Ni": {"L": 2, "U": 6.45, "J": 0.0}, "Cu": {"L": 2, "U": 3.0, "J": 0.0}, "Mo": {"L": 2, "U": 4.38, "J": 0.0}, "W": {"L": 2, "U": 6.2, "J": 0.0}, "Ce": {"L": 3, "U": 4.5, "J": 0.0}, "O": {"L": -1, "U": 0.0, "J": 0.0}, "C": {"L": -1, "U": 0.0, "J": 0.0}, "Au": {"L": -1, "U": 0.0, "J": 0.0}, "Ir": {"L": -1, "U": 0.0, "J": 0.0}, "H": {"L": -1, "U": 0.0, "J": 0.0}}, "xc": "PBE", "pp": "PBE", "setups": {"base": "minimal"}, "txt": "-", "kpts": [3, 1, 1], "gamma": true, "reciprocal": false, "ignore_constraints": false},
 "cell": [[5.801699045203386, 0.0, 0.0], [0.0, 13.912083661090438, 0.0], [0.0, 0.0, 25.60045922505258]],
 "constraints": [{"name": "FixAtoms", "kwargs": {"indices": [0, 1, 2, 3, 4, 5, 6, 7, 8, 9, 10, 11, 12, 13, 14, 15, 40, 41, 42, 43, 44, 45, 46, 47, 48, 49, 50, 51, 52, 53, 54, 55]}}],
 "ctime": 23.066978081322883,
 "dipole": [[0.0, 0.0, 0.0]],
 "energy": -578.6959023,
 "forces": [[0.0, -0.482133, 0.650658], [0.0, -0.483601, 0.649055], [-0.0, -0.978722, -0.558594], [-0.0, -0.97709, -0.55856], [-0.0, -0.102268, -0.202643], [0.0, -0.100307, -0.205412], [-0.0, 1.096555, 0.089072], [0.0, 1.096901, 0.09089], [0.0, 0.298394, -0.179261], [0.0, 0.302541, -0.184434], [-0.0, 0.039993, 0.178786], [0.0, 0.039764, 0.176108], [0.0, 0.039037, -0.047913], [0.0, 0.036534, -0.048623], [0.0, 0.094672, 0.078966], [0.0, 0.097391, 0.076203], [-0.0, 0.003446, 0.000388], [-0.0, -0.001932, 0.007003], [0.0, 0.006326, 0.000647], [0.0, 0.003317, -0.002287], [0.0, -0.006332, -0.000194], [0.0, -0.001751, 0.002935], [0.0, -0.005907, 0.001609], [0.0, -0.003381, -0.002227], [-0.0, -0.010683, 0.007764], [-0.0, -0.002241, 0.006671], [0.0, 0.010402, -0.009862], [-0.0, 0.009255, 0.000458], [0.0, -0.003262, -0.006021], [0.0, -0.005481, -0.008103], [-0.0, 0.001947, 0.00276], [-0.0, 0.006303, 0.010729], [0.0, -0.001914, -0.013624], [-0.0, -0.000195, -0.000887], [0.0, 0.008856, -0.010148], [0.0, -0.011493, 0.015837], [0.0, -0.001323, -0.006855], [-0.0, -0.000901, 0.005851], [-0.0, -0.004012, -0.016843], [0.0, -0.006708, 0.0101], [0.0, -0.482133, 0.650658], [0.0, -0.483601, 0.649055], [-0.0, -0.978722, -0.558594], [-0.0, -0.97709, -0.55856], [0.0, -0.102268, -0.202643], [0.0, -0.100307, -0.205412], [0.0, 1.096555, 0.089072], [0.0, 1.096901, 0.09089], [-0.0, 0.298394, -0.179261], [0.0, 0.302541, -0.184434], [-0.0, 0.039993, 0.178786], [0.0, 0.039764, 0.176108], [0.0, 0.039037, -0.047913], [0.0, 0.036534, -0.048623], [0.0, 0.094672, 0.078966], [-0.0, 0.097391, 0.076203], [-0.0, 0.003446, 0.000388], [0.0, -0.001932, 0.007003], [0.0, 0.006326, 0.000647], [-0.0, 0.003317, -0.002287], [-0.0, -0.006332, -0.000194], [0.0, -0.001751, 0.002935], [0.0, -0.005907, 0.001609], [0.0, -0.003381, -0.002227], [0.0, -0.010683, 0.007764], [-0.0, -0.002241, 0.006671], [0.0, 0.010402, -0.009862], [0.0, 0.009255, 0.000458], [0.0, -0.003262, -0.006021], [-0.0, -0.005481, -0.008103], [-0.0, 0.001947, 0.00276], [-0.0, 0.006303, 0.010729], [0.0, -0.001914, -0.013624], [0.0, -0.000195, -0.000887], [0.0, 0.008856, -0.010148], [0.0, -0.011493, 0.015837], [0.0, -0.001323, -0.006855], [0.0, -0.000901, 0.005851], [-0.0, -0.004012, -0.016843], [-0.0, -0.006708, 0.0101]],
 "initial_magmoms": [3.0, -3.0, 0.0, 0.0, 0.0, 0.0, 0.0, 0.0, -3.0, 3.0, 3.0, -3.0, 0.0, 0.0, 0.0, 0.0, 0.0, 0.0, -3.0, 3.0, 0.0, 0.0, 0.0, 0.0, 3.0, -3.0, 0.0, 0.0, 0.0, 0.0, 0.0, 0.0, -3.0, 3.0, 3.0, -3.0, 0.0, 0.0, 0.0, 0.0, 3.0, -3.0, 0.0, 0.0, 0.0, 0.0, 0.0, 0.0, -3.0, 3.0, 3.0, -3.0, 0.0, 0.0, 0.0, 0.0, 0.0, 0.0, -3.0, 3.0, 0.0, 0.0, 0.0, 0.0, 3.0, -3.0, 0.0, 0.0, 0.0, 0.0, 0.0, 0.0, -3.0, 3.0, 3.0, -3.0, 0.0, 0.0, 0.0, 0.0],
 "magmom": 0.0005397,
 "magmoms": [4.278, -4.278, -0.047, 0.047, -0.012, 0.012, -0.002, 0.002, -2.834, 2.834, 2.888, -2.888, 0.015, -0.015, 0.02, -0.02, 0.009, -0.009, -2.927, 2.927, -0.02, 0.02, 0.02, -0.02, 2.934, -2.934, -0.024, 0.024, 0.048, -0.048, 0.008, -0.008, -2.898, 2.899, 3.044, -3.044, 0.02, -0.021, 0.054, -0.054, 4.278, -4.278, -0.047, 0.047, -0.012, 0.012, -0.002, 0.002, -2.834, 2.834, 2.888, -2.888, 0.015, -0.015, 0.02, -0.02, 0.009, -0.009, -2.927, 2.927, -0.02, 0.02, 0.02, -0.02, 2.934, -2.934, -0.024, 0.024, 0.048, -0.048, 0.008, -0.008, -2.898, 2.899, 3.044, -3.044, 0.02, -0.021, 0.054, -0.054],
 "mtime": 23.066978081322883,
 "numbers": [25, 25, 8, 8, 8, 8, 8, 8, 25, 25, 25, 25, 8, 8, 8, 8, 8, 8, 25, 25, 8, 8, 8, 8, 25, 25, 8, 8, 8, 8, 8, 8, 25, 25, 25, 25, 8, 8, 8, 8, 25, 25, 8, 8, 8, 8, 8, 8, 25, 25, 25, 25, 8, 8, 8, 8, 8, 8, 25, 25, 8, 8, 8, 8, 25, 25, 8, 8, 8, 8, 8, 8, 25, 25, 25, 25, 8, 8, 8, 8],
 "pbc": [true, true, false],