{"1": {
 "calculator": "vasp",
 "calculator_parameters": {"amix": 0.1, "amix_mag": 0.1, "bmix": 0.0001, "bmix_mag": 0.0001, "encut": 500, "sigma": 0.05, "ediff": 1e-05, "ediffg": -0.02, "algo": "Normal", "gga": "PE", "prec": "Normal", "ibrion": 2, "isif": 2, "ismear": 0, "ispin": 2, "istart": 1, "ldauprint": 2, "ldautype": 2, "lmaxmix": 4, "lorbit": 11, "nelm": 250, "npar": 6, "nsw": 199, "inimix": 0, "laechg": true, "lasph": true, "ldau": true, "lvtot": false, "lreal": "Auto", "ldau_luj": {"Mn": {"L": 2, "U": 2.75, "J": 0.0}, "O": {"L": -1, "U": 0.0, "J": 0.0}, "H": {"L": -1, "U": 0.0, "J": 0.0}}, "pp": "pbe", "txt": "-", "kpts": [3, 1, 1], "gamma": true, "reciprocal": false, "ignore_constraints": false, "custom": {}},
 "cell": {"array": {"__ndarray__": [[3, 3], "float64", [5.801699045203386, 0.0, 0.0, 0.0, 13.912083661090438, 0.0, 0.0, 0.0, 25.60045922505258]]}, "__ase_objtype__": "cell"},
 "constraints": [{"name": "FixAtoms", "kwargs": {"indices": [0, 1, 2, 3, 4, 5, 6, 7, 8, 9, 10, 11, 12, 13, 14, 15, 40, 41, 42, 43, 44, 45, 46, 47, 48, 49, 50, 51, 52, 53, 54, 55]}}],
 "ctime": 25.662824276325022,
 "dipole": {"__ndarray__": [[1, 3], "float64", [0.0, 0.0, 0.0]]},
 "energy": -585.76751656,
 "forces": {"__ndarray__": [[83, 3], "float64", [-0.0, -0.57655064, 0.91907368, -0.00027863, -0.58945006, 0.86768909, -0.0, -0.56383348, -0.9483264, -0.0005706, -0.56246017, -0.98365773, 0.00131043, -0.00352005, -0.2957662, -0.0, -0.17170922, -0.3005825, -0.0, 1.00631675, -0.0714745, 0.00087821, 0.99593124, 0.01553543, 0.03903903, 0.19414606, 0.33341292, -0.0, 0.00751464, 0.17394912, -0.0, 0.00877745, 0.41124514, -0.00920052, -0.11813774, 0.45790778, -0.00083197, 0.11740946, -0.21166951, -0.0, -0.03340848, -0.37850812, -0.0, 0.21084435, 0.00520252, -0.00061016, 0.11282033, 0.01988045, -0.01444815, -0.00412773, -0.00073049, -0.0, -0.00371285, -0.00613983, 0.00169451, -0.00042968, 0.0025208, -0.0, 0.00061287, -0.00239126, -0.00479259, -0.00675192, -0.0057135, -0.0, 0.00511677, 0.00214644, -0.0, 0.00715517, 0.00040343, -0.00448771, -0.00091267, 0.00520339, -0.0, -0.00210292, 0.00138945, 4.212e-05, 0.00332973, -0.00070792, -0.0, -0.0049196, -0.01052593, 0.00159559, -0.00184514, -0.00075184, 0.0038842, 0.00251358, -0.00265454, -0.0, -0.00215311, -0.00459021, -0.0, -0.01164188, 0.00155333, 0.00931293, 0.00089817, 0.01180979, -0.001918, -0.00328521, 0.00306867, -0.0, -0.00168256, -0.00412747, -0.0, 0.00069567, 0.00338692, 0.00033268, 0.00181372, -0.00363761, 0.00927727, -0.00163007, -0.00274142, -0.0, 0.00889929, 0.00730216, -0.0, -0.00064841, 0.0024632, 0.00352648, 0.0011307, 0.00255309, -0.0, -0.57640381, 0.92125853, 0.00027863, -0.58945006, 0.86768909, -0.0, -0.56608161, -0.94620231, 0.0005706, -0.56246017, -0.98365773, -0.00131043, -0.00352005, -0.2957662, -0.0, -0.16615149, -0.3009753, -0.0, 1.00440803, -0.06913231, -0.00087821, 0.99593124, 0.01553543, -0.03903903, 0.19414606, 0.33341292, -0.0, 0.00882141, 0.17054963, -0.0, 0.00467209, 0.41403792, 0.00920052, -0.11813774, 0.45790778, 0.00083197, 0.11740946, -0.21166951, -0.0, -0.0319079, -0.39922956, -0.0, 0.20146021, 0.00636754, 0.00061016, 0.11282033, 0.01988045, 0.01444815, -0.00412773, -0.00073049, -0.0, -0.00308618, -0.00069187, -0.00169451, -0.00042968, 0.0025208, -0.0, -0.0019322, -0.00221387, 0.00479259, -0.00675192, -0.0057135, -0.0, -0.00827274, 0.00690246, -0.0, 0.00435135, -0.01889553, 0.00448771, -0.00091267, 0.00520339, -0.0, -0.00156633, 0.00174917, -4.212e-05, 0.00332973, -0.00070792, -0.0, 0.00652719, 0.00022533, -0.00159559, -0.00184514, -0.00075184, -0.0038842, 0.00251358, -0.00265454, -0.0, 0.011184, 0.00767735, -0.0, -0.01137415, 0.00345961, -0.00931293, 0.00089817, 0.01180979, 0.001918, -0.00328521, 0.00306867, -0.0, 0.00062823, -0.0096968, -0.00033268, 0.00181372, -0.00363761, -0.00927727, -0.00163007, -0.00274142, -0.0, 0.00853984, -0.00251898, -0.0, -0.00821157, 0.00450903, -0.00352648, 0.0011307, 0.00255309, -0.0, -0.00554441, 0.00825713, -0.0, -0.01794749, 0.00837043, -0.0089176, -0.00528367, -0.01417905, 0.0089176, -0.00528367, -0.01417905]]},
 "free_energy": -585.77825941,
 "initial_magmoms": {"__ndarray__": [[83], "float64", [3.0, -3.0, 0.0, 0.0, 0.0, 0.0, 0.0, 0.0, -3.0, 3.0, 3.0, -3.0, 0.0, 0.0, 0.0, 0.0, 0.0, 0.0, -3.0, 3.0, 0.0, 0.0, 0.0, 0.0, 3.0, -3.0, 0.0, 0.0, 0.0, 0.0, 0.0, 0.0, -3.0, 3.0, 3.0, -3.0, 0.0, 0.0, 0.0, 0.0, 3.0, -3.0, 0.0, 0.0, 0.0, 0.0, 0.0, 0.0, -3.0, 3.0, 3.0, -3.0, 0.0, 0.0, 0.0, 0.0, 0.0, 0.0, -3.0, 3.0, 0.0, 0.0, 0.0, 0.0, 3.0, -3.0, 0.0, 0.0, 0.0, 0.0, 0.0, 0.0, -3.0, 3.0, -3.0, 0.0, 0.0, 0.0, 0.0, 0.0, 0.0, 0.0, 0.0]]},
 "magmom": -3.3999555,
 "magmoms": {"__ndarray__": [[83], "float64", [4.244, -4.248, -0.029, 0.025, -0.021, 0.011, 0.009, -0.006, -2.87, 2.875, 2.896, -2.878, 0.021, -0.025, 0.013, -0.02, 0.006, -0.01, -2.94, 2.946, -0.028, 0.022, 0.01, -0.017, 2.959, -2.888, 0.042, 0.021, -0.04, 0.008, 0.025, -0.003, -2.863, 2.943, 2.821, -3.604, -0.039, 0.029, 0.026, 0.318, 4.244, -4.248, -0.029, 0.025, -0.021, 0.012, 0.009, -0.006, -2.87, 2.874, 2.895, -2.878, 0.021, -0.026, 0.013, -0.02, 0.006, -0.01, -2.94, 2.957, -0.028, 0.02, 0.002, -0.017, 2.937, -2.888, 0.016, 0.021, -0.04, 0.033, 0.028, -0.003, -2.863, 2.94, -3.604, -0.039, 0.049, 0.03, 0.318, -0.003, -0.005, 0.006, 0.006]]},
 "mtime": 25.662824276325022,
 "numbers": {"__ndarray__": [[83], "int64", [25, 25, 8, 8, 8, 8, 8, 8, 25, 25, 25, 25, 8, 8, 8, 8, 8, 8, 25, 25, 8, 8, 8, 8, 25, 25, 8, 8, 8, 8, 8, 8, 25, 25, 25, 25, 8, 8, 8, 8, 25, 25, 8, 8, 8, 8, 8, 8, 25, 25, 25, 25, 8, 8, 8, 8, 8, 8, 25, 25, 8, 8, 8, 8, 25, 25, 8, 8, 8, 8, 8, 8, 25, 25, 25, 8, 8, 8, 8, 1, 1, 1, 1]]},
 "pbc": {"__ndarray__": [[3], "bool", [true, true, true]]},
 "positions": {"__ndarray__": [[83, 3],