{"1": {
 "calculator": "vasp",
 "calculator_parameters": {"amix": 0.1, "amix_mag": 0.1, "bmix": 0.0001, "bmix_mag": 0.0001, "encut": 500, "sigma": 0.05, "ediff": 1e-05, "ediffg": -0.02, "algo": "Normal", "gga": "PE", "prec": "Normal", "ibrion": 2, "isif": 2, "ismear": 0, "ispin": 2, "istart": 1, "ldauprint": 2, "ldautype": 2, "lmaxmix": 4, "lorbit": 11, "nelm": 250, "npar": 6, "nsw": 199, "inimix": 0, "laechg": true, "lasph": true, "ldau": true, "lvtot": false, "lreal": "Auto", "ldau_luj": {"Mn": {"L": 2, "U": 2.75, "J": 0.0}, "O": {"L": -1, "U": 0.0, "J": 0.0}, "H": {"L": -1, "U": 0.0, "J": 0.0}}, "pp": "pbe", "txt": "-", "kpts": [3, 1, 1], "gamma": true, "reciprocal": false, "ignore_constraints": false, "custom": {}},
 "cell": {"array": {"__ndarray__": [[3, 3], "float64", [5.801699045, 0.0, 0.0, 0.0, 13.912083661, 0.0, 0.0, 0.0, 25.600459225]]}, "__ase_objtype__": "cell"},
 "constraints": [{"name": "FixAtoms", "kwargs": {"indices": [0, 1, 2, 3, 4, 5, 14, 15, 16, 17, 18, 19, 27, 28, 29, 30, 31, 32, 33, 34, 35, 36, 52, 53, 54, 55, 56, 57, 58, 59, 60, 61]}}],
 "ctime": 25.66474751804148,
 "dipole": {"__ndarray__": [[1, 3], "float64", [0.0, 0.0, 0.0]]},
 "energy": -575.49725829,
 "forces": {"__ndarray__": [[81, 3], "float64", [0.0, -0.45539675, 0.63219683, -7.997e-05, -0.52194464, 0.71274705, 0.23038259, 0.18263411, -0.25143364, 0.0, 0.43273695, 0.06490591, 0.0, -0.3405261, 0.63008554, 0.01806253, 0.23451756, 0.12667654, -8.681e-05, 0.00219002, -0.0017476, 0.0, 0.00359968, -0.00205824, 0.0, 0.00052788, -0.00245815, 0.00039165, 0.00607911, -0.00161218, -0.00017224, 0.00392858, -0.00233395, 0.0, 0.00183209, -0.00383706, 0.0, -0.00481594, -0.00246017, -0.00147254, 0.00221761, -0.00265133, 0.0, -0.44861175, 0.65082586, 7.997e-05, -0.52194464, 0.71274705, -0.23038259, 0.18263411, -0.25143364, 0.0, 0.43358612, 0.06641063, -0.0, -0.35906752, 0.6439026, -0.01806253, 0.23451756, 0.12667654, 8.681e-05, 0.00219002, -0.0017476, 0.0, 0.00485957, -0.00090236, 0.0, 0.00114628, -0.00368173, -0.00039165, 0.00607911, -0.00161218, 0.00017224, 0.00392858, -0.00233395, 0.0, 0.00457461, -0.00559175, 0.00147254, 0.00221761, -0.00265133, 0.0, -0.84519418, -0.69194215, -0.00351586, -0.95619798, -0.56587905, -6.934e-05, -0.20291201, -0.26434848, 0.0, -0.01029189, -0.191163, 0.0, 1.0336895, 0.12033629, 0.00599336, 1.09318631, 0.09661088, -0.00181635, 0.02035097, -0.2936235, 0.0, 0.06301392, -0.17700584, 0.0, 0.06449113, 0.08639246, -0.00612834, 0.19747658, 0.01632399, -0.00638741, -0.00580992, 0.0059457, 0.0, 1.506e-05, -0.00680241, 0.0007429, 0.00725867, 0.00123576, 0.0, -0.00361724, -0.00093843, 0.0, 0.01347195, 0.0028029, 0.00266823, -0.00137959, 0.00296158, 0.0, 0.01084048, 0.00693531, -0.00836139, 0.00766738, 0.00990539, 0.00060198, 0.0024316, 0.00244725, 0.0, -0.00595828, 0.00377749, 0.0, -0.00087815, -0.00945683, -0.005286, 0.006862, -0.00573423, 0.00401149, -0.01248637, 0.003841, 0.0, 0.00593188, 0.0102267, 0.0, -0.00018105, 0.01722094, 0.0, -0.84684651, -0.68935947, 0.00351586, -0.95619798, -0.56587905, 6.934e-05, -0.20291201, -0.26434848, 0.0, -0.0039151, -0.20862138, 0.0, 1.04547662, 0.09978736, -0.00599336, 1.09318631, 0.09661088, 0.00181635, 0.02035097, -0.2936235, 0.0, 0.03220544, -0.30282318, 0.0, 0.03836275, 0.08297596, 0.00612834, 0.19747658, 0.01632399, 0.00638741, -0.00580992, 0.0059457, 0.0, 0.00034928, -0.00752876, -0.0007429, 0.00725867, 0.00123576, 0.0, -0.01493286, 0.00778881, 0.0, 0.01061848, -0.00638575, -0.00266823, -0.00137959, 0.00296158, 0.0, -0.01467911, 0.00712948, 0.00836139, 0.00766738, 0.00990539, -0.00060198, 0.0024316, 0.00244725, 0.0, 0.00232509, 0.0101075, 0.0, 0.00014049, -0.00488863, 0.005286, 0.006862, -0.00573423, -0.00401149, -0.01248637, 0.003841, 0.0, 0.00614066, 0.00664644, 0.0, -0.0104926, -0.00230605, 0.0, 0.00545597, -0.00579233, 0.0, 0.00898422, -0.0048495, 0.00139059, 0.00444449, 0.00086792, -0.00139059, 0.00444449, 0.00086792]]},
 "free_energy": -575.50524573,
 "initial_magmoms": {"__ndarray__": [[81], "float64", [4.277, -4.269, -2.828, 2.842, 2.895, -2.897, -2.956, 3.044, 2.919, -2.925, -3.738, 2.966, 2.826, -3.714, 4.277, -4.269, -2.828, 2.841, 2.893, -2.897, -2.956, 2.942, 2.922, -2.925, -3.738, 2.97, -3.714, -0.044, 0.046, -0.007, 0.004, -0.003, 0.0, 0.024, -0.032, 0.023, -0.02, 0.001, -0.007, -0.027, 0.027, 0.042, -0.025, 0.002, -0.01, -0.113, 0.032, 0.015, -0.04, -0.028, 0.014, -0.008, -0.044, 0.046, -0.007, 0.017, -0.001, 0.0, 0.024, -0.018, 0.022, -0.02, 0.001, -0.007, -0.027, 0.027, 0.003, -0.025, -0.04, -0.01, -0.113, 0.061, 0.014, -0.04, -0.028, 0.031, -0.007, -0.007, -0.007, 0.005, 0.005]]},
 "magmom": -6.7183709,
 "magmoms": {"__ndarray__": [[81], "float64", [4.277, -4.269, -2.828, 2.842, 2.896, -2.897, -2.956, 3.046, 2.919, -2.926, -3.739, 2.966, 2.825, -3.713, 4.277, -4.269, -2.828, 2.842, 2.894, -2.897, -2.956, 2.942, 2.921, -2.926, -3.739, 2.97, -3.713, -0.043, 0.046, -0.007, 0.004, -0.003, 0.0, 0.024, -0.033, 0.023, -0.02, 0.001, -0.007, -0.027, 0.028, 0.041, -0.025, 0.002, -0.01, -0.113, 0.032, 0.015, -0.04, -0.028, 0.014, -0.008, -0.044, 0.046, -0.007, 0.017, -0.001, 0.0, 0.024, -0.019, 0.022, -0.02, 0.001, -0.007, -0.027, 0.027, 0.003, -0.025, -0.04, -0.01, -0.113, 0.062, 0.014, -0.04, -0.028, 0.031, -0.008, -0.007, -0.007, 0.005, 0.005]]},
 "mtime": 25.66474751804148,
 "numbers": {"__ndarray__": [[81], "int64", [25, 25, 25, 25, 25, 25, 25, 25, 25, 25, 25, 25, 25, 25, 25, 25, 25, 25, 25, 25, 25, 25, 25, 25, 25, 25, 25, 8, 8, 8, 8, 8, 8, 8, 8, 8, 8, 8, 8, 8, 8, 8, 8, 8, 8, 8, 8, 8, 8, 8, 8, 8, 8, 8, 8, 8, 8, 8, 8, 8, 8, 8, 8, 8, 8, 8, 8, 8, 8, 8, 8, 8, 8, 8, 8, 8, 8, 1, 1, 1, 1]]},
 "pbc": {"__ndarray__": [[3], "bool", [true, true, true]]},
 "positions": {"__ndarray__": [[81, 3],