{"1": {
 "calculator": "vasp",
 "calculator_parameters": {"amix": 0.1, "amix_mag": 0.1, "bmix": 0.0001, "bmix_mag": 0.0001, "encut": 500, "sigma": 0.05, "ediff": 1e-05, "ediffg": -0.02, "algo": "normal", "gga": "PE", "prec": "Normal", "ibrion": 2, "isif": 2, "ismear": 0, "ispin": 2, "istart": 1, "kpar": 10, "ldauprint": 2, "ldautype": 2, "lmaxmix": 6, "lorbit": 11, "nelm": 250, "npar": 6, "nsw": 199, "inimix": 0, "laechg": true, "lasph": true, "ldau": true, "lvtot": false, "lreal": "Auto", "ldau_luj": {"Ti": {"L": 2, "U": 3.0, "J": 0.0}, "V": {"L": 2, "U": 3.25, "J": 0.0}, "Cr": {"L": 2, "U": 3.5, "J": 0.0}, "Mn": {"L": 2, "U": 2.75, "J": 0.0}, "Fe": {"L": 2, "U": 4.3, "J": 0.0}, "Co": {"L": 2, "U": 3.32, "J": 0.0}, "Ni": {"L": 2, "U": 6.45, "J": 0.0}, "Cu": {"L": 2, "U": 3.0, "J": 0.0}, "Mo": {"L": 2, "U": 4.38, "J": 0.0}, "W": {"L": 2, "U": 6.2, "J": 0.0}, "Ce": {"L": 3, "U": 4.5, "J": 0.0}, "O": {"L": -1, "U": 0.0, "J": 0.0}, "C": {"L": -1, "U": 0.0, "J": 0.0}, "Au": {"L": -1, "U": 0.0, "J": 0.0}, "Ir": {"L": -1, "U": 0.0, "J": 0.0}, "H": {"L": -1, "U": 0.0, "J": 0.0}}, "xc": "PBE", "pp": "PBE", "setups": {"base": "minimal"}, "txt": "-", "kpts": [3, 1, 1], "gamma": true, "reciprocal": false, "ignore_constraints": false},
 "cell": [[5.801699045203386, 0.0, 0.0], [0.0, 13.912083661090438, 0.0], [0.0, 0.0, 25.60045922505258]],
 "constraints": [{"name": "FixAtoms", "kwargs": {"indices": [0, 1, 2, 3, 4, 5, 6, 7, 8, 9, 10, 11, 12, 13, 14, 15, 40, 41, 42, 43, 44, 45, 46, 47, 48, 49, 50, 51, 52, 53, 54, 55]}}],
 "ctime": 23.06756338280754,
 "dipole": [[0.0, 0.0, 0.0]],
 "energy": -599.3929836,
 "forces": [[0.0, -0.484715, 0.64854], [-0.0, -0.487465, 0.646779], [0.0, -0.9712, -0.568075], [-0.0, -0.970874, -0.567044], [0.0, -0.112876, -0.216486], [0.0, -0.110728, -0.218375], [-0.0, 1.067527, 0.110955], [0.0, 1.069566, 0.113667], [0.0, 0.30355, -0.157076], [-0.0, 0.308968, -0.159797], [-0.0, 0.015704, 0.287864], [0.0, 0.022146, 0.282992], [-0.0, 0.111869, -0.146615], [-0.0, 0.105851, -0.155952], [-0.0, 0.106824, 0.052972], [0.0, 0.108976, 0.051134], [0.0, 0.010766, -0.007905], [0.0, 0.009632, -3.7e-05], [0.0, -0.008795, 0.00406], [-0.0, -0.005971, 0.005259], [0.0, -0.004905, -0.002219], [-0.0, -0.006371, -0.004182], [0.0, -0.006463, 0.005246], [0.0, -0.011243, -0.001173], [0.0, -0.005188, 0.000415], [0.0, -0.01014, 0.004634], [0.0, -0.013083, -0.007445], [-0.0, -0.001984, -0.000658], [0.0, 0.005344, -0.000936], [0.0, -0.010237, 0.010066], [0.0, -0.007783, -0.005386], [-0.0, -0.002793, -0.010249], [-0.0, 0.004375, 0.00592], [-0.0, -0.004454, 0.004446], [-0.0, -0.003886, -0.003642], [0.0, -0.006357, 0.002309], [0.0, 0.008351, 0.007686], [0.0, 0.010076, -0.008723], [-0.0, -0.016733, 0.002108], [0.0, -0.005913, -0.004173], [0.0, -0.484715, 0.64854], [0.0, -0.487465, 0.646779], [0.0, -0.9712, -0.568075], [-0.0, -0.970874, -0.567044], [-0.0, -0.112876, -0.216486], [0.0, -0.110728, -0.218375], [0.0, 1.067527, 0.110955], [-0.0, 1.069566, 0.113667], [0.0, 0.30355, -0.157076], [0.0, 0.308968, -0.159797], [0.0, 0.015704, 0.287864], [-0.0, 0.022146, 0.282992], [-0.0, 0.111869, -0.146615], [0.0, 0.105851, -0.155952], [-0.0, 0.106824, 0.052972], [0.0, 0.108976, 0.051134], [0.0, 0.010766, -0.007905], [0.0, 0.009632, -3.7e-05], [0.0, -0.008795, 0.00406], [0.0, -0.005971, 0.005259], [-0.0, -0.004905, -0.002219], [-0.0, -0.006371, -0.004182], [0.0, -0.006463, 0.005246], [0.0, -0.011243, -0.001173], [0.0, -0.005188, 0.000415], [0.0, -0.01014, 0.004634], [0.0, -0.013083, -0.007445], [-0.0, -0.001984, -0.000658], [-0.0, 0.005344, -0.000936], [-0.0, -0.010237, 0.010066], [-0.0, -0.007783, -0.005386], [0.0, -0.002793, -0.010249], [0.0, 0.004375, 0.00592], [-0.0, -0.004454, 0.004446], [-0.0, -0.003886, -0.003642], [0.0, -0.006357, 0.002309], [0.0, 0.008351, 0.007686], [-0.0, 0.010076, -0.008723], [0.0, -0.016733, 0.002108], [-0.0, -0.005913, -0.004173], [0.0, -0.002581, 0.000736], [0.0, -0.002581, 0.000736], [0.0, 0.003213, -0.001639], [-0.0, 0.003213, -0.001639]],
 "initial_magmoms": [3.0, -3.0, 0.0, 0.0, 0.0, 0.0, 0.0, 0.0, -3.0, 3.0, 3.0, -3.0, 0.0, 0.0, 0.0, 0.0, 0.0, 0.0, -3.0, 3.0, 0.0, 0.0, 0.0, 0.0, 3.0, -3.0, 0.0, 0.0, 0.0, 0.0, 0.0, 0.0, -3.0, 3.0, 3.0, -3.0, 0.0, 0.0, 0.0, 0.0, 3.0, -3.0, 0.0, 0.0, 0.0, 0.0, 0.0, 0.0, -3.0, 3.0, 3.0, -3.0, 0.0, 0.0, 0.0, 0.0, 0.0, 0.0, -3.0, 3.0, 0.0, 0.0, 0.0, 0.0, 3.0, -3.0, 0.0, 0.0, 0.0, 0.0, 0.0, 0.0, -3.0, 3.0, 3.0, -3.0, 0.0, 0.0, 0.0, 0.0, 0.0, 0.0, 0.0, 0.0],
 "magmom": 4.69e-05,
 "magmoms": [4.278, -4.278, -0.048, 0.048, -0.011, 0.011, -0.002, 0.002, -2.834, 2.834, 2.893, -2.893, 0.019, -0.018, 0.021, -0.021, 0.013, -0.013, -2.931, 2.93, -0.018, 0.018, 0.016, -0.016, 2.962, -2.962, -0.016, 0.016, -0.113, 0.113, 0.015, -0.015, -2.969, 2.969, 3.707, -3.707, -0.033, 0.033, -0.007, 0.007, 4.278, -4.278, -0.048, 0.048, -0.011, 0.011, -0.002, 0.002, -2.834, 2.834, 2.893, -2.893, 0.019, -0.018, 0.021, -0.021, 0.013, -0.013, -2.931, 2.93, -0.018, 0.018, 0.016, -0.016, 2.962, -2.962, -0.016, 0.016, -0.113, 0.113, 0.015, -0.015, -2.969, 2.969, 3.707, -3.707, -0.033, 0.033, -0.007, 0.007, -0.006, -0.006, 0.006, 0.006],
 "mtime": 23.06756338280754,
 "numbers": [25, 25, 8, 8, 8, 8, 8, 8, 25, 25, 25, 25, 8, 8, 8, 8, 8, 8, 25, 25, 8, 8, 8, 8, 25, 25, 8, 8, 8, 8, 8, 8, 25, 25, 25, 25, 8, 8, 8, 8, 25, 25, 8, 8, 8, 8, 8, 8, 25, 25, 25, 25, 8, 8, 8, 8, 8, 8, 25, 25, 8, 8, 8, 8, 25, 25, 8, 8, 8, 8, 8, 8, 25, 25, 25, 25, 8, 8, 8, 8, 1, 1, 1, 1],
 "pbc": [true, true, false],