{"1": {
 "calculator": "vasp",
 "calculator_parameters": {"amix": 0.1, "amix_mag": 0.1, "bmix": 0.0001, "bmix_mag": 0.0001, "encut": 500, "sigma": 0.05, "ediff": 1e-05, "ediffg": -0.02, "algo": "Normal", "gga": "PE", "prec": "Normal", "ibrion": 2, "isif": 2, "ismear": 0, "ispin": 2, "istart": 1, "ldauprint": 2, "ldautype": 2, "lmaxmix": 4, "lorbit": 11, "nelm": 250, "npar": 6, "nsw": 199, "inimix": 0, "laechg": true, "lasph": true, "ldau": true, "lvtot": false, "lreal": "Auto", "ldau_luj": {"Mn": {"L": 2, "U": 2.75, "J": 0.0}, "O": {"L": -1, "U": 0.0, "J": 0.0}, "H": {"L": -1, "U": 0.0, "J": 0.0}}, "pp": "pbe", "txt": "-", "kpts": [3, 1, 1], "gamma": true, "reciprocal": false, "ignore_constraints": false, "custom": {}},
 "cell": {"array": {"__ndarray__": [[3, 3], "float64", [5.835828759, 0.0, 0.0, 0.000127477, 14.04656213, 0.0, 0.0, 0.0, 25.60208127]]}, "__ase_objtype__": "cell"},
 "constraints": [{"name": "FixAtoms", "kwargs": {"indices": [0, 1, 2, 3, 4, 5, 6, 7, 8, 9, 10, 11, 27, 28, 29, 30, 31, 32, 33, 34, 35, 36, 37, 38, 39, 40, 41, 42, 43, 44, 45, 46]}}],
 "ctime": 25.6641187675702,
 "dipole": {"__ndarray__": [[1, 3], "float64", [0.0, 0.0, 0.0]]},
 "energy": -611.74509553,
 "forces": {"__ndarray__": [[89, 3], "float64", [-0.08113511, 1.26829885, 0.30751339, -0.00948718, 0.76319026, 0.63445834, 0.07860961, 1.24290287, 0.28760993, 0.00526651, 0.74607295, 0.60786467, 0.04511975, -0.69874646, -0.58457155, -0.10254266, -0.71445753, -0.4501549, 0.14828452, -0.52982107, -0.64120747, -0.09403064, -0.54434367, -0.50426966, -0.17821863, -0.03207253, -0.16831848, 0.17168146, -0.12669659, -0.06550442, -0.05319743, -0.58944322, -0.61431159, 0.04835946, -0.63316472, -0.55022927, 0.00091142, 0.00428607, 0.00203967, 0.00196076, -0.00149663, 0.00238769, 0.00278008, 0.00542167, 0.00117822, -0.00226426, 0.00113189, 0.00150223, 0.00289952, -0.00360802, -0.00222842, -0.00181546, -0.0040852, -0.00054215, -0.00180005, -0.00054928, 0.00323138, -4.351e-05, 0.00159188, 0.00469865, -0.00093067, 0.00068678, -0.00049843, -0.00042941, -0.0034401, -0.0004488, -0.00497378, -0.00349327, 0.00083163, -0.00437463, -0.00894088, -0.00357466, 0.00032089, 0.00253676, 0.00069987, -0.0001272, -0.0066603, 0.00333198, -0.00394669, -0.0023065, 0.00285337, 0.03043902, 0.79448237, -0.50320329, -0.003969, 0.84436675, -0.43729671, 0.13227122, 0.78782507, -0.63515383, -0.13350242, 0.8557979, -0.58044359, 0.07294375, 0.11621289, 0.05816394, -0.09690013, 0.17897265, 0.05870508, -0.88629769, -2.1528547, 1.31438886, 0.8648795, -2.13435735, 1.33921522, -0.1789742, 0.51865801, 0.21009864, 0.1871693, 0.57149793, 0.17454272, -0.4744209, -1.6504418, 0.68676514, 0.45816879, -1.68954283, 0.66578682, -0.02169642, 0.08072775, -0.02498631, 0.0191488, 0.13832579, -0.12782606, -0.0328843, 0.0384441, -0.06112219, 0.02146141, 0.13440984, -0.19551775, -0.51361567, 0.30891856, -0.00904918, 0.51375686, 0.35623854, -0.00568509, 1.25789767, 0.82466558, -0.09879613, -1.25669815, 0.85901016, -0.09531277, 0.00482731, 0.00277258, 0.00541207, 0.00144049, -0.00290715, -0.00901145, 0.00308407, 0.00081526, 0.00977639, -0.00356876, 0.00518921, 0.00048288, 0.00443874, -0.00373882, -0.00160123, 0.00031929, 0.00124326, -0.00304543, -0.00254759, 0.00731494, -0.00533369, 0.00506094, -0.00156875, -0.00376848, 0.00501316, 0.00247199, 0.00244596, -0.00707417, 0.01166894, 0.01356737, 0.00096142, -0.00155658, 0.01001971, 0.00231041, -0.0002115, -0.00253212, 0.00290687, 0.00525869, -0.00781071, 0.00020548, 1.415e-05, 7.465e-05, -0.00641795, 0.00950446, 0.01274303, 0.00056813, 0.00246585, -0.00236785, -0.00460182, -0.00322583, -0.00563042, 0.0048481, 0.00265868, -0.01844152, 0.00446694, 0.00200652, -4.38e-06, 0.00612247, 0.0083554, -0.00387803, -0.00120033, 0.00308174, -0.00275268, -0.0052411, -0.00846123, 0.00246501, 0.00412147, 0.00605484, 0.00868571, 0.00680731, 0.00951588, -0.00089314, -0.01049278, -0.00680669, -0.0047902, 0.00191398, 0.00591796, 0.00122598, -0.00235491, 0.00064055, -0.00138571, 0.00911941, -0.00552928, 0.00256924, 0.00719031, 0.00203879, 0.00866732, 0.00124428, 0.00759049, 0.00161854, 0.00419347, 0.00486312, -0.00820322, 0.00054675, -0.0006091, 0.0013688, 0.00108437, -0.00382551, 0.01259963, 0.00049483, -0.01160878, 0.00818807, -0.0014038, 0.00513488, -0.00568199, 0.00928281, -0.00330003, -0.00968309, 0.00427481, -0.00077668, -0.00011305, 0.00047334, -0.00047444, -0.00062548, 0.00209949, 0.0085431, 0.0010222, 0.00407095, 0.01021437, -0.00240296, 0.00968668, 0.00538719, -0.00669716, 0.005671, 0.00972626, -0.00389329]]},
 "free_energy": -611.75922223,
 "initial_magmoms": {"__ndarray__": [[89], "float64", [-4.213, -4.256, 4.213, 4.256, -2.876, 2.876, -2.851, 2.852, 2.837, -2.837, 3.273, -3.271, 2.949, -2.949, 2.948, -2.948, -2.934, -2.928, 2.934, 2.928, -2.955, 2.955, 2.953, 2.771, -2.769, 2.789, -2.791, -0.021, 0.022, -0.024, 0.024, 0.023, -0.023, -0.016, 0.016, -0.003, 0.003, 0.013, -0.013, -0.011, 0.012, -0.011, 0.011, -0.03, 0.03, -0.036, 0.037, 0.005, -0.005, 0.008, -0.008, -0.028, 0.028, -0.026, 0.026, 0.01, -0.01, 0.013, -0.013, -0.023, 0.023, -0.02, 0.02, 0.06, -0.061, -0.018, 0.018, 0.04, -0.04, 0.031, -0.031, 0.103, -0.1, 0.402, -0.402, -0.003, 0.003, -0.031, 0.031, 0.793, -0.795, 0.819, -0.818, 0.004, -0.004, 0.0, 0.0, 0.0, 0.0]]},
 "magmom": 3.1207119,
 "magmoms": {"__ndarray__": [[89], "float64", [-4.222, -4.258, 4.225, 4.261, -2.876, 2.879, -2.856, 2.859, 2.829, -2.841, 3.079, -3.103, 2.967, -2.949, 2.967, -2.957, -2.918, -2.895, 2.939, 2.935, -1.112, 2.944, 2.94, 2.865, -2.965, 2.887, -2.966, -0.028, 0.03, -0.03, 0.031, 0.025, -0.019, -0.025, 0.024, 0.002, 0.002, 0.009, -0.01, -0.02, 0.021, -0.015, 0.014, -0.026, 0.031, -0.052, 0.058, 0.004, 0.003, -0.003, 0.012, -0.037, 0.036, -0.03, 0.029, 0.002, -0.027, 0.005, 0.015, -0.018, 0.009, -0.018, -0.018, -0.417, -0.027, -0.028, 0.005, -0.418, -0.022, 0.015, -0.076, 0.14, -0.126, 0.01, -0.012, -0.367, 0.024, -0.116, 0.035, 0.399, -0.403, 0.426, -0.405, 0.002, -0.005, 0.007, 0.006, -0.008, -0.007]]},
 "mtime": 25.6641187675702,
 "numbers": {"__ndarray__": [[89], "int64", [25, 25, 25, 25, 25, 25, 25, 25, 25, 25, 25, 25, 25, 25, 25, 25, 25, 25, 25, 25, 25, 25, 25, 25, 25, 25, 25, 8, 8, 8, 8, 8, 8, 8, 8, 8, 8, 8, 8, 8, 8, 8, 8, 8, 8, 8, 8, 8, 8, 8, 8, 8, 8, 8, 8, 8, 8, 8, 8, 8, 8, 8, 8, 8, 8, 8, 8, 8, 8, 8, 8, 8, 8, 8, 8, 8, 8, 8, 8, 8, 8, 8, 8, 19, 19, 1, 1, 1, 1]]},
 "pbc": {"__ndarray__": [[3], "bool", [true, true, true]]},
 "positions": {"__ndarray__": [[89, 3],