{"1": {
 "calculator": "vasp",
 "calculator_parameters": {"amix": 0.1, "amix_mag": 0.1, "bmix": 0.0001, "bmix_mag": 0.0001, "encut": 500, "sigma": 0.05, "ediff": 1e-05, "ediffg": -0.02, "algo": "Normal", "gga": "PE", "prec": "Normal", "ibrion": 2, "isif": 2, "ismear": 0, "ispin": 2, "istart": 1, "ldauprint": 2, "ldautype": 2, "lmaxmix": 4, "lorbit": 11, "nelm": 250, "npar": 6, "nsw": 199, "inimix": 0, "laechg": true, "lasph": true, "ldau": true, "lvtot": false, "lreal": "Auto", "ldau_luj": {"Mn": {"L": 2, "U": 2.75, "J": 0.0}, "O": {"L": -1, "U": 0.0, "J": 0.0}, "H": {"L": -1, "U": 0.0, "J": 0.0}}, "pp": "pbe", "txt": "-", "kpts": [3, 1, 1], "gamma": true, "reciprocal": false, "ignore_constraints": false, "custom": {}},
 "cell": {"array": {"__ndarray__": [[3, 3], "float64", [5.835828759, 0.0, 0.0, 0.000127477, 14.04656213, 0.0, 0.0, 0.0, 25.60208127]]}, "__ase_objtype__": "cell"},
 "constraints": [{"name": "FixAtoms", "kwargs": {"indices": [0, 1, 2, 3, 4, 5, 6, 7, 8, 9, 10, 11, 27, 28, 29, 30, 31, 32, 33, 34, 35, 36, 37, 38, 39, 40, 41, 42, 43, 44, 45, 46]}}],
 "ctime": 25.664854862269717,
 "dipole": {"__ndarray__": [[1, 3], "float64", [0.0, 0.0, 0.0]]},
 "energy": -585.39510452,
 "forces": {"__ndarray__": [[83, 3], "float64", [0.00986581, 0.97237879, 0.46303428, -0.05192966, 0.6496201, 0.64964233, -0.01067521, 0.97234566, 0.50175204, 0.04682212, 0.66546846, 0.67535818, 0.06048895, -0.25876217, -0.54003648, -0.03383099, -0.24070148, -0.60150287, 0.05422513, -0.24747009, -0.85024739, -0.08735518, -0.207759, -0.91161053, -0.0448313, -0.06356636, -0.28872526, 0.09069381, 0.08444302, -0.26095109, 0.01785799, -0.28106807, -0.24423956, -0.03549044, -0.09277907, -0.10096409, -0.00168979, -0.00048601, -0.00075587, -0.0017943, -0.00257817, 0.00112497, 0.00176005, -0.00211463, -0.00195772, -0.00038459, 0.00012519, 0.00105984, 0.00010468, -0.0009846, 0.00293918, 0.00274976, 0.00027979, 0.00433565, -0.00075715, 0.00122109, 0.00200305, -0.00105186, -0.00275013, 0.00328165, 0.00028063, 0.00057984, 0.00144699, 0.00594178, 0.00903549, -0.00896646, 0.0023708, -0.00220642, 0.00031756, 0.00177303, 0.00290892, -0.0055903, 0.00337531, 0.00749238, -0.00361248, 0.00113923, 0.00326685, -0.00183049, -0.00680149, -0.00267512, -0.00511636, 0.00647267, 0.97843341, -0.36578453, 0.01584459, 0.95777796, -0.38614015, 0.12604477, 0.89582113, -0.51925878, -0.12702441, 0.87805614, -0.56423438, 0.04962414, 0.11851934, 0.1087397, -0.07059107, 0.10878582, 0.14992302, 0.00477854, -1.65069472, 0.78748306, -0.07447353, -1.638621, 0.75501495, -0.1269324, 0.20417094, 0.18424246, 0.12799204, 0.12621418, 0.18746395, -0.08467679, -1.49119741, 0.62938012, 0.07847112, -1.48949174, 0.62319605, -0.14660832, -0.18590355, -0.02036153, 0.21512094, -0.14447541, -0.21195072, -0.08493399, -0.12824496, -0.06926782, 0.11056711, -0.14256499, -0.18843688, -0.21317479, 0.12921285, 0.15328046, 0.23721511, 0.14371512, 0.08614578, 0.39668948, 0.22604716, 0.15256467, -0.42293898, 0.20700034, 0.02730317, 0.00244381, 0.00350036, 0.01363642, 0.0013128, 0.00313917, 0.00365335, -0.00439751, -0.00880068, 6.351e-05, -0.00120306, 0.00071639, -0.00347112, -0.00460507, 0.00307204, 0.00213293, 0.00746373, -0.00514591, -0.00249004, -0.00173236, -0.00382121, 0.00433369, 0.00500418, 0.00566108, 0.00479608, -0.00815689, 0.0015769, 0.00239286, -0.00053313, 0.00225464, -0.00461878, -0.01054265, 0.00159714, -0.00224185, 0.00186993, -0.00266197, -0.00344599, -0.00380991, 0.0022291, -0.0046332, 0.00134785, -0.00685992, -0.00181447, 0.0020569, 0.00277426, -0.00209971, 0.00436386, -0.00700571, -0.00013893, 0.00246483, -0.00297468, 0.0008982, -0.00561931, 0.01043204, 0.01423987, -0.00391587, -0.01164316, 0.00301197, -0.00126171, -0.00952732, -0.00995167, 0.00280679, -0.00916321, 0.00491315, -0.00316354, 0.00971373, 0.00054918, 0.0027181, 0.00183768, 0.0106107, 0.00245884, -0.00029295, 0.00066844, 0.00377267, -0.01374601, -0.00813633, -0.01155986, -0.01131305, 0.00381906, -0.00184552, -0.01690199, 0.00093481, -0.00257398, 0.01096126, -0.00720036, -0.0074092, 0.00123308, -0.00845146, -0.003445, 0.00763319, 0.00253258, -0.00058976, -0.00181263, 0.00121143, 0.00258183, -0.00082858, -0.00339982, 0.00231902, -0.0031911, 0.00059931, -0.00300091, 0.00215986, 0.00277013, -0.00480905, -0.01300091, -0.00032531, -0.00113416, -0.00762577, -0.01483999]]},
 "free_energy": -585.40386516,
 "initial_magmoms": {"__ndarray__": [[83], "float64", [-4.202, -4.256, 4.196, 4.254, -2.868, 2.863, -2.831, 2.823, 2.854, -2.857, 3.498, -3.53, 2.942, -2.942, 2.945, -2.962, -2.927, -2.934, 2.923, 2.921, -2.978, 3.758, -2.988, 3.748, 3.717, 3.72, -3.649, -0.018, 0.017, -0.023, 0.021, 0.016, -0.014, 0.011, -0.015, -0.002, 0.002, 0.014, -0.014, -0.004, 0.005, -0.009, 0.011, -0.032, 0.035, -0.001, -0.004, 0.008, -0.01, 0.023, -0.026, -0.018, 0.026, -0.023, 0.028, 0.026, -0.007, 0.028, -0.034, 0.027, 0.011, 0.02, -0.02, 0.113, -0.002, -0.013, 0.05, 0.121, -0.023, 0.049, -0.015, 0.036, -0.034, 0.037, -0.024, 0.004, 0.002, 0.003, -0.002, -0.007, -0.006, 0.007, 0.007]]},
 "magmom": 5.9349606,
 "magmoms": {"__ndarray__": [[83], "float64", [-4.201, -4.256, 4.197, 4.254, -2.867, 2.863, -2.83, 2.823, 2.854, -2.857, 3.499, -3.529, 2.942, -2.943, 2.945, -2.962, -2.928, -2.935, 2.923, 2.922, -2.979, 3.758, -2.987, 3.751, 3.717, 3.72, -3.65, -0.018, 0.017, -0.022, 0.021, 0.016, -0.014, 0.011, -0.015, -0.002, 0.002, 0.014, -0.014, -0.004, 0.005, -0.009, 0.011, -0.032, 0.035, -0.001, -0.004, 0.008, -0.01, 0.023, -0.025, -0.018, 0.026, -0.023, 0.028, 0.026, -0.007, 0.028, -0.034, 0.028, 0.011, 0.02, -0.02, 0.112, -0.003, -0.013, 0.05, 0.121, -0.023, 0.05, -0.015, 0.037, -0.035, 0.037, -0.024, 0.003, 0.002, 0.003, -0.002, -0.007, -0.006, 0.007, 0.007]]},
 "mtime": 25.664854862269717,
 "numbers": {"__ndarray__": [[83], "int64", [25, 25, 25, 25, 25, 25, 25, 25, 25, 25, 25, 25, 25, 25, 25, 25, 25, 25, 25, 25, 25, 25, 25, 25, 25, 25, 25, 8, 8, 8, 8, 8, 8, 8, 8, 8, 8, 8, 8, 8, 8, 8, 8, 8, 8, 8, 8, 8, 8, 8, 8, 8, 8, 8, 8, 8, 8, 8, 8, 8, 8, 8, 8, 8, 8, 8, 8, 8, 8, 8, 8, 8, 8, 8, 8, 8, 8, 19, 19, 1, 1, 1, 1]]},
 "pbc": {"__ndarray__": [[3], "bool", [true, true, true]]},
 "positions": {"__ndarray__": [[83, 3],