{"1": {
 "calculator": "vasp",
 "calculator_parameters": {"amix": 0.1, "amix_mag": 0.1, "bmix": 0.0001, "bmix_mag": 0.0001, "encut": 500, "sigma": 0.05, "ediff": 1e-05, "ediffg": -0.02, "algo": "normal", "gga": "PE", "prec": "Normal", "ibrion": 2, "isif": 2, "ismear": 0, "ispin": 2, "istart": 1, "kpar": 10, "ldauprint": 2, "ldautype": 2, "lmaxmix": 6, "lorbit": 11, "nelm": 250, "npar": 6, "nsw": 199, "inimix": 0, "laechg": true, "lasph": true, "ldau": true, "lvtot": false, "lreal": "Auto", "ldau_luj": {"Ti": {"L": 2, "U": 3.0, "J": 0.0}, "V": {"L": 2, "U": 3.25, "J": 0.0}, "Cr": {"L": 2, "U": 3.5, "J": 0.0}, "Mn": {"L": 2, "U": 2.75, "J": 0.0}, "Fe": {"L": 2, "U": 4.3, "J": 0.0}, "Co": {"L": 2, "U": 3.32, "J": 0.0}, "Ni": {"L": 2, "U": 6.45, "J": 0.0}, "Cu": {"L": 2, "U": 3.0, "J": 0.0}, "Mo": {"L": 2, "U": 4.38, "J": 0.0}, "W": {"L": 2, "U": 6.2, "J": 0.0}, "Ce": {"L": 3, "U": 4.5, "J": 0.0}, "O": {"L": -1, "U": 0.0, "J": 0.0}, "C": {"L": -1, "U": 0.0, "J": 0.0}, "Au": {"L": -1, "U": 0.0, "J": 0.0}, "Ir": {"L": -1, "U": 0.0, "J": 0.0}, "H": {"L": -1, "U": 0.0, "J": 0.0}}, "xc": "PBE", "pp": "PBE", "setups": {"base": "minimal"}, "txt": "-", "kpts": [3, 1, 1], "gamma": true, "reciprocal": false, "ignore_constraints": false},
 "cell": [[5.801699045203386, 0.0, 0.0], [0.0, 13.912083661090438, 0.0], [0.0, 0.0, 25.60045922505258]],
 "constraints": [{"name": "FixAtoms", "kwargs": {"indices": [0, 1, 2, 3, 4, 5, 6, 7, 8, 9, 10, 11, 12, 13, 14, 15, 42, 43, 44, 45, 46, 47, 48, 49, 50, 51, 52, 53, 54, 55, 56, 57]}}],
 "ctime": 23.06704233777873,
 "dipole": [[0.0, 0.0, 0.0]],
 "energy": -617.30877079,
 "forces": [[1.1e-05, -0.624579, 0.98301], [1.2e-05, -0.624965, 0.980131], [4e-06, -0.434061, -1.097835], [2e-06, -0.431831, -1.09809], [-0.000174, -0.059729, -0.317401], [-0.000277, -0.058772, -0.318902], [-0.00079, 0.994884, -0.109611], [-0.000827, 0.996243, -0.108233], [0.000562, -0.003184, 0.357155], [0.000435, -0.000467, 0.352719], [-0.002198, 0.012842, 0.300192], [-0.001987, 0.019398, 0.292791], [-0.002849, -0.005043, -0.152182], [-0.003344, -0.003098, -0.150031], [-0.000308, 0.166778, 0.014444], [-0.000307, 0.167214, 0.013069], [-0.003973, -0.00961, 0.006411], [0.011202, 0.001017, -0.001215], [0.005021, -0.008416, 0.009191], [0.005816, -0.003757, -0.00358], [-0.005358, -0.003049, 0.002071], [-0.010978, -0.007338, 0.004421], [0.001551, -0.008794, 0.008878], [0.002045, -0.006171, -0.010843], [0.002232, 0.001911, 0.008051], [0.003984, -0.004206, 0.007181], [0.001155, 0.012074, -0.004522], [-0.00333, -0.008287, 0.011204], [-0.002563, 0.00655, 0.004951], [-0.003711, -0.004469, 0.008921], [-0.002505, -0.011938, 0.002321], [0.003948, -0.002432, -0.000108], [0.001422, -0.006222, -0.004016], [-0.004258, -0.005287, -0.006133], [0.001372, -0.001529, 0.005184], [0.004018, -0.016344, 0.004331], [0.005824, -0.017903, 0.004348], [0.001029, 0.002448, -0.008077], [0.008732, 0.00608, -0.003779], [-0.006357, 0.01329, 0.008278], [0.003922, 0.00381, -0.004994], [-0.009049, -0.00855, 0.001553], [1.1e-05, -0.624579, 0.98301], [1.2e-05, -0.624965, 0.980131], [4e-06, -0.434061, -1.097835], [2e-06, -0.431831, -1.09809], [-0.000174, -0.059729, -0.317401], [-0.000277, -0.058772, -0.318902], [-0.00079, 0.994884, -0.109611], [-0.000827, 0.996243, -0.108233], [0.000562, -0.003184, 0.357155], [0.000435, -0.000467, 0.352719], [-0.002198, 0.012842, 0.300192], [-0.001987, 0.019398, 0.292791], [-0.002849, -0.005043, -0.152182], [-0.003344, -0.003098, -0.150031], [-0.000308, 0.166778, 0.014444], [-0.000307, 0.167214, 0.013069], [-0.003973, -0.00961, 0.006411], [0.011202, 0.001017, -0.001215], [0.005021, -0.008416, 0.009191], [0.005816, -0.003757, -0.00358], [-0.005358, -0.003049, 0.002071], [-0.010978, -0.007338, 0.004421], [0.001551, -0.008794, 0.008878], [0.002045, -0.006171, -0.010843], [0.002232, 0.001911, 0.008051], [0.003984, -0.004206, 0.007181], [0.001155, 0.012074, -0.004522], [-0.00333, -0.008287, 0.011204], [-0.002563, 0.00655, 0.004951], [-0.003711, -0.004469, 0.008921], [-0.002505, -0.011938, 0.002321], [0.003948, -0.002432, -0.000108], [0.001422, -0.006222, -0.004016], [-0.004258, -0.005287, -0.006133], [0.001372, -0.001529, 0.005184], [0.004018, -0.016344, 0.004331], [0.005824, -0.017903, 0.004348], [0.001029, 0.002448, -0.008077], [0.008732, 0.00608, -0.003779], [-0.006357, 0.01329, 0.008278], [0.003922, 0.00381, -0.004994], [-0.009049, -0.00855, 0.001553], [0.006611, -0.009899, 0.003264], [0.006611, -0.009899, 0.003264], [-0.005768, -0.014608, 0.005485], [-0.005768, -0.014608, 0.005485]],
 "initial_magmoms": [3.0, -3.0, 0.0, 0.0, 0.0, 0.0, 0.0, 0.0, -3.0, 3.0, 3.0, -3.0, 0.0, 0.0, 0.0, 0.0, 0.0, 0.0, -3.0, 3.0, 0.0, 0.0, 0.0, 0.0, 3.0, -3.0, 0.0, 0.0, 0.0, 0.0, 0.0, 0.0, -3.0, 3.0, 3.0, -3.0, 0.0, 0.0, 0.0, 0.0, 0.0, 0.0, 3.0, -3.0, 0.0, 0.0, 0.0, 0.0, 0.0, 0.0, -3.0, 3.0, 3.0, -3.0, 0.0, 0.0, 0.0, 0.0, 0.0, 0.0, -3.0, 3.0, 0.0, 0.0, 0.0, 0.0, 3.0, -3.0, 0.0, 0.0, 0.0, 0.0, 0.0, 0.0, -3.0, 3.0, 3.0, -3.0, 0.0, 0.0, 0.0, 0.0, 0.0, 0.0, 0.0, 0.0, 0.0, 0.0],
 "magmom": 0.000257,
 "magmoms": [4.235, -4.235, -0.019, 0.018, -0.02, 0.02, 0.011, -0.011, -2.884, 2.884, 2.876, -2.876, 0.022, -0.021, 0.012, -0.012, 0.002, -0.002, -2.945, 2.945, -0.026, 0.026, 0.009, -0.009, 2.909, -2.909, -0.023, 0.023, -0.043, 0.043, 0.017, -0.017, -2.916, 2.916, 2.899, -2.899, -0.361, 0.361, 0.008, -0.008, 0.198, -0.197, 4.235, -4.235, -0.019, 0.018, -0.02, 0.02, 0.011, -0.011, -2.884, 2.884, 2.876, -2.876, 0.022, -0.021, 0.012, -0.012, 0.002, -0.002, -2.945, 2.945, -0.026, 0.026, 0.009, -0.009, 2.909, -2.909, -0.023, 0.023, -0.043, 0.043, 0.017, -0.017, -2.916, 2.916, 2.899, -2.899, -0.361, 0.361, 0.008, -0.008, 0.198, -0.197, 0.007, 0.007, -0.007, -0.007],
 "mtime": 23.06704233777873,
 "numbers": [25, 25, 8, 8, 8, 8, 8, 8, 25, 25, 25, 25, 8, 8, 8, 8, 8, 8, 25, 25, 8, 8, 8, 8, 25, 25, 8, 8, 8, 8, 8, 8, 25, 25, 25, 25, 8, 8, 8, 8, 8, 8, 25, 25, 8, 8, 8, 8, 8, 8, 25, 25, 25, 25, 8, 8, 8, 8, 8, 8, 25, 25, 8, 8, 8, 8, 25, 25, 8, 8, 8, 8, 8, 8, 25, 25, 25, 25, 8, 8, 8, 8, 8, 8, 1, 1, 1, 1],
 "pbc": [true, true, false],