{"1": {
 "calculator": "vasp",
 "calculator_parameters": {"amix": 0.1, "amix_mag": 0.1, "bmix": 0.0001, "bmix_mag": 0.0001, "encut": 500, "sigma": 0.05, "ediff": 1e-05, "ediffg": -0.02, "algo": "normal", "gga": "PE", "prec": "Normal", "ibrion": 2, "isif": 2, "ismear": 0, "ispin": 2, "istart": 1, "kpar": 10, "ldauprint": 2, "ldautype": 2, "lmaxmix": 6, "lorbit": 11, "nelm": 250, "npar": 6, "nsw": 199, "inimix": 0, "laechg": true, "lasph": true, "ldau": true, "lvtot": false, "lreal": "Auto", "ldau_luj": {"Ti": {"L": 2, "U": 3.0, "J": 0.0}, "V": {"L": 2, "U": 3.25, "J": 0.0}, "Cr": {"L": 2, "U": 3.5, "J": 0.0}, "Mn": {"L": 2, "U": 2.75, "J": 0.0}, "Fe": {"L": 2, "U": 4.3, "J": 0.0}, "Co": {"L": 2, "U": 3.32, "J": 0.0}, "Ni": {"L": 2, "U": 6.45, "J": 0.0}, "Cu": {"L": 2, "U": 3.0, "J": 0.0}, "Mo": {"L": 2, "U": 4.38, "J": 0.0}, "W": {"L": 2, "U": 6.2, "J": 0.0}, "Ce": {"L": 3, "U": 4.5, "J": 0.0}, "O": {"L": -1, "U": 0.0, "J": 0.0}, "C": {"L": -1, "U": 0.0, "J": 0.0}, "Au": {"L": -1, "U": 0.0, "J": 0.0}, "Ir": {"L": -1, "U": 0.0, "J": 0.0}, "H": {"L": -1, "U": 0.0, "J": 0.0}}, "xc": "PBE", "pp": "PBE", "setups": {"base": "minimal"}, "txt": "-", "kpts": [3, 1, 1], "gamma": true, "reciprocal": false, "ignore_constraints": false},
 "cell": [[5.801699045203386, 0.0, 0.0], [0.0, 13.912083661090438, 0.0], [0.0, 0.0, 25.60045922505258]],
 "constraints": [{"name": "FixAtoms", "kwargs": {"indices": [0, 1, 2, 3, 4, 5, 6, 7, 8, 9, 10, 11, 12, 13, 14, 15, 42, 43, 44, 45, 46, 47, 48, 49, 50, 51, 52, 53, 54, 55, 56, 57]}}],
 "ctime": 23.0668838045176,
 "dipole": [[0.0, 0.0, 0.0]],
 "energy": -593.70496404,
 "forces": [[0.0, -0.613121, 0.962808], [0.0, -0.615375, 0.962289], [0.0, -0.459225, -1.065534], [-0.0, -0.459614, -1.063698], [-0.0, -0.060074, -0.302552], [0.0, -0.05899, -0.304951], [0.0, 1.010458, -0.092823], [0.0, 1.00985, -0.091765], [-0.0, 0.011843, 0.3261], [0.0, 0.014548, 0.322795], [-0.0, -0.007546, 0.313301], [0.0, -0.007133, 0.309625], [0.0, -0.039695, -0.190077], [0.0, -0.042237, -0.190343], [0.0, 0.162116, 0.023229], [0.0, 0.163955, 0.02073], [-0.0, 0.00069, 0.000349], [0.0, -0.00396, -0.002034], [0.0, 0.001986, 0.001711], [-0.0, 0.003599, -0.00334], [0.0, -0.00741, 0.000384], [-0.0, -0.005141, -0.003924], [0.0, 0.00402, 0.007053], [-0.0, -0.008634, 0.00109], [-0.0, 0.005992, 0.005792], [0.0, 0.002994, 0.003657], [-0.0, -0.005858, 0.010531], [-0.0, 0.011298, 0.011203], [0.0, 0.005886, 0.004858], [-0.0, -0.003358, 0.012582], [0.0, -0.006921, -0.005819], [0.0, -0.016041, -0.002053], [0.0, -0.001894, 0.002149], [0.0, -0.003839, -0.00282], [0.0, 0.003501, 0.005812], [-0.0, 0.00163, -0.002093], [0.0, 0.004187, 0.000722], [-0.0, 0.003867, 0.007922], [-0.0, 0.002304, 0.003692], [-0.0, 0.002251, -0.007713], [-0.0, -0.001056, 0.005325], [-0.0, 0.000148, 0.005832], [0.0, -0.613121, 0.962808], [0.0, -0.615375, 0.962289], [0.0, -0.459225, -1.065534], [-0.0, -0.459614, -1.063698], [-0.0, -0.060074, -0.302552], [0.0, -0.05899, -0.304951], [0.0, 1.010458, -0.092823], [0.0, 1.00985, -0.091765], [-0.0, 0.011843, 0.3261], [-0.0, 0.014548, 0.322795], [0.0, -0.007546, 0.313301], [0.0, -0.007133, 0.309625], [-0.0, -0.039695, -0.190077], [0.0, -0.042237, -0.190343], [0.0, 0.162116, 0.023229], [-0.0, 0.163955, 0.02073], [-0.0, 0.00069, 0.000349], [-0.0, -0.00396, -0.002034], [0.0, 0.001986, 0.001711], [-0.0, 0.003599, -0.00334], [-0.0, -0.00741, 0.000384], [-0.0, -0.005141, -0.003924], [-0.0, 0.00402, 0.007053], [0.0, -0.008634, 0.00109], [0.0, 0.005992, 0.005792], [-0.0, 0.002994, 0.003657], [-0.0, -0.005858, 0.010531], [0.0, 0.011298, 0.011203], [0.0, 0.005886, 0.004858], [-0.0, -0.003358, 0.012582], [-0.0, -0.006921, -0.005819], [0.0, -0.016041, -0.002053], [0.0, -0.001894, 0.002149], [0.0, -0.003839, -0.00282], [0.0, 0.003501, 0.005812], [0.0, 0.00163, -0.002093], [-0.0, 0.004187, 0.000722], [0.0, 0.003867, 0.007922], [0.0, 0.002304, 0.003692], [-0.0, 0.002251, -0.007713], [0.0, -0.001056, 0.005325], [-0.0, 0.000148, 0.005832]],
 "initial_magmoms": [3.0, -3.0, 0.0, 0.0, 0.0, 0.0, 0.0, 0.0, -3.0, 3.0, 3.0, -3.0, 0.0, 0.0, 0.0, 0.0, 0.0, 0.0, -3.0, 3.0, 0.0, 0.0, 0.0, 0.0, 3.0, -3.0, 0.0, 0.0, 0.0, 0.0, 0.0, 0.0, -3.0, 3.0, 3.0, -3.0, 0.0, 0.0, 0.0, 0.0, 0.0, 0.0, 3.0, -3.0, 0.0, 0.0, 0.0, 0.0, 0.0, 0.0, -3.0, 3.0, 3.0, -3.0, 0.0, 0.0, 0.0, 0.0, 0.0, 0.0, -3.0, 3.0, 0.0, 0.0, 0.0, 0.0, 3.0, -3.0, 0.0, 0.0, 0.0, 0.0, 0.0, 0.0, -3.0, 3.0, 3.0, -3.0, 0.0, 0.0, 0.0, 0.0, 0.0, 0.0],
 "magmom": 0.0017241,
 "magmoms": [4.238, -4.237, -0.02, 0.02, -0.02, 0.02, 0.01, -0.01, -2.882, 2.882, 2.878, -2.878, 0.02, -0.02, 0.013, -0.013, 0.002, -0.002, -2.94, 2.94, -0.025, 0.025, 0.013, -0.013, 2.918, -2.918, -0.025, 0.025, -0.051, 0.051, 0.02, -0.02, -2.929, 2.929, 2.649, -2.648, -0.383, 0.383, 0.013, -0.013, 0.785, -0.787, 4.238, -4.237, -0.02, 0.02, -0.02, 0.02, 0.01, -0.01, -2.882, 2.882, 2.878, -2.878, 0.02, -0.02, 0.013, -0.013, 0.002, -0.002, -2.94, 2.94, -0.025, 0.025, 0.013, -0.013, 2.918, -2.918, -0.025, 0.025, -0.051, 0.051, 0.02, -0.02, -2.929, 2.929, 2.649, -2.648, -0.383, 0.383, 0.013, -0.013, 0.785, -0.787],
 "mtime": 23.0668838045176,
 "numbers": [25, 25, 8, 8, 8, 8, 8, 8, 25, 25, 25, 25, 8, 8, 8, 8, 8, 8, 25, 25, 8, 8, 8, 8, 25, 25, 8, 8, 8, 8, 8, 8, 25, 25, 25, 25, 8, 8, 8, 8, 8, 8, 25, 25, 8, 8, 8, 8, 8, 8, 25, 25, 25, 25, 8, 8, 8, 8, 8, 8, 25, 25, 8, 8, 8, 8, 25, 25, 8, 8, 8, 8, 8, 8, 25, 25, 25, 25, 8, 8, 8, 8, 8, 8],
 "pbc": [true, true, false],