{"1": {
 "calculator": "vasp",
 "calculator_parameters": {"amix": 0.1, "amix_mag": 0.1, "bmix": 0.0001, "bmix_mag": 0.0001, "encut": 500, "sigma": 0.05, "ediff": 1e-05, "ediffg": -0.02, "algo": "Normal", "gga": "PE", "prec": "Normal", "ibrion": 2, "isif": 2, "ismear": 0, "ispin": 2, "istart": 1, "ldauprint": 2, "ldautype": 2, "lmaxmix": 4, "lorbit": 11, "nelm": 250, "npar": 6, "nsw": 199, "inimix": 0, "laechg": true, "lasph": true, "ldau": true, "lvtot": false, "lreal": "Auto", "ldau_luj": {"Mn": {"L": 2, "U": 2.75, "J": 0.0}, "O": {"L": -1, "U": 0.0, "J": 0.0}, "H": {"L": -1, "U": 0.0, "J": 0.0}}, "pp": "pbe", "txt": "-", "kpts": [3, 2, 1], "gamma": true, "reciprocal": false, "ignore_constraints": false, "custom": {}},
 "cell": {"array": {"__ndarray__": [[3, 3], "float64", [5.835828759, 0.0, 0.0, 0.000177915, 9.967130154, 0.0, 0.0, 0.0, 28.15797]]}, "__ase_objtype__": "cell"},
 "constraints": [{"name": "FixAtoms", "kwargs": {"indices": [0, 1, 2, 3, 4, 5, 6, 7, 8, 9, 10, 11, 12, 13, 40, 41, 42, 43, 44, 45, 46, 47, 59]}}],
 "ctime": 25.663808350075854,
 "dipole": {"__ndarray__": [[1, 3], "float64", [0.0, 0.0, 0.0]]},
 "energy": -434.80014311,
 "forces": {"__ndarray__": [[63, 3], "float64", [0.1049475, -2.65235141, -0.00239149, -0.0571333, -2.66838708, -0.09608127, -1.06311358, -0.71465707, -1.08795651, 0.59895014, -0.02787646, -1.24432826, 0.69681397, 2.32103476, -0.48994811, -0.42347887, 2.00695162, -0.45543353, 0.16080299, -0.09540781, -0.06839811, -0.02517762, -0.09110145, -0.13740699, -0.02193648, 0.08931072, 0.46276574, -0.00868091, 0.05502125, 0.75428883, -0.00501484, -0.17469522, 0.1820001, 0.11132323, 0.01378516, 0.02217251, -0.09121476, 0.1027616, 0.322188, 0.05582099, 0.0038431, 0.03302305, -0.00256618, 0.00068784, -0.00165092, -0.00083504, -0.002053, -0.00308095, -0.00652949, -0.0013052, -0.00197999, 0.00409816, 0.00457414, -0.00059334, -0.00162405, -0.00461306, 0.00523925, -0.0041896, 0.00642259, -0.00582789, 0.00767879, -0.00832027, 0.00078988, 0.00135473, 0.00614125, 0.00167133, -0.00288578, -0.0092884, -0.0021599, -0.00679675, 0.00962132, 0.0112697, -0.00277289, -0.00025227, 0.00672374, -0.00608488, -0.00317274, 0.00303273, -0.00354631, -0.00725721, 0.00085877, 0.00676659, 0.00441746, 1.867e-05, -0.00896513, -0.00064884, -2.777e-05, -0.00142878, -0.00206784, -0.00194567, 0.00403993, 0.00202723, 0.0004887, 0.00923057, 0.00855661, 0.00586654, -0.00056425, 0.00237151, 0.00131393, 0.00042069, 0.00036647, 0.00480697, -0.00092005, -0.00910776, -0.00072173, -0.00296562, 0.00106746, 0.00289264, -0.00664674, -0.00294708, 0.00042373, 0.0018232, -0.00244193, -0.00228687, -0.0040737, -0.00310621, 0.00671423, 0.00816058, 0.00404689, 0.0003749, -0.06490843, 2.94288126, 1.07055451, -0.04973473, 3.38001875, 1.06038985, -0.05424084, -2.67641103, 1.35271947, 0.29343528, -1.87388187, -0.0835529, -0.33965912, 0.23333589, -0.53025402, 0.01453762, 0.04694653, -0.38631407, -0.04177953, -0.17784055, -0.07588568, 0.24583194, 0.00040493, -0.13190765, -0.00233905, -0.00050173, -0.00116699, -0.00232431, 0.00017, -0.00245679, 0.00112328, 0.00113515, -0.00122536, -0.00078529, 0.00054753, 0.00029293, 8.924e-05, -0.00176362, 0.00025422, -0.00330313, -0.00146931, -0.00343867, 0.00082932, -0.00200944, -0.0026793, -0.00039894, -0.00497365, -0.00173941, 0.00382528, -3.77e-06, 0.00095053, -0.00339729, -5.636e-05, -0.00266136, -0.00315208, -0.00211734, 0.00282493, -0.01891783, 0.00073058, -0.48592396, 4.22e-05, -0.00382523, -0.0072991, 0.00080303, -0.00871188, 0.00181214, 0.01133688, -0.01455552, 2.02e-06]]},
 "free_energy": -434.82123136,
 "initial_magmoms": {"__ndarray__": [[63], "float64", [0.809, 0.792, -0.006, -0.006, -0.33, -0.259, 0.04, 0.042, -0.069, -0.035, -0.024, -0.023, 0.011, 0.009, -0.02, -0.023, -0.005, 0.004, -0.005, -0.007, 0.008, 0.011, 0.024, 0.029, -0.02, -0.023, 0.052, 0.053, -0.015, -0.016, 0.006, 0.006, -0.031, -0.024, -0.007, -0.027, -0.012, 0.016, -0.635, -0.636, -3.735, -3.691, 3.315, 3.678, 2.91, 2.9, -2.89, -2.891, 2.957, 2.956, -2.934, -2.928, -2.962, -2.984, 2.941, 2.941, -2.913, 2.732, 2.731, -0.005, 0.004, 0.0, 0.0]]},
 "magmom": 3.1461118,
 "magmoms": {"__ndarray__": [[63], "float64", [0.803, 0.793, -0.01, -0.003, -0.332, -0.267, 0.048, 0.048, -0.071, -0.038, -0.029, -0.032, 0.011, 0.007, -0.021, -0.027, -0.006, 0.004, -0.001, -0.003, 0.003, 0.006, 0.024, 0.02, -0.017, -0.037, 0.029, 0.025, -0.021, -0.02, 0.039, 0.039, 0.063, -0.029, -0.17, -0.022, 0.017, -0.031, -0.029, -0.076, -3.737, -3.693, 3.305, 3.667, 2.923, 2.912, -2.891, -2.891, 2.953, 2.956, -2.926, -2.887, -2.983, -2.968, 2.878, 2.878, -2.85, 2.95, 2.793, -0.005, 0.002, 0.008, 0.007]]},
 "mtime": 25.663808350075854,
 "numbers": {"__ndarray__": [[63], "int64", [8, 8, 8, 8, 8, 8, 8, 8, 8, 8, 8, 8, 8, 8, 8, 8, 8, 8, 8, 8, 8, 8, 8, 8, 8, 8, 8, 8, 8, 8, 8, 8, 8, 8, 8, 8, 8, 8, 8, 8, 25, 25, 25, 25, 25, 25, 25, 25, 25, 25, 25, 25, 25, 25, 25, 25, 25, 25, 25, 19, 19, 1, 1]]},
 "pbc": {"__ndarray__": [[3], "bool", [true, true, true]]},
 "positions": {"__ndarray__": [[63, 3],