{"1": {
 "calculator": "vasp",
 "calculator_parameters": {"amix": 0.1, "amix_mag": 0.1, "bmix": 0.0001, "bmix_mag": 0.0001, "encut": 500, "sigma": 0.05, "ediff": 1e-05, "ediffg": -0.02, "algo": "normal", "gga": "PE", "prec": "Normal", "ibrion": 2, "isif": 2, "ismear": 0, "ispin": 2, "istart": 1, "kpar": 10, "ldauprint": 2, "ldautype": 2, "lmaxmix": 6, "lorbit": 11, "nelm": 250, "npar": 6, "nsw": 199, "inimix": 0, "laechg": true, "lasph": true, "ldau": true, "lvtot": false, "lreal": "Auto", "ldau_luj": {"Ti": {"L": 2, "U": 3.0, "J": 0.0}, "V": {"L": 2, "U": 3.25, "J": 0.0}, "Cr": {"L": 2, "U": 3.5, "J": 0.0}, "Mn": {"L": 2, "U": 2.75, "J": 0.0}, "Fe": {"L": 2, "U": 4.3, "J": 0.0}, "Co": {"L": 2, "U": 3.32, "J": 0.0}, "Ni": {"L": 2, "U": 6.45, "J": 0.0}, "Cu": {"L": 2, "U": 3.0, "J": 0.0}, "Mo": {"L": 2, "U": 4.38, "J": 0.0}, "W": {"L": 2, "U": 6.2, "J": 0.0}, "Ce": {"L": 3, "U": 4.5, "J": 0.0}, "O": {"L": -1, "U": 0.0, "J": 0.0}, "C": {"L": -1, "U": 0.0, "J": 0.0}, "Au": {"L": -1, "U": 0.0, "J": 0.0}, "Ir": {"L": -1, "U": 0.0, "J": 0.0}, "H": {"L": -1, "U": 0.0, "J": 0.0}}, "xc": "PBE", "pp": "PBE", "setups": {"base": "minimal"}, "txt": "-", "kpts": [3, 2, 1], "gamma": true, "reciprocal": false, "ignore_constraints": false},
 "cell": [[5.835828759, 0.0, 0.0], [0.000177915, 9.967130154, 0.0], [0.0, 0.0, 27.42447]],
 "constraints": [{"name": "FixAtoms", "kwargs": {"indices": [0, 1, 2, 3, 4, 5, 6, 7, 8, 9, 10, 11, 12, 13, 40, 41, 42, 43, 44, 45, 46, 47, 60]}}],
 "ctime": 22.87455051819321,
 "dipole": [[0.0, 0.0, 0.0]],
 "energy": -448.13516333,
 "forces": [[0.068025, -2.664218, 0.019931], [-0.065192, -2.676534, -0.097058], [-1.112411, -0.520463, -1.079692], [0.579001, 0.10589, -1.184259], [0.664227, 2.281042, -0.423279], [-0.381589, 1.97933, -0.446403], [0.075921, 0.027736, 1.017878], [-0.048987, 0.048879, 1.049213], [-0.040517, 0.077747, 0.88279], [0.012794, 0.106875, 1.32809], [-0.048929, -0.05861, 0.51973], [0.142115, 0.219091, 0.398854], [-0.080058, 0.099142, 0.392974], [0.051098, 0.077797, 0.162577], [-0.009562, 0.001561, -0.001738], [0.00776, -0.01468, -0.004407], [-0.005998, 0.006616, 0.000635], [-6.5e-05, 0.007229, -0.000579], [0.001206, 0.010779, -0.004004], [-0.002229, -0.008806, 0.009316], [0.002501, 0.002854, -0.002148], [-0.006195, 0.00069, -0.00256], [0.00669, 0.001461, -0.001939], [0.002897, -0.002992, 0.006287], [-0.008297, 0.00207, 0.004486], [-0.004147, 0.005476, 0.003697], [9.7e-05, -0.003217, -0.010909], [0.001879, -0.004945, 0.002732], [-0.000723, -0.000113, -0.011398], [0.006404, 0.010759, 0.000175], [0.002787, -0.001759, -0.001509], [-0.005175, 0.001628, -0.008924], [-0.005949, 0.005276, -0.00429], [-0.008542, -0.001065, -0.000666], [8e-05, 0.006004, -0.001787], [-0.001461, 0.005796, 0.007651], [0.002515, 0.00344, -0.005779], [-0.00096, 0.000729, -0.005018], [-0.006183, 0.010367, -0.005202], [-0.001727, 0.007166, -0.007335], [0.069639, 2.826021, 0.649304], [0.060202, 3.203231, 0.630728], [-0.026218, -2.773761, 1.034889], [0.289587, -1.896516, -0.558695], [-0.274218, -0.073673, -1.46425], [-0.09278, -0.264889, -1.359014], [-0.085386, -0.201116, -0.401762], [0.279902, 0.012922, -0.361824], [0.000169, -0.003433, -0.000282], [-0.000278, 0.001112, 0.000712], [0.002691, -0.000416, 0.000755], [-0.001308, -0.000452, 0.002262], [-0.000654, 0.003734, -0.002261], [-0.00154, 0.005597, -0.004219], [0.001574, 0.001074, -0.002303], [0.001087, 0.002351, -0.00326], [0.001006, 0.000351, 0.001119], [0.001297, 1.2e-05, -0.001861], [0.000473, 0.000656, -0.003692], [4e-06, 0.001219, 0.000926], [-0.006977, 0.022643, -0.645281], [-0.002603, 0.002116, -0.002605], [0.002549, -0.012893, -0.006373], [-0.001318, -0.011917, 0.000854]],
 "initial_magmoms": [0.816, 0.802, 0.002, 0.001, -0.316, -0.235, 0.025, 0.025, -0.065, -0.034, -0.015, -0.015, 0.011, 0.009, -0.023, -0.024, -0.006, 0.003, -0.004, -0.005, 0.015, 0.017, 0.013, 0.013, -0.009, -0.013, -0.029, 0.096, -0.043, -0.007, -0.005, -0.002, -0.043, -0.042, -0.018, -0.028, -0.032, -0.029, -0.022, -0.006, -3.76, -3.708, 3.333, 3.706, 2.869, 2.858, -2.876, -2.877, 2.967, 2.973, -2.951, -2.946, -2.915, -2.916, 2.967, 2.97, -2.941, -2.927, 3.144, 3.734, -0.004, 0.004, 0.0, 0.0],
 "magmom": 1.748012,
 "magmoms": [0.804, 0.793, 0.002, 0.003, -0.31, -0.225, 0.025, 0.024, -0.065, -0.033, 0.001, 0.002, 0.011, 0.011, -0.021, -0.022, -0.005, 0.004, -0.009, -0.012, 0.022, 0.023, 0.029, 0.029, -0.01, 0.003, 0.119, 0.121, -0.008, -0.009, 0.002, 0.004, -0.022, 0.005, -0.015, -0.001, 0.003, 0.009, 0.012, 0.012, -3.781, -3.729, 3.335, 3.712, 2.831, 2.818, -2.871, -2.875, 2.971, 2.972, -2.992, -2.996, -2.935, -2.949, 2.926, 2.926, -3.624, -2.988, 3.724, 3.724, -0.004, 0.001, -0.006, -0.006],
 "mtime": 22.87455051819321,
 "numbers": [8, 8, 8, 8, 8, 8, 8, 8, 8, 8, 8, 8, 8, 8, 8, 8, 8, 8, 8, 8, 8, 8, 8, 8, 8, 8, 8, 8, 8, 8, 8, 8, 8, 8, 8, 8, 8, 8, 8, 8, 25, 25, 25, 25, 25, 25, 25, 25, 25, 25, 25, 25, 25, 25, 25, 25, 25, 25, 25, 25, 19, 19, 1, 1],
 "pbc": [true, true, false],