{"1": {
 "calculator": "vasp",
 "calculator_parameters": {"amix": 0.1, "amix_mag": 0.1, "bmix": 0.0001, "bmix_mag": 0.0001, "encut": 500, "sigma": 0.05, "ediff": 1e-05, "ediffg": -0.02, "algo": "Normal", "gga": "PE", "prec": "Normal", "ibrion": 2, "isif": 2, "ismear": 0, "ispin": 2, "istart": 1, "ldauprint": 2, "ldautype": 2, "lmaxmix": 4, "lorbit": 11, "nelm": 250, "npar": 6, "nsw": 199, "inimix": 0, "laechg": true, "lasph": true, "ldau": true, "lvtot": false, "lreal": "Auto", "ldau_luj": {"Mn": {"L": 2, "U": 2.75, "J": 0.0}, "O": {"L": -1, "U": 0.0, "J": 0.0}, "H": {"L": -1, "U": 0.0, "J": 0.0}}, "pp": "pbe", "txt": "-", "kpts": [3, 2, 1], "gamma": true, "reciprocal": false, "ignore_constraints": false, "custom": {}},
 "cell": {"array": {"__ndarray__": [[3, 3], "float64", [5.835828759, 0.0, 0.0, 0.000177915, 9.967130154, 0.0, 0.0, 0.0, 26.4188]]}, "__ase_objtype__": "cell"},
 "constraints": [{"name": "FixAtoms", "kwargs": {"indices": [0, 1, 2, 3, 4, 5, 6, 7, 8, 9, 10, 11, 12, 13, 38, 39, 40, 41, 42, 43, 44, 45, 57]}}],
 "ctime": 25.664844912457298,
 "dipole": {"__ndarray__": [[1, 3], "float64", [0.0, 0.0, 0.0]]},
 "energy": -414.97379379,
 "forces": {"__ndarray__": [[59, 3], "float64", [0.04879457, -2.60681345, 0.0019629, -0.08506272, -2.66096736, -0.11562045, -1.11555494, -0.49918709, -1.07793507, 0.58786692, 0.05645674, -1.19756459, 0.6634406, 2.27578226, -0.43131663, -0.39406169, 1.98006475, -0.39386251, 0.06538055, -0.0344785, 0.43834454, -0.0438787, -0.03122793, 0.47762889, -0.03278307, 0.08035584, 0.75178916, -0.00915718, 0.07519856, 1.21835458, -0.0376213, -0.09331475, 0.34537034, 0.10789391, 0.06929037, 0.19994146, -0.09448966, 0.0342171, 0.37501503, 0.04505827, -0.03962708, 0.11405823, -0.00328175, 0.0030275, 0.01433831, 0.0015422, -0.00140626, 0.00086496, 1.934e-05, -0.0025097, 0.00344333, 0.00211236, -0.00732642, 0.00298863, -0.00441843, 0.00970621, 0.00203796, 0.00220987, -0.00513142, 0.00073517, 0.0007154, 0.00353422, -0.00340091, -0.00739125, 0.0078714, 0.00019786, 0.00468108, -0.00046626, 0.00500587, -0.00683381, -0.0019212, 0.00634386, 0.00309501, 0.00458959, 0.001242, 0.00023596, 0.00288229, -0.00422234, 0.0045214, -0.01046125, 0.00743726, 0.01507163, -0.01025594, 0.00416142, 0.00425437, 0.0027856, 0.00176249, 0.00052467, 0.00542687, -0.00618205, 0.00439751, 0.0059206, -0.01706073, 0.00954936, -0.00248081, -0.00171092, 0.01229168, 0.00090584, -0.00676035, -0.00660216, -0.00775521, 0.00746335, -0.00556529, 0.00192355, 0.00063105, -0.00264401, -0.0072509, -0.01133476, -0.00340147, 0.00086239, 0.00141073, 0.00195678, 0.01019793, -0.00208173, 0.06527091, 2.88099646, 0.90371169, 0.10166798, 3.1848476, 0.83152016, -0.01810059, -2.76246401, 1.12129012, 0.27862048, -1.89578224, -0.43317906, -0.40178941, 0.13657166, -1.06504819, 0.04071575, -0.05457811, -0.93200691, -0.06336565, -0.14413563, -0.27216419, 0.26280509, 0.04679379, -0.27887062, -0.00439336, -0.00166211, -0.00283077, -0.0023114, 0.00358466, -0.00623334, 0.00556991, 0.00018538, 0.00570299, -8.321e-05, 0.00080701, 0.00348941, 0.00195557, -0.00814027, -0.00814802, -0.0016209, -0.00292139, 0.00546333, 0.00231103, 0.00337227, -0.00876329, -0.00069382, -0.00220297, 0.00407455, 0.0040395, -0.00195711, 0.00142005, -0.00327425, 0.00437665, -0.00303168, 0.00176187, 7.294e-05, -7.802e-05, 0.0006937, 0.00762422, -0.57796234, -0.00264524, -0.00380686, -0.00183225]]},
 "free_energy": -414.98617353,
 "initial_magmoms": {"__ndarray__": [[59], "float64", [0.808, 0.794, -0.001, -0.001, -0.316, -0.237, 0.03, 0.03, -0.066, -0.034, -0.017, -0.022, 0.012, 0.008, -0.021, -0.024, -0.006, 0.003, -0.003, -0.003, 0.012, 0.014, 0.02, 0.011, -0.009, -0.021, -0.013, 0.089, -0.042, -0.01, 0.022, 0.026, 0.033, -0.032, -0.118, -0.027, -0.01, -0.054, -3.754, -3.704, 3.33, 3.702, 2.884, 2.875, -2.879, -2.88, 2.964, 2.972, -2.955, -2.917, -2.936, -2.923, 2.895, 2.892, -2.882, 3.167, 3.724, -0.004, 0.001]]},
 "magmom": 4.6288235,
 "magmoms": {"__ndarray__": [[59], "float64", [0.808, 0.795, -0.0, -0.001, -0.315, -0.237, 0.03, 0.03, -0.066, -0.034, -0.019, -0.022, 0.012, 0.008, -0.021, -0.024, -0.005, 0.003, -0.003, -0.003, 0.012, 0.014, 0.021, 0.011, -0.012, -0.02, -0.013, 0.09, -0.043, -0.009, 0.023, 0.026, 0.035, -0.032, -0.117, -0.027, -0.012, -0.054, -3.753, -3.704, 3.33, 3.703, 2.884, 2.873, -2.878, -2.88, 2.964, 2.972, -2.951, -2.915, -2.939, -2.925, 2.893, 2.892, -2.883, 3.168, 3.726, -0.004, 0.001]]},
 "mtime": 25.664844912457298,
 "numbers": {"__ndarray__": [[59], "int64", [8, 8, 8, 8, 8, 8, 8, 8, 8, 8, 8, 8, 8, 8, 8, 8, 8, 8, 8, 8, 8, 8, 8, 8, 8, 8, 8, 8, 8, 8, 8, 8, 8, 8, 8, 8, 8, 8, 25, 25, 25, 25, 25, 25, 25, 25, 25, 25, 25, 25, 25, 25, 25, 25, 25, 25, 25, 19, 19]]},
 "pbc": {"__ndarray__": [[3], "bool", [true, true, true]]},
 "positions": {"__ndarray__": [[59, 3],