{"1": {
 "calculator": "vasp",
 "calculator_parameters": {"amix": 0.1, "amix_mag": 0.1, "bmix": 0.0001, "bmix_mag": 0.0001, "encut": 500, "sigma": 0.05, "ediff": 1e-05, "ediffg": -0.02, "algo": "Normal", "gga": "PE", "prec": "Normal", "ibrion": 2, "isif": 2, "ismear": 0, "ispin": 2, "istart": 1, "ldauprint": 2, "ldautype": 2, "lmaxmix": 4, "lorbit": 11, "nelm": 250, "npar": 6, "nsw": 199, "inimix": 0, "laechg": true, "lasph": true, "ldau": true, "lvtot": false, "lreal": "Auto", "ldau_luj": {"Mn": {"L": 2, "U": 2.75, "J": 0.0}, "O": {"L": -1, "U": 0.0, "J": 0.0}, "H": {"L": -1, "U": 0.0, "J": 0.0}}, "pp": "pbe", "txt": "-", "kpts": [3, 2, 1], "gamma": true, "reciprocal": false, "ignore_constraints": false, "custom": {}},
 "cell": {"array": {"__ndarray__": [[3, 3], "float64", [5.835828759, 0.0, 0.0, 0.000177915, 9.967130154, 0.0, 0.0, 0.0, 26.418799999999997]]}, "__ase_objtype__": "cell"},
 "constraints": [{"name": "FixAtoms", "kwargs": {"indices": [0, 1, 2, 3, 4, 5, 6, 7, 8, 9, 10, 11, 12, 13, 38, 39, 40, 41, 42, 43, 44, 45, 57]}}],
 "ctime": 25.663516975954096,
 "dipole": {"__ndarray__": [[1, 3], "float64", [0.0, 0.0, 0.0]]},
 "energy": -414.05104345,
 "forces": {"__ndarray__": [[59, 3], "float64", [0.0545778, -2.61212799, -0.00249735, -0.09634728, -2.69526979, -0.11387399, -1.10938271, -0.58494564, -1.09815654, 0.58254329, -0.02575116, -1.22574061, 0.68559921, 2.31385273, -0.49302932, -0.40995927, 2.01455905, -0.46655406, 0.03857482, -0.05506225, 0.01697773, -0.01054802, -0.0632921, 0.06973497, -0.04923067, 0.2000664, 0.33878969, -0.00272913, 0.15726978, 0.67744823, -0.0271829, -0.09364886, 0.56909431, 0.0961566, 0.19818801, 0.35465065, -0.07391122, 0.22489143, 0.27275131, 0.03262597, 0.10625571, 0.03833889, 0.00141649, -0.00801932, 0.00181512, -0.00194231, 0.00114051, -0.00404461, 0.00619144, 0.00574697, 0.00186227, -0.00664567, 0.00041153, 0.00461371, 0.002064, 0.00630595, 0.00151762, 0.00530851, -0.00423541, 0.006072, 0.00630621, 0.00225043, -0.00589871, 0.00156078, 0.00538833, 0.00428456, -0.0074643, -0.00134874, 0.00819758, 0.00091965, 0.00256653, 0.0037487, -0.00180367, -0.00865291, 0.00278619, 0.01428803, 0.0006917, 0.00900476, 0.00057076, -0.00059973, 0.00418985, -0.00099399, 0.00585793, -0.00079427, 0.00149047, 0.00565199, 0.00473041, -0.00294749, -0.00266696, 0.00128751, -0.00029152, -0.00419246, -0.01255557, 0.00449518, -0.00125104, -0.00980927, -0.00158822, -0.00482265, -0.00013895, 0.00986283, 0.00592509, -0.00333585, -0.00405967, 0.004722, 0.01222445, -0.00693995, -0.00344172, 0.00785219, 0.00807203, 0.00417054, 0.00473898, -0.0074583, -0.00258763, 0.01480932, 0.05380347, 2.95527604, 1.07798979, 0.11273237, 3.22888119, 0.97600992, -0.01321412, -2.70493575, 1.40754724, 0.27268642, -1.89478834, -0.0319747, -0.26227434, 0.06419266, -0.6726814, -0.09113726, -0.12720237, -0.65051172, -0.09765528, -0.37465735, -0.26157456, 0.27773638, -0.24662231, -0.34226166, 0.00374496, 0.00039259, 0.00047119, -0.00194791, -0.00122188, 6.183e-05, 0.00096466, -0.00222662, 0.00208698, 0.0017816, -0.00322117, 0.00512643, -0.00247609, 0.00773246, 0.00152838, 0.00203736, 0.00828641, 0.00172985, 0.00012102, -0.003229, -0.0015864, -0.00218109, -0.00327322, 8.702e-05, -0.003482, -0.00129631, -0.00066878, 0.00372642, -0.00189105, 0.00088586, 0.01656879, -0.00366426, 0.00182909, -0.00616276, 0.00840254, -0.51496899, 0.00342962, 0.0010695, 0.00578277]]},
 "free_energy": -414.06867368,
 "initial_magmoms": {"__ndarray__": [[59], "float64", [0.815, 0.801, 0.002, 0.001, -0.316, -0.234, 0.026, 0.026, -0.065, -0.033, -0.016, -0.015, 0.011, 0.009, -0.022, -0.023, -0.005, 0.004, -0.004, -0.005, 0.014, 0.016, 0.014, 0.014, -0.01, -0.013, -0.029, 0.095, -0.043, -0.006, -0.004, -0.002, -0.043, -0.042, -0.017, -0.028, -0.018, -0.003, -3.762, -3.709, 3.332, 3.706, 2.87, 2.859, -2.877, -2.879, 2.964, 2.972, -2.95, -2.943, -2.914, -2.916, 2.966, 2.97, -2.942, -2.928, 3.736, -0.004, 0.004]]},
 "magmom": -3.749704,
 "magmoms": {"__ndarray__": [[59], "float64", [0.81, 0.793, -0.006, -0.006, -0.334, -0.267, 0.04, 0.043, -0.071, -0.036, -0.016, -0.016, 0.012, 0.01, -0.024, -0.026, -0.006, 0.003, -0.007, -0.009, 0.015, 0.017, 0.011, 0.004, -0.009, -0.013, 0.134, 0.011, 0.019, 0.027, 0.011, 0.029, -0.034, -0.034, -0.099, -0.102, 0.144, 0.102, -3.736, -3.692, 3.306, 3.666, 2.91, 2.897, -2.893, -2.893, 2.888, 2.894, -2.968, -2.96, -3.668, -3.668, 2.918, 2.978, -2.901, -2.899, 2.911, -0.006, 0.001]]},
 "mtime": 25.663516975954096,
 "numbers": {"__ndarray__": [[59], "int64", [8, 8, 8, 8, 8, 8, 8, 8, 8, 8, 8, 8, 8, 8, 8, 8, 8, 8, 8, 8, 8, 8, 8, 8, 8, 8, 8, 8, 8, 8, 8, 8, 8, 8, 8, 8, 8, 8, 25, 25, 25, 25, 25, 25, 25, 25, 25, 25, 25, 25, 25, 25, 25, 25, 25, 25, 25, 19, 19]]},
 "pbc": {"__ndarray__": [[3], "bool", [true, true, true]]},
 "positions": {"__ndarray__": [[59, 3],