{"1": {
 "calculator": "vasp",
 "calculator_parameters": {"amix": 0.1, "amix_mag": 0.1, "bmix": 0.0001, "bmix_mag": 0.0001, "encut": 500, "sigma": 0.05, "ediff": 1e-05, "ediffg": -0.02, "algo": "normal", "gga": "PE", "prec": "Normal", "ibrion": 2, "isif": 2, "ismear": 0, "ispin": 2, "istart": 1, "kpar": 10, "ldauprint": 2, "ldautype": 2, "lmaxmix": 6, "lorbit": 11, "nelm": 250, "npar": 6, "nsw": 199, "inimix": 0, "laechg": true, "lasph": true, "ldau": true, "lvtot": false, "lreal": "Auto", "ldau_luj": {"Ti": {"L": 2, "U": 3.0, "J": 0.0}, "V": {"L": 2, "U": 3.25, "J": 0.0}, "Cr": {"L": 2, "U": 3.5, "J": 0.0}, "Mn": {"L": 2, "U": 2.75, "J": 0.0}, "Fe": {"L": 2, "U": 4.3, "J": 0.0}, "Co": {"L": 2, "U": 3.32, "J": 0.0}, "Ni": {"L": 2, "U": 6.45, "J": 0.0}, "Cu": {"L": 2, "U": 3.0, "J": 0.0}, "Mo": {"L": 2, "U": 4.38, "J": 0.0}, "W": {"L": 2, "U": 6.2, "J": 0.0}, "Ce": {"L": 3, "U": 4.5, "J": 0.0}, "O": {"L": -1, "U": 0.0, "J": 0.0}, "C": {"L": -1, "U": 0.0, "J": 0.0}, "Au": {"L": -1, "U": 0.0, "J": 0.0}, "Ir": {"L": -1, "U": 0.0, "J": 0.0}, "H": {"L": -1, "U": 0.0, "J": 0.0}}, "xc": "PBE", "pp": "PBE", "setups": {"base": "minimal"}, "txt": "-", "kpts": [3, 2, 1], "gamma": true, "reciprocal": false, "ignore_constraints": false},
 "cell": [[5.835828759, 0.0, 0.0], [0.000177915, 9.967130154, 0.0], [0.0, 0.0, 27.42447]],
 "constraints": [{"name": "FixAtoms", "kwargs": {"indices": [0, 1, 2, 3, 4, 5, 6, 7, 8, 9, 10, 11, 12, 13, 40, 41, 42, 43, 44, 45, 46, 47, 60]}}],
 "ctime": 22.97042599998444,
 "dipole": [[0.0, 0.0, 0.0]],
 "energy": -443.68338301,
 "forces": [[0.061323, -2.657704, 0.020361], [-0.07588, -2.694083, -0.099322], [-1.11452, -0.518933, -1.09099], [0.572657, 0.080604, -1.199649], [0.671519, 2.297122, -0.451997], [-0.390246, 1.993084, -0.480384], [0.047238, -0.012844, 0.569459], [-0.041024, -0.008625, 0.59131], [-0.03809, 0.097507, 0.703849], [0.006971, 0.116323, 1.074841], [-0.046234, -0.109724, 0.462118], [0.138999, 0.175666, 0.332743], [-0.084887, 0.127129, 0.333647], [0.054458, 0.090584, 0.112177], [-0.004338, 0.001104, -0.002552], [-0.001191, 0.000457, 0.005899], [-0.000764, -0.002987, 0.006327], [-0.001435, 0.000842, 1.8e-05], [-0.003614, -0.001967, -0.002746], [0.000409, 0.004435, 0.004724], [-0.000915, 0.00012, -0.000812], [9e-06, 0.000498, -0.006298], [0.001068, -0.002925, -0.011667], [-0.005714, 0.001018, -0.001819], [-0.00442, -0.000595, -0.000905], [-0.004094, 0.014643, 0.008599], [0.003067, -0.003486, 0.002934], [0.004236, -0.000604, -0.005749], [0.000629, 0.000929, 0.003939], [-0.006298, 0.004205, -0.000889], [0.005656, 0.002214, -0.001298], [0.002519, 0.001552, 0.002211], [0.000283, -0.000746, -0.000251], [-0.000531, 0.006811, 0.001066], [-0.003846, -0.001138, -8e-05], [0.00061, 0.002689, -0.006133], [0.004962, -0.001911, 0.001746], [0.007634, 0.005045, 0.002004], [-0.003903, -0.000268, -0.015045], [-0.003967, 0.005623, -0.001403], [0.066308, 2.866666, 0.840423], [0.09463, 3.192025, 0.787763], [-0.013752, -2.752693, 1.17203], [0.27668, -1.899993, -0.357092], [-0.277935, 0.029476, -1.110929], [-0.085677, -0.170447, -0.999476], [-0.066747, -0.26013, -0.287521], [0.266732, -0.07162, -0.273592], [-0.001018, -0.000709, -0.001946], [-0.000698, -0.000301, -0.0006], [-0.001199, 0.000423, -0.001398], [-0.001139, 9.7e-05, -0.001751], [0.001875, 0.003546, -0.001535], [0.002431, 0.002707, -0.004955], [-0.003087, 0.003304, -0.006423], [-0.002369, 0.006179, -0.007979], [-0.002677, 0.005711, -0.008525], [0.003271, 0.004536, -0.013421], [0.001896, 0.00411, -0.006257], [-0.000345, 0.007767, -0.006719], [-0.004837, 0.018418, -0.581694], [-0.000151, 0.002203, 0.00092], [-0.000529, -0.002936, 0.010695]],
 "initial_magmoms": [0.804, 0.793, 0.002, 0.003, -0.31, -0.225, 0.025, 0.024, -0.065, -0.033, 0.001, 0.002, 0.011, 0.011, -0.021, -0.022, -0.005, 0.004, -0.009, -0.012, 0.022, 0.023, 0.029, 0.029, -0.01, 0.003, 0.119, 0.121, -0.008, -0.009, 0.002, 0.004, -0.022, 0.005, -0.015, -0.001, 0.003, 0.009, 0.012, 0.012, -3.781, -3.729, 3.335, 3.712, 2.831, 2.818, -2.871, -2.875, 2.971, 2.972, -2.992, -2.996, -2.935, -2.949, 2.926, 2.926, -3.624, -2.988, 3.724, 3.724, -0.004, 0.001, -0.006],
 "magmom": 2.5563018,
 "magmoms": [0.809, 0.796, -0.001, -0.001, -0.318, -0.242, 0.028, 0.028, -0.067, -0.034, -0.011, -0.011, 0.011, 0.01, -0.02, -0.02, -0.006, 0.004, -0.008, -0.01, 0.015, 0.018, 0.031, 0.031, -0.005, -0.007, 0.113, 0.119, -0.01, -0.012, 0.039, -0.018, -0.03, -0.029, -0.013, -0.017, 0.005, 0.01, 0.036, -0.041, -3.76, -3.71, 3.326, 3.696, 2.873, 2.862, -2.879, -2.882, 2.971, 2.971, -2.967, -2.962, -2.939, -2.944, 2.935, 2.969, -2.957, -2.951, 3.72, 3.725, -0.005, 0.003, -0.006],
 "mtime": 22.97042599998444,
 "numbers": [8, 8, 8, 8, 8, 8, 8, 8, 8, 8, 8, 8, 8, 8, 8, 8, 8, 8, 8, 8, 8, 8, 8, 8, 8, 8, 8, 8, 8, 8, 8, 8, 8, 8, 8, 8, 8, 8, 8, 8, 25, 25, 25, 25, 25, 25, 25, 25, 25, 25, 25, 25, 25, 25, 25, 25, 25, 25, 25, 25, 19, 19, 1],
 "pbc": [true, true, true],