{"1": {
 "calculator": "vasp",
 "calculator_parameters": {"amix": 0.1, "amix_mag": 0.1, "bmix": 0.0001, "bmix_mag": 0.0001, "encut": 500, "sigma": 0.05, "ediff": 1e-05, "ediffg": -0.02, "algo": "normal", "gga": "PE", "prec": "Normal", "ibrion": 2, "isif": 2, "ismear": 0, "ispin": 2, "istart": 1, "kpar": 10, "ldauprint": 2, "ldautype": 2, "lmaxmix": 6, "lorbit": 11, "nelm": 250, "npar": 6, "nsw": 199, "inimix": 0, "laechg": true, "lasph": true, "ldau": true, "lvtot": false, "lreal": "Auto", "ldau_luj": {"Ti": {"L": 2, "U": 3.0, "J": 0.0}, "V": {"L": 2, "U": 3.25, "J": 0.0}, "Cr": {"L": 2, "U": 3.5, "J": 0.0}, "Mn": {"L": 2, "U": 2.75, "J": 0.0}, "Fe": {"L": 2, "U": 4.3, "J": 0.0}, "Co": {"L": 2, "U": 3.32, "J": 0.0}, "Ni": {"L": 2, "U": 6.45, "J": 0.0}, "Cu": {"L": 2, "U": 3.0, "J": 0.0}, "Mo": {"L": 2, "U": 4.38, "J": 0.0}, "W": {"L": 2, "U": 6.2, "J": 0.0}, "Ce": {"L": 3, "U": 4.5, "J": 0.0}, "O": {"L": -1, "U": 0.0, "J": 0.0}, "C": {"L": -1, "U": 0.0, "J": 0.0}, "Au": {"L": -1, "U": 0.0, "J": 0.0}, "Ir": {"L": -1, "U": 0.0, "J": 0.0}, "H": {"L": -1, "U": 0.0, "J": 0.0}}, "xc": "PBE", "pp": "PBE", "setups": {"base": "minimal"}, "txt": "-", "kpts": [3, 2, 1], "gamma": true, "reciprocal": false, "ignore_constraints": false},
 "cell": [[5.835828759, 0.0, 0.0], [0.000177915, 9.967130154, 0.0], [0.0, 0.0, 27.42447]],
 "constraints": [{"name": "FixAtoms", "kwargs": {"indices": [0, 1, 2, 3, 4, 5, 6, 7, 8, 9, 10, 11, 12, 13, 42, 43, 44, 45, 46, 47, 48, 49, 62]}}],
 "ctime": 22.875599053732177,
 "dipole": [[0.0, 0.0, 0.0]],
 "energy": -468.9081545,
 "forces": [[0.068889, -2.65792, 0.038411], [-0.063682, -2.663552, -0.078175], [-1.114352, -0.512843, -1.048983], [0.581855, 0.120788, -1.152614], [0.659725, 2.266495, -0.379443], [-0.380224, 1.968509, -0.399027], [0.089472, 0.036531, 1.143746], [-0.051672, 0.062901, 1.160352], [-0.039301, 0.036525, 1.016669], [0.019274, 0.06803, 1.492296], [-0.055584, -0.056059, 0.455408], [0.141331, 0.221151, 0.336186], [-0.079129, 0.059386, 0.414897], [0.049972, 0.039924, 0.183137], [-0.000736, 0.000732, -0.00238], [0.009405, -0.010473, -0.00356], [-0.000205, 0.000781, -0.001276], [-0.00814, -0.000571, -0.001995], [-0.004617, 0.009645, 0.000379], [-0.013022, -0.000369, 0.001669], [-0.00329, 0.001299, -0.001519], [0.007091, -0.008597, 0.00796], [-0.007572, 0.000593, -0.00186], [0.000407, 0.002692, 0.016049], [0.012691, 0.00343, 0.000918], [0.00188, -0.005534, 0.000546], [-0.002855, 0.006629, -0.000435], [-0.004443, -0.000457, 0.002008], [-0.003437, -0.000911, -0.005334], [-0.006366, 0.011144, -0.00152], [-0.005465, -0.005105, -0.000359], [-0.006005, -0.013616, 0.007844], [-0.00577, -0.004056, 0.01322], [-0.006817, 0.002621, -0.001372], [-0.002707, -0.01242, 0.013398], [-0.001631, -0.000489, -0.010296], [-0.004919, -0.000484, -0.000231], [0.002878, -0.014909, -0.012939], [0.010768, -0.015039, 0.001857], [-0.002057, -0.014978, 0.006564], [0.007668, 0.001506, -0.002496], [0.014641, -0.007607, -0.007141], [0.065978, 2.795464, 0.577586], [0.044513, 3.186123, 0.571377], [-0.034438, -2.779856, 0.915958], [0.298717, -1.89145, -0.70241], [-0.275469, -0.061399, -1.549221], [-0.097517, -0.255315, -1.434414], [-0.078053, -0.081335, -0.437264], [0.289325, 0.138908, -0.384929], [-0.000312, -0.00118, -0.005213], [0.000193, -0.002382, -0.00482], [0.002304, 0.000352, -0.00552], [-0.001037, 0.000946, -0.001724], [-0.006216, 0.002586, -0.011253], [-0.002809, 0.000551, -0.005762], [-0.002561, -7e-05, -0.002973], [-0.001298, -0.000416, -0.004404], [0.004612, 0.001576, -0.004175], [0.002172, -0.000549, -0.011922], [0.001306, -0.003217, -0.011723], [0.005978, 0.000912, -0.004941], [-0.009897, 0.024799, -0.66391], [-0.001491, 0.001048, 0.000348], [-0.004293, 0.009768, -0.014164], [0.006943, -0.001101, -0.004296], [-0.000395, 0.001433, -0.003438], [-0.010206, -0.001517, 0.002648]],
 "initial_magmoms": [0.817, 0.803, 0.001, 0.0, -0.322, -0.243, 0.024, 0.024, -0.066, -0.034, -0.014, -0.014, 0.01, 0.01, -0.023, -0.024, -0.005, 0.005, -0.006, -0.008, 0.014, 0.016, 0.026, 0.021, -0.012, -0.014, 0.045, 0.037, -0.013, -0.016, -0.007, 0.033, -0.029, -0.029, -0.027, -0.015, 0.001, -0.001, -0.02, 0.046, -0.19, -0.449, -3.761, -3.71, 3.328, 3.699, 2.87, 2.858, -2.878, -2.88, 2.955, 2.954, -2.952, -2.948, -2.958, -2.953, 2.947, 2.922, -2.974, -2.961, 2.753, 2.934, -0.004, 0.004, -0.005, 0.008, 0.0, 0.0],
 "magmom": -0.1241185,
 "magmoms": [0.808, 0.798, 0.003, 0.005, -0.309, -0.217, 0.027, 0.025, -0.064, -0.034, 0.001, 0.002, 0.011, 0.011, -0.028, -0.029, -0.005, 0.004, -0.007, -0.009, 0.022, 0.024, 0.016, 0.015, -0.012, 0.002, 0.031, 0.03, -0.015, -0.014, -0.004, 0.021, -0.025, -0.005, -0.007, 0.012, -0.015, -0.008, 0.014, 0.032, 0.001, 0.0, -3.786, -3.733, 3.342, 3.722, 2.817, 2.804, -2.865, -2.87, 2.971, 2.971, -2.987, -2.997, -2.946, -2.96, 2.922, 2.907, -3.536, -2.979, 2.951, 2.954, -0.004, 0.003, -0.007, -0.007, 0.006, 0.005],
 "mtime": 22.875599053732177,
 "numbers": [8, 8, 8, 8, 8, 8, 8, 8, 8, 8, 8, 8, 8, 8, 8, 8, 8, 8, 8, 8, 8, 8, 8, 8, 8, 8, 8, 8, 8, 8, 8, 8, 8, 8, 8, 8, 8, 8, 8, 8, 8, 8, 25, 25, 25, 25, 25, 25, 25, 25, 25, 25, 25, 25, 25, 25, 25, 25, 25, 25, 25, 25, 19, 19, 1, 1, 1, 1],
 "pbc": [true, true, true],