{"1": {
 "calculator": "vasp",
 "calculator_parameters": {"amix": 0.1, "amix_mag": 0.1, "bmix": 0.0001, "bmix_mag": 0.0001, "encut": 500, "sigma": 0.05, "ediff": 1e-05, "ediffg": -0.02, "algo": "normal", "gga": "PE", "prec": "Normal", "ibrion": 2, "isif": 2, "ismear": 0, "ispin": 2, "istart": 1, "kpar": 10, "ldauprint": 2, "ldautype": 2, "lmaxmix": 6, "lorbit": 11, "nelm": 250, "npar": 6, "nsw": 199, "inimix": 0, "laechg": true, "lasph": true, "ldau": true, "lvtot": false, "lreal": "Auto", "ldau_luj": {"Ti": {"L": 2, "U": 3.0, "J": 0.0}, "V": {"L": 2, "U": 3.25, "J": 0.0}, "Cr": {"L": 2, "U": 3.5, "J": 0.0}, "Mn": {"L": 2, "U": 2.75, "J": 0.0}, "Fe": {"L": 2, "U": 4.3, "J": 0.0}, "Co": {"L": 2, "U": 3.32, "J": 0.0}, "Ni": {"L": 2, "U": 6.45, "J": 0.0}, "Cu": {"L": 2, "U": 3.0, "J": 0.0}, "Mo": {"L": 2, "U": 4.38, "J": 0.0}, "W": {"L": 2, "U": 6.2, "J": 0.0}, "Ce": {"L": 3, "U": 4.5, "J": 0.0}, "O": {"L": -1, "U": 0.0, "J": 0.0}, "C": {"L": -1, "U": 0.0, "J": 0.0}, "Au": {"L": -1, "U": 0.0, "J": 0.0}, "Ir": {"L": -1, "U": 0.0, "J": 0.0}, "H": {"L": -1, "U": 0.0, "J": 0.0}}, "xc": "PBE", "pp": "PBE", "setups": {"base": "minimal"}, "txt": "-", "kpts": [3, 2, 1], "gamma": true, "reciprocal": false, "ignore_constraints": false},
 "cell": [[5.835828759, 0.0, 0.0], [0.000177915, 9.967130154, 0.0], [0.0, 0.0, 27.42447]],
 "constraints": [{"name": "FixAtoms", "kwargs": {"indices": [0, 1, 2, 3, 4, 5, 6, 7, 8, 9, 10, 11, 12, 13, 42, 43, 44, 45, 46, 47, 48, 49, 62]}}],
 "ctime": 23.047295958312603,
 "dipole": [[0.0, 0.0, 0.0]],
 "energy": -458.09723304,
 "forces": [[0.055535, -2.64502, 0.039967], [-0.079117, -2.685277, -0.081736], [-1.119396, -0.491806, -1.061622], [0.571659, 0.092628, -1.173242], [0.667023, 2.293381, -0.425721], [-0.389814, 1.991567, -0.452718], [0.040063, -0.013195, 0.619018], [-0.047115, -0.005169, 0.65207], [-0.042717, 0.087855, 0.756654], [0.011623, 0.107881, 1.138291], [-0.051997, -0.140104, 0.338753], [0.135039, 0.139694, 0.206772], [-0.078167, 0.118746, 0.353332], [0.046834, 0.094628, 0.132808], [0.002807, 0.001118, 0.007064], [0.003274, -0.00363, -0.001639], [-0.00105, -0.005752, 0.003107], [-0.003545, 0.002866, 0.001315], [-0.011704, -0.004332, 0.000801], [0.008073, -0.001408, 0.000304], [-0.000884, -0.006304, -0.002299], [0.002792, -0.004497, -0.006349], [0.000895, -6.2e-05, -0.001167], [-0.002828, -0.003208, 0.002106], [-0.003879, 0.010302, 0.002227], [0.001253, -0.000635, 0.009925], [-0.002424, 0.00123, 0.009715], [-0.002256, -0.004887, 0.008234], [-0.001697, 0.003546, 0.011404], [-0.00024, -0.00409, -0.006237], [0.008403, -0.002796, -0.006713], [-0.0021, -0.009008, 0.001809], [-0.002353, 0.002138, 0.006002], [0.005895, -0.007607, -0.003336], [-0.003352, -0.001088, 0.011991], [-0.000133, -2.4e-05, 0.004003], [-0.00123, -0.005901, -0.001822], [0.005758, -0.006191, -0.007022], [0.001795, 0.002439, -0.006158], [0.000498, 0.003639, -0.003948], [0.008636, -0.005009, 0.005091], [-0.00054, -0.004721, 0.0075], [0.078577, 2.836927, 0.802771], [0.10404, 3.145612, 0.747426], [-0.011738, -2.759138, 1.119104], [0.277056, -1.899792, -0.416843], [-0.282902, 0.04374, -1.118442], [-0.091812, -0.150869, -1.00838], [-0.074975, -0.175675, -0.327769], [0.274766, 0.031996, -0.301857], [-0.001989, -0.00153, -0.00143], [0.002653, 0.004016, 5.2e-05], [-0.000872, 0.002349, -5e-05], [-0.000814, 0.002468, 0.000421], [0.002144, 0.003126, 0.001697], [0.000764, 0.003382, -0.001855], [-0.001164, 0.000781, -0.002721], [0.00146, 0.005911, -0.001662], [-0.004612, 0.00043, 0.001691], [0.001299, 0.00064, -0.002319], [0.001697, 0.003362, -0.001334], [0.004019, 0.006806, -0.004536], [-0.004125, 0.019012, -0.585582], [0.00066, -0.00223, 0.000504], [0.00291, -0.007537, 0.002022], [-0.006357, -0.005725, 0.010559]],
 "initial_magmoms": [0.819, 0.805, 0.001, 0.0, -0.32, -0.24, 0.025, 0.025, -0.066, -0.034, -0.015, -0.014, 0.01, 0.009, -0.023, -0.024, -0.005, 0.005, -0.006, -0.008, 0.014, 0.015, 0.022, 0.024, -0.016, -0.017, 0.044, 0.035, -0.017, -0.019, -0.03, -0.054, -0.088, -0.094, -0.053, -0.086, -0.017, 0.01, -0.025, -0.005, -0.186, -0.449, -3.76, -3.709, 3.329, 3.701, 2.871, 2.858, -2.877, -2.88, 2.955, 2.954, -2.948, -2.945, -2.947, -2.955, 2.978, 2.959, 3.049, -0.872, 2.786, 2.979, -0.004, 0.004, 0.001, 0.009],
 "magmom": 5.5799941,
 "magmoms": [0.817, 0.803, 0.001, 0.0, -0.321, -0.242, 0.025, 0.024, -0.066, -0.034, -0.014, -0.014, 0.011, 0.009, -0.023, -0.024, -0.005, 0.005, -0.006, -0.009, 0.014, 0.016, 0.023, 0.024, -0.016, -0.014, 0.044, 0.035, -0.015, -0.017, -0.033, -0.036, -0.035, -0.093, -0.018, -0.086, -0.011, 0.016, -0.011, 0.0, -0.19, -0.445, -3.761, -3.71, 3.328, 3.699, 2.87, 2.858, -2.878, -2.881, 2.955, 2.956, -2.951, -2.947, -2.949, -2.958, 2.972, 2.951, 2.965, -2.88, 2.782, 2.978, -0.004, 0.004, 0.002, 0.009],
 "mtime": 23.047295958312603,
 "numbers": [8, 8, 8, 8, 8, 8, 8, 8, 8, 8, 8, 8, 8, 8, 8, 8, 8, 8, 8, 8, 8, 8, 8, 8, 8, 8, 8, 8, 8, 8, 8, 8, 8, 8, 8, 8, 8, 8, 8, 8, 8, 8, 25, 25, 25, 25, 25, 25, 25, 25, 25, 25, 25, 25, 25, 25, 25, 25, 25, 25, 25, 25, 19, 19, 1, 1],
 "pbc": [true, true, true],