{"1": {
 "calculator": "vasp",
 "calculator_parameters": {"amix": 0.1, "amix_mag": 0.1, "bmix": 0.0001, "bmix_mag": 0.0001, "encut": 500, "sigma": 0.05, "ediff": 1e-05, "ediffg": -0.02, "algo": "Normal", "gga": "PE", "prec": "Normal", "ibrion": 2, "isif": 2, "ismear": 0, "ispin": 2, "istart": 1, "ldauprint": 2, "ldautype": 2, "lmaxmix": 4, "lorbit": 11, "nelm": 250, "npar": 6, "nsw": 199, "inimix": 0, "laechg": true, "lasph": true, "ldau": true, "lvtot": false, "lreal": "Auto", "ldau_luj": {"Mn": {"L": 2, "U": 2.75, "J": 0.0}, "O": {"L": -1, "U": 0.0, "J": 0.0}, "H": {"L": -1, "U": 0.0, "J": 0.0}}, "pp": "pbe", "txt": "-", "kpts": [3, 2, 1], "gamma": true, "reciprocal": false, "ignore_constraints": false, "custom": {}},
 "cell": {"array": {"__ndarray__": [[3, 3], "float64", [5.801699045203386, 0.0, 0.0, 0.0, 9.837328697191618, 0.0, 0.0, 0.0, 27.260383125397126]]}, "__ase_objtype__": "cell"},
 "constraints": [{"name": "FixAtoms", "kwargs": {"indices": [0, 1, 2, 3, 4, 5, 6, 7, 8, 9, 10, 29, 30, 31, 32, 33, 34, 35, 36, 37, 38, 39]}}],
 "ctime": 25.662546751520058,
 "dipole": {"__ndarray__": [[1, 3], "float64", [0.0, 0.0, 0.0]]},
 "energy": -412.28068738,
 "forces": {"__ndarray__": [[59, 3], "float64", [-0.00018476, -2.53212957, -0.17085423, 0.00040761, 2.56835161, 1.4405922, -0.00012012, 0.82857912, -1.52737441, -0.00023642, 1.67080786, -0.71890547, 0.0, -2.54118357, 1.42589117, 0.0, -0.07296921, -0.92976722, -0.0, 0.07971642, 0.12020202, -0.0, 0.10594207, 0.42574321, 0.00040811, -0.06631893, -0.01879007, -0.00075147, 0.03479226, -0.0618649, -0.02634384, -0.07207586, 0.02728163, 0.00171837, -0.00344715, -0.00652676, -0.0, 0.00328317, 0.00109471, 0.0, -0.0004097, -0.00050896, 0.0, 0.00514845, -0.00247529, 0.0, -0.0072103, -0.00546748, -0.00378419, 0.00114809, -0.00240356, -0.00385571, -0.00420044, -0.00553453, -0.0026426, -0.00066685, -0.00608768, 0.00202357, -0.00179944, -0.00329657, 0.0, -0.00231135, 0.0143752, -0.0, 0.00428976, -0.01307656, 0.0, -0.00153029, 0.00410988, 0.0, 0.00858521, 0.00826619, -0.00837596, 0.0080224, -0.00074862, -0.00115091, 0.00154453, 0.00065446, 0.00755892, -0.00399822, 0.00922911, 0.00359973, -0.00270002, -0.0028805, 0.0, -0.00217987, 4.166e-05, 0.00018476, -2.53212957, -0.17085423, -0.00040761, 2.56835161, 1.4405922, 0.00012012, 0.82857912, -1.52737441, 0.00023642, 1.67080786, -0.71890547, -0.0, -2.5412042, 1.43114961, -0.0, -0.07263905, -0.92588818, 0.0, 0.08981745, 0.1191405, -0.0, 0.1095367, 0.43153234, -0.00040811, -0.06631893, -0.01879007, 0.00075147, 0.03479226, -0.0618649, 0.02634384, -0.07207586, 0.02728163, -0.00171837, -0.00344715, -0.00652676, -0.0, -0.01051156, -0.00206794, -0.0, -0.00150405, 0.00021137, 0.0, 0.00871958, -0.01540487, 0.0, -0.00766294, -0.01019201, 0.00378419, 0.00114809, -0.00240356, 0.00385571, -0.00420044, -0.00553453, 0.0026426, -0.00066685, -0.00608768, -0.00202357, -0.00179944, -0.00329657, 0.0, -0.00987066, 0.00893126, -0.0, 0.00017437, 0.0077433, 0.0, -0.00100505, 0.00367719, 0.0, 0.00992631, -0.00733709, 0.00837596, 0.0080224, -0.00074862, 0.00115091, 0.00154453, 0.00065446, -0.00755892, -0.00399822, 0.00922911, -0.00359973, -0.00270002, -0.0028805, 0.0, 0.00379548, 0.00024254, 0.0, -0.00856197, 0.00485328]]},
 "free_energy": -412.29446706,
 "initial_magmoms": {"__ndarray__": [[59], "float64", [0.0, -3.0, 0.0, 0.0, 3.0, 0.0, 0.0, 3.0, 0.0, 0.0, -3.0, 0.0, 0.0, 3.0, 0.0, 0.0, -3.0, 0.0, 0.0, -3.0, 0.0, 0.0, 3.0, 0.0, 0.0, -3.0, 0.0, 0.0, 0.0, 0.0, -3.0, 0.0, 0.0, 3.0, 0.0, 0.0, 3.0, 0.0, 0.0, -3.0, 0.0, 0.0, 3.0, 0.0, 0.0, -3.0, 0.0, 0.0, -3.0, 0.0, 0.0, 3.0, 0.0, 0.0, -3.0, 0.0, 0.0, 3.0, 0.0]]},
 "magmom": 1.1500453,
 "magmoms": {"__ndarray__": [[59], "float64", [0.91, -3.662, -0.003, -0.362, 3.338, 0.037, -0.067, 2.913, -0.022, 0.019, -2.886, -0.022, -0.011, 2.919, -0.012, 0.01, -2.922, 0.026, 0.016, -2.861, 0.39, 0.016, 2.937, 0.022, 0.001, -2.683, 0.19, 0.418, 0.342, 0.91, -3.662, -0.003, -0.362, 3.337, 0.037, -0.067, 2.913, -0.022, 0.019, -2.886, -0.022, -0.012, 2.942, -0.012, 0.009, -2.922, 0.026, 0.016, -2.861, 0.0, 0.097, 2.94, 0.008, 0.001, -2.683, 0.19, 0.418, 2.754, 0.485]]},
 "mtime": 25.662546751520058,
 "numbers": {"__ndarray__": [[59], "int64", [8, 25, 8, 8, 25, 8, 8, 25, 8, 8, 25, 8, 8, 25, 8, 8, 25, 8, 8, 25, 8, 8, 25, 8, 8, 25, 8, 8, 8, 8, 25, 8, 8, 25, 8, 8, 25, 8, 8, 25, 8, 8, 25, 8, 8, 25, 8, 8, 25, 8, 8, 25, 8, 8, 25, 8, 8, 25, 8]]},
 "pbc": {"__ndarray__": [[3], "bool", [true, true, true]]},
 "positions": {"__ndarray__": [[59, 3], "float64", [0.7252123806504233, 3.3878057495170233, 7.499999999999946, 0.7252123806504233, 1.4903578197363738, 7.861957751710508, 0.7252123806504233, 9.421651326269382, 7.9051550419374434, 0.7252123806504233, 6.92597369401008, 7.976450746335378, 2.17563714195127, 8.191984999277548, 8.016833220421674, 2.17563714195127, 1.6024196005628175, 9.091564262623049, 2.17563714195127, 8.234909096628801, 9.923054428205482, 2.17563714195127, 1.6453436979140703, 10.997785470406855, 0.7252123806504233, 2.911355003181537, 11.038167944492958, 0.7252123806504233, 0.4156773709222351, 11.10946364889089, 0.7252123806504233, 8.346970877455243, 11.152660939117828, 0.7220716547470105, 6.455304938229724, 11.49287771144264, 2.17563714195127, 8.306114259998237, 12.403969520738949, 2.17563714195127, 6.400314463548371, 12.765177412626361, 2.17563714195127, 4.495090398034136, 12.816379811515628, 2.17563714195127, 1.9974666948098385, 12.886366686534558, 0.7261212296654839, 3.270463923734498, 12.946322306150748, 0.7348309213748575, 6.4990754143447855, 13.983171729008607, 0.7308702421180147, 3.295293342624124, 14.84001793841493, 0.7411361740214915, 6.5799139356760845, 15.930241157186769, 2.17563714195127, 7.761006256088279, 15.864040170247383, 2.17563714195127, 5.33668880679507, 16.063668085837644, 2.17563714195127, 3.410577382268176, 16.094296374775528, 2.17563714195127, 1.54183526098867, 16.51510895464573, 0.7223234454157332, 3.4376800580403937, 17.342194216842614, 0.7308861834694965, 1.5333217096222218, 17.842142126912023, 0.5422069828353538, 9.586768934827186, 17.948351967544426, 0.49113732971211194, 6.889989155762165, 17.742217188350967, 2.17563714195127, 1.7620571065398032, 18.968406568971982, 3.626061903252116, 3.3878057495170233, 7.499999999999946, 3.626061903252116, 1.4903578197363738, 7.861957751710508, 3.626061903252116, 9.421651326269382, 7.9051550419374434, 3.626061903252116, 6.92597369401008, 7.976450746335378, 5.076486664552963, 8.191984999277548, 8.016833220421674, 5.076486664552963, 1.6024196005628175, 9.091564262623049, 5.076486664552963, 8.234909096628801, 9.923054428205482, 5.076486664552963, 1.6453436979140703, 10.997785470406855, 3.626061903252116, 2.911355003181537, 11.038167944492958, 3.626061903252116, 0.4156773709222351, 11.10946364889089, 3.626061903252116, 8.346970877455243, 11.152660939117828, 3.6292026291555293, 6.455304938229724, 11.49287771144264, 5.076486664552963, 8.304122792934313, 12.406040164906813, 5.076486664552963, 6.395654945534374, 12.769556329910412, 5.076486664552963, 4.493990300243587, 12.817644297738982, 5.076486664552963, 1.998714250956297, 12.886631110381233, 3.625153054237053, 3.270463923734498, 12.946322306150748, 3.6164433625276833, 6.4990754143447855, 13.983171729008607, 3.620404041784526, 3.295293342624124, 14.84001793841493, 3.6101381098810488, 6.5799139356760845, 15.930241157186769, 5.076486664552963, 7.8929412010713005, 15.825793805858972, 5.076486664552963, 5.347398351267542, 15.928613883510792, 5.076486664552963, 3.412382355413765, 16.078983909445977, 5.076486664552963, 1.5682321889634756, 16.50886262339803, 3.628950838486806, 3.4376800580403937, 17.342194216842614, 3.620388100433041, 1.5333217096222218, 17.842142126912023, 3.8090673010671847, 9.586768934827186, 17.948351967544426, 3.8601369541904282, 6.889989155762165, 17.742217188350967, 5.076486664552963, 8.319060938585876, 17.62457681105469, 5.076486664552963, 1.8366184672032488, 18.99265614112519]]},
 "stress": {"__ndarray__": [[6],