{"1": {
 "calculator": "vasp",
 "calculator_parameters": {"amix": 0.1, "amix_mag": 0.1, "bmix": 0.0001, "bmix_mag": 0.0001, "encut": 500, "sigma": 0.05, "ediff": 1e-05, "ediffg": -0.02, "algo": "Normal", "gga": "PE", "prec": "Normal", "ibrion": 2, "isif": 2, "ismear": 0, "ispin": 2, "istart": 1, "ldauprint": 2, "ldautype": 2, "lmaxmix": 4, "lorbit": 11, "nelm": 250, "npar": 6, "nsw": 199, "inimix": 0, "laechg": true, "lasph": true, "ldau": true, "lvtot": false, "lreal": "Auto", "ldau_luj": {"Mn": {"L": 2, "U": 2.75, "J": 0.0}, "O": {"L": -1, "U": 0.0, "J": 0.0}, "H": {"L": -1, "U": 0.0, "J": 0.0}}, "pp": "pbe", "txt": "-", "kpts": [3, 2, 1], "gamma": true, "reciprocal": false, "ignore_constraints": false, "custom": {}},
 "cell": {"array": {"__ndarray__": [[3, 3], "float64", [5.801699045, 0.0, 0.0, 0.0, 9.837328697, 0.0, 0.0, 0.0, 27.260383125]]}, "__ase_objtype__": "cell"},
 "constraints": [{"name": "FixAtoms", "kwargs": {"indices": [0, 1, 2, 3, 4, 5, 6, 20, 21, 22, 23, 24, 25, 26, 40, 41, 42, 43, 50, 51, 52, 53]}}],
 "ctime": 25.66497135924836,
 "dipole": {"__ndarray__": [[1, 3], "float64", [0.0, 0.0, 0.0]]},
 "energy": -411.35530937,
 "forces": {"__ndarray__": [[59, 3], "float64", [-0.0, -2.56415519, -0.21459158, -0.0, 0.73853078, -1.53160099, -0.0, 1.67937286, -0.70121645, -0.06992869, -0.04988233, -0.82327157, 0.00551599, 0.06221187, 0.29333718, -0.0, -0.06054955, 0.01509517, -0.0, -0.0825428, -0.02221518, -0.0, 0.00312895, -0.00494146, -0.00054505, 0.00402907, -0.00032185, 0.00201208, -0.00037877, -0.00309802, -0.00633557, 0.00191109, -0.00017803, -0.0, 0.00742654, -0.01386348, -0.0, 0.00741933, -0.00612307, -0.00488143, -0.00398098, -0.00355178, -0.00379273, -0.00168866, -0.00462962, -0.00158329, -0.00641913, 0.00118426, -0.0, -0.0070583, 0.01070192, 0.0, 0.01267601, -0.01404871, -0.0, 0.00659434, 0.0056484, 0.00267628, 0.00607222, -0.00043622, -0.0, -2.44019585, -0.13471682, -0.0, 1.04380356, -1.52365388, -0.0, 1.68719376, -0.71585046, 0.06992869, -0.04988233, -0.82327157, -0.00551599, 0.06221187, 0.29333718, -0.0, -0.10612219, -0.00828588, -0.0, -0.05239557, -0.02558734, -0.0, 0.001091, -0.00948013, 0.00054505, 0.00402907, -0.00032185, -0.00201208, -0.00037877, -0.00309802, 0.00633557, 0.00191109, -0.00017803, -0.0, 0.00390879, 0.01586817, -0.0, -0.00163237, 0.00165591, 0.00488143, -0.00398098, -0.00355178, 0.00379273, -0.00168866, -0.00462962, 0.00158329, -0.00641913, 0.00118426, -0.0, 0.00728455, -0.0093138, -0.0, -0.01011903, 9.304e-05, -0.0, -0.00966462, -0.01214322, -0.00267628, 0.00607222, -0.00043622, -0.0, 2.68586694, 1.45262492, -0.10070952, -2.59006837, 1.32046063, -0.03019455, 0.14652757, 0.30022746, -0.0, 0.01724867, -0.06240411, 0.00211699, 0.00318941, 0.00800481, -0.0, 0.00550587, 0.00199419, -0.0, 0.00624128, 0.00360831, -0.00182198, -0.00045029, 0.00024644, -0.0, 0.00456144, 0.00185966, 0.00475379, -0.00519094, 0.005916, -0.0, 2.30177514, 1.37218271, 0.10070952, -2.59006837, 1.32046063, 0.03019455, 0.14652757, 0.30022746, -0.0, -0.01317898, -0.05294503, -0.00211699, 0.00318941, 0.00800481, -0.0, -0.00498366, -0.00289051, -0.0, 0.00120482, -0.00323966, 0.00182198, -0.00045029, 0.00024644, -0.00475379, -0.00519094, 0.005916]]},
 "free_energy": -411.36218977,
 "initial_magmoms": {"__ndarray__": [[59], "float64", [0.903, -0.001, -0.345, 0.034, -0.067, -0.022, 0.016, -0.023, -0.007, -0.008, 0.007, 0.001, -0.055, -0.043, -0.029, -0.487, -0.075, -0.043, -0.026, 0.246, 0.903, -0.0, -0.345, 0.034, -0.067, -0.023, 0.017, -0.022, -0.007, -0.008, 0.007, 0.001, -0.001, -0.043, -0.029, -0.487, -0.279, -0.061, -0.063, 0.246, -3.675, 3.348, 2.909, -2.887, 2.926, -2.925, -2.897, 2.893, -1.642, 3.087, -3.674, 3.348, 2.909, -2.887, 2.926, -2.922, -2.874, 2.893, 3.087]]},
 "magmom": 3.635378,
 "magmoms": {"__ndarray__": [[59], "float64", [0.893, -0.009, -0.349, 0.031, -0.067, -0.02, 0.017, -0.023, -0.008, -0.009, 0.008, 0.005, -0.045, -0.048, -0.031, -0.422, -0.113, -0.057, -0.027, -0.002, 0.906, 0.006, -0.34, 0.031, -0.067, -0.026, 0.018, -0.024, -0.008, -0.009, 0.008, 0.007, -0.003, -0.048, -0.031, -0.422, -0.419, -0.073, -0.069, -0.002, -3.675, 3.348, 2.91, -2.887, 2.929, -2.92, -2.907, 2.825, -0.924, 3.094, -3.647, 3.348, 2.91, -2.888, 2.929, -2.913, -2.875, 2.825, 3.094]]},
 "mtime": 25.66497135924836,
 "numbers": {"__ndarray__": [[59], "int64", [8, 8, 8, 8, 8, 8, 8, 8, 8, 8, 8, 8, 8, 8, 8, 8, 8, 8, 8, 8, 8, 8, 8, 8, 8, 8, 8, 8, 8, 8, 8, 8, 8, 8, 8, 8, 8, 8, 8, 8, 25, 25, 25, 25, 25, 25, 25, 25, 25, 25, 25, 25, 25, 25, 25, 25, 25, 25, 25]]},
 "pbc": {"__ndarray__": [[3], "bool", [true, true, true]]},
 "positions": {"__ndarray__": [[59, 3],