{"1": {
 "calculator": "vasp",
 "calculator_parameters": {"amix": 0.1, "amix_mag": 0.1, "bmix": 0.0001, "bmix_mag": 0.0001, "encut": 500, "sigma": 0.05, "ediff": 1e-05, "ediffg": -0.02, "algo": "Normal", "gga": "PE", "prec": "Normal", "ibrion": 2, "isif": 2, "ismear": 0, "ispin": 2, "istart": 1, "ldauprint": 2, "ldautype": 2, "lmaxmix": 4, "lorbit": 11, "nelm": 250, "npar": 6, "nsw": 199, "inimix": 0, "laechg": true, "lasph": true, "ldau": true, "lvtot": false, "lreal": "Auto", "ldau_luj": {"Mn": {"L": 2, "U": 2.75, "J": 0.0}, "O": {"L": -1, "U": 0.0, "J": 0.0}, "H": {"L": -1, "U": 0.0, "J": 0.0}}, "pp": "pbe", "txt": "-", "kpts": [3, 2, 1], "gamma": true, "reciprocal": false, "ignore_constraints": false, "custom": {}},
 "cell": {"array": {"__ndarray__": [[3, 3], "float64", [5.801699045203386, 0.0, 0.0, 0.0, 9.837328697191618, 0.0, 0.0, 0.0, 27.260383125397126]]}, "__ase_objtype__": "cell"},
 "constraints": [{"name": "FixAtoms", "kwargs": {"indices": [0, 1, 2, 3, 4, 5, 6, 7, 8, 9, 10, 31, 32, 33, 34, 35, 36, 37, 38, 39, 40, 41]}}],
 "ctime": 25.662983565303502,
 "dipole": {"__ndarray__": [[1, 3], "float64", [0.0, 0.0, 0.0]]},
 "energy": -419.04291552,
 "forces": {"__ndarray__": [[61, 3], "float64", [0.0, -2.56973101, -0.2104463, 0.0, 2.70245029, 1.4819667, 0.0, 0.67838897, -1.52829499, 0.0, 1.66510167, -0.70945395, -0.10012233, -2.55136084, 1.39979419, -0.06604209, -0.06850704, -0.93331481, 0.00468731, 0.05358147, 0.16232068, -0.03006859, 0.11630251, 0.42550661, 0.0, -0.04576726, -0.08803437, 0.0, 0.01395682, -0.06218501, 0.0, 0.00579014, 0.03851661, 0.0, 0.01507823, 0.00134349, -0.00011053, -0.00068824, 0.00010716, -0.00551844, -0.00529982, 0.00764809, -0.00328156, 0.00637632, 0.0019297, 0.00043641, -0.0062666, 0.00090374, 0.0, -0.00092245, -0.00320929, 0.0, -0.00219283, 0.00998109, 0.0, -0.01262635, -0.00367227, 0.0, 0.00250561, -0.00324656, 0.01076304, 0.01010079, -0.00612244, 0.01499817, 0.00711988, 0.00402681, 0.00329826, -0.00148915, -0.00374122, -2.096e-05, -0.00397646, 5.954e-05, 0.0, 0.01197121, 0.0060145, 0.0, -0.00700892, 0.01331502, 0.0, -0.00905971, 0.00332683, 0.0, -0.01055132, -0.00671626, -0.00801165, 0.00789464, 0.00011393, -0.001376, -0.00447042, -0.00203961, -0.01108442, -0.00138002, 0.00166297, 0.0, -2.44146604, -0.12738325, 0.0, 2.32250939, 1.40852168, 0.0, 0.9837231, -1.51840747, 0.0, 1.67319589, -0.72294693, 0.10012233, -2.55136084, 1.39979419, 0.06604209, -0.06850704, -0.93331481, -0.00468731, 0.05358147, 0.16232068, 0.03006859, 0.11630251, 0.42550661, 0.0, -0.08685167, -0.11167755, 0.0, 0.04315651, -0.066125, 0.0, -0.0321253, 0.05796395, 0.0, -0.00107525, -0.00094171, 0.00011053, -0.00068824, 0.00010716, 0.00551844, -0.00529982, 0.00764809, 0.00328156, 0.00637632, 0.0019297, -0.00043641, -0.0062666, 0.00090374, 0.0, -0.00529695, -0.00550816, 0.0, 0.00726225, 0.00949245, 0.0, -0.00760168, 0.00192466, 0.0, -0.00446844, -0.00137157, -0.01076304, 0.01010079, -0.00612244, -0.01499817, 0.00711988, 0.00402681, -0.00329826, -0.00148915, -0.00374122, 2.096e-05, -0.00397646, 5.954e-05, 0.0, 0.00092251, 0.00811214, 0.0, -0.00509945, 0.00883986, 0.0, -4.196e-05, 0.00259097, 0.00801165, 0.00789464, 0.00011393, 0.001376, -0.00447042, -0.00203961, 0.01108442, -0.00138002, 0.00166297]]},
 "free_energy": -419.05100996,
 "initial_magmoms": {"__ndarray__": [[61], "float64", [0.0, -3.0, 0.0, 0.0, 3.0, 0.0, 0.0, 3.0, 0.0, 0.0, -3.0, 0.0, 0.0, 3.0, 0.0, 0.0, -3.0, 0.0, 0.0, -3.0, 0.0, 0.0, 3.0, 0.0, 0.0, -3.0, 0.0, 0.0, 3.0, 0.0, 0.0, 0.0, -3.0, 0.0, 0.0, 3.0, 0.0, 0.0, 3.0, 0.0, 0.0, -3.0, 0.0, 0.0, 3.0, 0.0, 0.0, -3.0, 0.0, 0.0, -3.0, 0.0, 0.0, 3.0, 0.0, 0.0, 0.0, 0.0, 3.0, 0.0, 0.0]]},
 "magmom": 1.7020447,
 "magmoms": {"__ndarray__": [[61], "float64", [0.895, -3.672, -0.011, -0.363, 3.341, 0.034, -0.068, 2.913, -0.022, 0.018, -2.886, -0.031, -0.011, 2.932, -0.015, 0.008, -2.917, 0.004, -0.061, -2.959, -0.01, -0.053, 2.848, -0.513, -0.191, 1.021, -0.081, -0.023, 2.546, -0.233, -0.663, 0.908, -3.643, 0.004, -0.354, 3.341, 0.034, -0.068, 2.913, -0.027, 0.019, -2.887, -0.024, -0.011, 2.932, -0.015, 0.008, -2.911, 0.004, -0.005, -2.916, -0.01, -0.053, 2.848, -0.513, -0.495, -0.19, -0.056, 2.546, -0.233, -0.663]]},
 "mtime": 25.662983565303502,
 "numbers": {"__ndarray__": [[61], "int64", [8, 25, 8, 8, 25, 8, 8, 25, 8, 8, 25, 8, 8, 25, 8, 8, 25, 8, 8, 25, 8, 8, 25, 8, 8, 25, 8, 8, 25, 8, 8, 8, 25, 8, 8, 25, 8, 8, 25, 8, 8, 25, 8, 8, 25, 8, 8, 25, 8, 8, 25, 8, 8, 25, 8, 8, 8, 8, 25, 8, 8]]},
 "pbc": {"__ndarray__": [[3], "bool", [true, true, true]]},
 "positions": {"__ndarray__": [[61, 3],