{"1": {
 "calculator": "vasp",
 "calculator_parameters": {"amix": 0.1, "amix_mag": 0.1, "bmix": 0.0001, "bmix_mag": 0.0001, "encut": 500, "sigma": 0.05, "ediff": 1e-05, "ediffg": -0.02, "algo": "Normal", "gga": "PE", "prec": "Normal", "ibrion": 2, "isif": 2, "ismear": 0, "ispin": 2, "istart": 1, "ldauprint": 2, "ldautype": 2, "lmaxmix": 4, "lorbit": 11, "nelm": 250, "npar": 6, "nsw": 199, "inimix": 0, "laechg": true, "lasph": true, "ldau": true, "lvtot": false, "lreal": "Auto", "ldau_luj": {"Mn": {"L": 2, "U": 2.75, "J": 0.0}, "O": {"L": -1, "U": 0.0, "J": 0.0}, "H": {"L": -1, "U": 0.0, "J": 0.0}}, "pp": "pbe", "txt": "-", "kpts": [3, 2, 1], "gamma": true, "reciprocal": false, "ignore_constraints": false, "custom": {}},
 "cell": {"array": {"__ndarray__": [[3, 3], "float64", [5.835828759, 0.0, 0.0, 0.000177915, 9.967130154, 0.0, 0.0, 0.0, 26.418799999999997]]}, "__ase_objtype__": "cell"},
 "constraints": [{"name": "FixAtoms", "kwargs": {"indices": [0, 1, 2, 3, 4, 5, 6, 7, 8, 9, 10, 11, 12, 13, 36, 37, 38, 39, 40, 41, 42, 43, 54]}}],
 "ctime": 25.663362915991595,
 "dipole": {"__ndarray__": [[1, 3], "float64", [0.0, 0.0, 0.0]]},
 "energy": -392.40208086,
 "forces": {"__ndarray__": [[56, 3], "float64", [0.05376847, -2.60201278, -0.00140698, -0.09555357, -2.68002583, -0.11626052, -1.11597279, -0.49277858, -1.07496934, 0.58875482, 0.05853242, -1.19792408, 0.66524211, 2.27846379, -0.42996052, -0.39538621, 1.9832022, -0.39285163, 0.04302669, -0.06277032, 0.16877756, -0.02084083, -0.07213211, 0.16886843, -0.03418457, 0.07151641, 0.73641449, -0.01098804, 0.05177754, 1.20045746, -0.02999926, -0.20360197, 0.38084458, 0.10699886, 0.08071898, 0.19126588, -0.09566464, -0.04266122, 0.36053348, 0.05047535, -0.16172773, 0.08584774, 0.01200384, 0.00426015, 0.01050148, 0.0050303, -0.00187421, 0.00240353, 0.00179654, 0.00274901, 0.00069456, -0.00304365, -0.00014898, 0.00071726, 0.00479486, 0.00647928, -0.00075727, 0.00904927, -0.0146276, 0.00233618, -0.00209073, 6.212e-05, -0.00554564, 0.00057454, 0.00413334, 0.00044674, -0.00166504, 0.00486077, -0.0078224, -0.00410518, 0.00683255, 0.0077383, -0.00449398, 0.00525698, 0.00505584, 0.00174375, 0.00397511, 0.00894808, -0.0002226, -0.00715159, 0.00534876, -0.00199973, 0.00528727, 0.00217102, 0.00311404, -0.00320506, -0.00010655, 0.00917651, 0.00399336, 0.002344, -0.01172566, -0.00463769, 0.00343416, 0.00896727, 0.00385037, -0.00187803, -0.00188969, 0.00598188, -0.0071437, 0.00459916, -0.00092829, 0.00853885, 0.0093521, 0.00265388, -0.00149154, 0.00106295, -0.00214508, 0.00366788, 0.05248303, 2.9100469, 1.02983797, 0.12478107, 3.1870373, 0.93580408, -0.01693717, -2.75492924, 1.1264081, 0.27940414, -1.89125124, -0.42409092, -0.28583721, 0.30259669, -0.89069581, -0.06331797, 0.10068677, -0.81031282, -0.08129113, -0.13491677, -0.26877733, 0.27250203, 0.07212965, -0.26452091, -0.00152029, 0.00232444, -0.0028063, -0.00127089, 0.00190105, -0.0018766, -0.00534282, -0.0063973, -0.00164588, -0.00481949, -0.00449741, 0.00812831, -0.00448091, -0.00341479, 0.00210308, 0.00386243, -0.00327785, 0.00258603, -0.0076857, 0.00724916, -0.00462913, 0.00389998, 0.00447172, -0.00522969, -0.00580367, -0.00596287, -0.00597477, -0.00630437, -0.00826383, 0.00113617, -0.00513443, -0.00857332, -0.54809228, 0.00310811, 0.00088256, 0.00341063]]},
 "free_energy": -392.41762325,
 "initial_magmoms": {"__ndarray__": [[56], "float64", [0.815, 0.801, 0.002, 0.001, -0.316, -0.234, 0.026, 0.026, -0.065, -0.033, -0.016, -0.015, 0.011, 0.009, -0.022, -0.023, -0.005, 0.004, -0.004, -0.005, 0.014, 0.016, 0.014, 0.014, -0.01, -0.013, -0.029, 0.095, -0.043, -0.006, -0.043, -0.042, -0.017, -0.028, -0.032, -0.029, -3.762, -3.709, 3.332, 3.706, 2.87, 2.859, -2.877, -2.879, 2.964, 2.972, -2.95, -2.943, -2.914, -2.916, 2.966, 2.97, 3.142, 3.736, -0.004, 0.004]]},
 "magmom": 7.8009526,
 "magmoms": {"__ndarray__": [[56], "float64", [0.809, 0.793, -0.002, -0.002, -0.319, -0.241, 0.035, 0.037, -0.067, -0.033, -0.032, -0.029, 0.01, 0.009, -0.024, -0.025, -0.007, 0.003, 0.004, 0.006, 0.008, 0.011, 0.006, 0.005, -0.013, -0.021, -0.03, -0.012, -0.041, -0.034, -0.15, -0.161, -0.109, -0.123, -0.043, -0.044, -3.738, -3.692, 3.33, 3.701, 2.908, 2.899, -2.88, -2.882, 2.964, 2.968, -2.937, -2.925, -2.841, -2.839, 3.162, 3.577, 3.256, 3.289, -0.005, 0.001]]},
 "mtime": 25.663362915991595,
 "numbers": {"__ndarray__": [[56], "int64", [8, 8, 8, 8, 8, 8, 8, 8, 8, 8, 8, 8, 8, 8, 8, 8, 8, 8, 8, 8, 8, 8, 8, 8, 8, 8, 8, 8, 8, 8, 8, 8, 8, 8, 8, 8, 25, 25, 25, 25, 25, 25, 25, 25, 25, 25, 25, 25, 25, 25, 25, 25, 25, 25, 19, 19]]},
 "pbc": {"__ndarray__": [[3], "bool", [true, true, true]]},
 "positions": {"__ndarray__": [[56, 3], "float64", [2.9137227482822725, 2.4746800769999653, 7.49999999999991, 5.818712748282296, 2.4530000769999956, 7.512879999999959, 3.001022748282302, 8.665840077000032, 7.78354999999997, 5.794942748282295, 8.597770077000005, 7.835630000000073, 5.6655627482822934, 5.984780076999999, 7.939629999999924, 2.92493274828229, 6.0686300770000265, 7.971179999999923, 1.4509327482823096, 0.6179700769999648, 9.067910000000055, 4.389282748282275, 0.687410076999975, 9.079679999999964, 4.3643727482823, 7.406620076999983, 9.901009999999905, 1.4297027482822975, 7.43352007699997, 9.937610000000028, 2.925952748282279, 1.990710077000019, 10.975330000000069, 5.831682748282286, 1.965010077000027, 11.004479999999916, 2.9291027482823093, 9.438870077, 11.095580000000004, 0.0013027482823066618, 9.446590077000014, 11.150640000000063, 2.9093354226019708, 5.6152883962116436, 11.490868583719035, 5.810213027508468, 5.620271191275415, 11.49589918133529, 4.345475858905329, 7.482049285325478, 12.422779651362715, 1.4493437817972867, 7.473247297159381, 12.428431182030947, 4.378806118246209, 3.641723896725765, 12.762524952075305, 1.4519232660001054, 3.6370829138220984, 12.775210500388551, 1.4748437071289142, 1.1145297735524469, 12.885218965262496, 4.36656153736646, 1.1138961654424604, 12.889265105198685, 5.82882200733407, 5.6658977196335405, 13.983628487997011, 2.8979523732737826, 5.6778123899962685, 13.987974673898359, 2.922371331213254, 2.352093347235302, 14.78034327137766, 5.822654852982075, 2.3884125383922377, 14.788679074869323, 4.360974104373622, 7.065446249355255, 15.841702337931507, 1.457408205037067, 7.077516492000616, 15.83779789672787, 4.369023975568864, 4.559524084464343, 16.030346563156858, 1.4473580109722857, 4.590055979382862, 16.044280284096594, 2.9463916150454423, 2.3382271625005355, 17.186812784422255, -0.03499274442699056, 2.3594325698808247, 17.196672291169822, 2.908955427555874, 8.660084805460283, 17.857495782949314, 5.820148499836075, 8.639641021505165, 17.960343277550862, 5.8276275861060105, 6.1971103507829515, 17.754589878167792, 2.908181432369307, 6.192607576110111, 17.773209670232923, 5.833822748282293, 0.5205400769999858, 7.844859999999948, 2.928672748282273, 0.5359700770000034, 7.8596200000000485, 4.358762748282293, 7.368090076999974, 7.964119999999912, 1.4390327482822924, 7.346360076999966, 8.023550000000021, 1.475712748282295, 0.7034700769999767, 10.997120000000049, 4.389522748282299, 0.7078700770000059, 11.007179999999924, 2.8948327482822878, 7.527740076999978, 11.128859999999943, 5.812242748282289, 7.5388800769999795, 11.154820000000006, 1.4443241550115697, 5.550706020715589, 12.760999942498795, 4.362904240799759, 5.568667227745822, 12.78069781766598, 2.9179155563362484, 2.4156122095115125, 12.92586797551362, -0.00028874731077886483, 2.3952777892393975, 12.94709579159512, 0.003777833200441598, 5.778348399815789, 15.913856090768753, 2.8950493266020887, 5.7644621791192785, 15.93373797205125, 4.376196479006634, 2.6650326569566416, 16.114980372437266, 1.4530503924455194, 2.5781038207234963, 16.074894217330765, 4.368769428626496, 7.529322249966924, 17.70239282330606, 1.4460550705893764, 7.533419991635895, 17.71399825260464, 4.3744527482822955, 4.033410077000008, 9.507979999999993, 2.9255168413168002, 9.117540060388057, 14.448900993819974]]},
 "stress": {"__ndarray__": [[6],