{"1": {
 "calculator": "vasp",
 "calculator_parameters": {"amix": 0.1, "amix_mag": 0.1, "bmix": 0.0001, "bmix_mag": 0.0001, "encut": 500, "sigma": 0.05, "ediff": 1e-05, "ediffg": -0.02, "algo": "Normal", "gga": "PE", "prec": "Normal", "ibrion": 2, "isif": 2, "ismear": 0, "ispin": 2, "istart": 1, "ldauprint": 2, "ldautype": 2, "lmaxmix": 4, "lorbit": 11, "nelm": 250, "npar": 6, "nsw": 199, "inimix": 0, "laechg": true, "lasph": true, "ldau": true, "lvtot": false, "lreal": "Auto", "ldau_luj": {"Mn": {"L": 2, "U": 2.75, "J": 0.0}, "O": {"L": -1, "U": 0.0, "J": 0.0}, "H": {"L": -1, "U": 0.0, "J": 0.0}}, "pp": "pbe", "txt": "-", "kpts": [3, 2, 1], "gamma": true, "reciprocal": false, "ignore_constraints": false, "custom": {}},
 "cell": {"array": {"__ndarray__": [[3, 3], "float64", [5.835828759, 0.0, 0.0, 0.000177915, 9.967130154, 0.0, 0.0, 0.0, 26.418799999999997]]}, "__ase_objtype__": "cell"},
 "constraints": [{"name": "FixAtoms", "kwargs": {"indices": [0, 1, 2, 3, 4, 5, 6, 7, 8, 9, 10, 11, 12, 13, 36, 37, 38, 39, 40, 41, 42, 43, 54]}}],
 "ctime": 25.663297828877173,
 "dipole": {"__ndarray__": [[1, 3], "float64", [0.0, 0.0, 0.0]]},
 "energy": -392.87865712,
 "forces": {"__ndarray__": [[56, 3], "float64", [0.04206864, -2.59713622, 0.00711216, -0.08165412, -2.64997719, -0.10853856, -1.11495783, -0.50800483, -1.0753236, 0.58682788, 0.03934067, -1.19612546, 0.6643506, 2.27882453, -0.44357645, -0.39571356, 1.98315219, -0.40583675, 0.05969248, -0.00459189, 0.612596, -0.03929951, 0.00517227, 0.67517015, -0.05082415, 0.115684, 0.6700353, 0.00608604, 0.10147045, 1.12290931, -0.02463325, -0.06255594, 0.54865251, 0.10855027, 0.23625108, 0.33067656, -0.09120078, 0.13724084, 0.33750459, 0.04359371, 0.06744357, 0.09487579, 0.00516364, -0.00254319, -0.01594141, -0.00956717, 0.00049473, -0.00483701, -0.00167616, 0.00136168, 0.00202095, -0.00023355, 0.0069482, 0.00512716, 0.00029046, 0.00517533, 0.00691668, -0.0003789, -0.00451295, 0.01021583, -0.00475849, -0.00930373, -0.00329799, -0.00361023, 0.00441236, -0.00164491, 0.00482548, -0.01075204, -0.0024521, 0.00052639, -0.00220804, 0.00519467, -0.00200261, -0.00306121, -0.01039613, -0.00015809, 0.00624055, 0.01460842, 0.00785693, -0.00336553, -0.00985615, 0.01471049, 0.00128016, -0.00518579, 0.00164871, -0.0018152, 0.00471319, 0.00090291, -0.00318784, -0.01681645, 0.00257174, -0.00067454, -0.00647689, -0.00052295, -0.01107612, 0.00033035, 0.00044853, -0.01101306, -0.00606032, 0.00625412, -0.00220075, -0.00501998, -0.00257305, -0.00655576, -0.01022535, 0.0021658, 0.00163044, -0.00262869, 0.07653866, 2.84305654, 0.78869786, 0.10047509, 3.15601939, 0.73479597, -0.01434188, -2.75855782, 1.14229047, 0.27734346, -1.89957612, -0.3940059, -0.25241395, -0.0439361, -1.13228624, -0.10632451, -0.24183917, -1.01623561, -0.08252179, -0.07437374, -0.38351233, 0.26725156, -0.11369903, -0.28720098, -0.00391617, -0.00312166, -0.00493805, 0.00889092, -0.00354975, 0.00040871, -0.00579633, -0.00021908, 0.00906781, -0.00247555, -0.00614396, 0.00385178, -0.00306591, -0.00255838, -0.0039114, 0.01050274, 0.00385446, -0.00350581, 0.0032664, 0.01440088, 0.00320147, -0.00886668, 0.01498012, 0.00434631, -0.00462469, -0.00104875, 0.00733055, -0.00189691, 0.00324384, 0.01532779, 0.00647868, 0.02366859, -0.59474187, 0.00072643, -0.00818727, -0.00740016]]},
 "free_energy": -392.89095764,
 "initial_magmoms": {"__ndarray__": [[56], "float64", [0.815, 0.801, 0.002, 0.001, -0.316, -0.234, 0.026, 0.026, -0.065, -0.033, -0.016, -0.015, 0.011, 0.009, -0.022, -0.023, -0.005, 0.004, -0.004, -0.005, 0.014, 0.016, 0.014, 0.014, -0.01, -0.013, -0.029, 0.095, -0.043, -0.006, -0.004, -0.002, -0.043, -0.042, -0.018, -0.003, -3.762, -3.709, 3.332, 3.706, 2.87, 2.859, -2.877, -2.879, 2.964, 2.972, -2.95, -2.943, -2.914, -2.916, 2.966, 2.97, -2.942, -2.928, -0.004, 0.004]]},
 "magmom": -6.4498261,
 "magmoms": {"__ndarray__": [[56], "float64", [0.818, 0.803, 0.001, 0.0, -0.319, -0.242, 0.026, 0.027, -0.066, -0.034, -0.005, -0.004, 0.013, 0.01, -0.029, 0.002, -0.003, 0.007, -0.007, -0.009, 0.019, 0.021, 0.053, 0.029, -0.019, -0.016, 0.081, 0.083, 0.028, 0.028, 0.036, 0.036, 0.032, 0.041, 0.076, 0.076, -3.762, -3.711, 3.327, 3.697, 2.865, 2.854, -2.881, -2.887, 2.903, 2.904, -2.976, -2.977, -3.098, -3.688, 2.88, 2.879, -3.147, -3.095, -0.004, 0.0]]},
 "mtime": 25.663297828877173,
 "numbers": {"__ndarray__": [[56], "int64", [8, 8, 8, 8, 8, 8, 8, 8, 8, 8, 8, 8, 8, 8, 8, 8, 8, 8, 8, 8, 8, 8, 8, 8, 8, 8, 8, 8, 8, 8, 8, 8, 8, 8, 8, 8, 25, 25, 25, 25, 25, 25, 25, 25, 25, 25, 25, 25, 25, 25, 25, 25, 25, 25, 19, 19]]},
 "pbc": {"__ndarray__": [[3], "bool", [true, true, true]]},
 "positions": {"__ndarray__": [[56, 3], "float64", [2.9137227482822725, 2.4746800769999653, 7.49999999999991, 5.818712748282296, 2.4530000769999956, 7.512879999999959, 3.001022748282302, 8.665840077000032, 7.78354999999997, 5.794942748282295, 8.597770077000005, 7.835630000000073, 5.6655627482822934, 5.984780076999999, 7.939629999999924, 2.92493274828229, 6.0686300770000265, 7.971179999999923, 1.4509327482823096, 0.6179700769999648, 9.067910000000055, 4.389282748282275, 0.687410076999975, 9.079679999999964, 4.3643727482823, 7.406620076999983, 9.901009999999905, 1.4297027482822975, 7.43352007699997, 9.937610000000028, 2.925952748282279, 1.990710077000019, 10.975330000000069, 5.831682748282286, 1.965010077000027, 11.004479999999916, 2.9291027482823093, 9.438870077, 11.095580000000004, 0.0013027482823066618, 9.446590077000014, 11.150640000000063, 2.9058716229061434, 5.611111069077372, 11.450365048442663, 5.811107780495803, 5.62816486774699, 11.475451698390005, 4.343136379264721, 7.480999117475928, 12.417080514060649, 1.452116185667992, 7.472402960394029, 12.42500013086223, 4.378476340390329, 3.638957030265928, 12.736928886605714, 1.4510448509805212, 3.635109776444498, 12.758701491559783, 1.4754450105147823, 1.1299189703407766, 12.888837337918993, 4.365442869862455, 1.131027967528853, 12.89987267520668, 5.8268486829979995, 5.686462686069989, 13.96317408362909, 2.899102031444998, 5.672059381568252, 13.921309944178555, 2.9166763356396825, 2.4634996353026604, 14.820258035410758, 5.834932373722232, 2.46805983686005, 14.825138571328983, 4.396917032146176, 6.888937779843076, 16.115184079595583, 1.4283705241496076, 6.8889394144198715, 16.11669715445296, 4.400637129092469, 4.451413871022654, 16.109833826474315, 1.4284275513103346, 4.4511453885360135, 16.11349141167719, 4.353275480391527, 0.6901577322970394, 16.45747993571654, 1.4773584741513632, 0.6892737115882339, 16.457251215351395, 2.9158419664224313, 2.599475221075241, 17.35277169347111, -0.0019440275863385, 2.5639716451150267, 17.353813003686685, 1.4507779043213855, 0.531548909168021, 18.90780702418075, 4.37859217616929, 0.5322558327052574, 18.907403673562197, 5.833822748282293, 0.5205400769999858, 7.844859999999948, 2.928672748282273, 0.5359700770000034, 7.8596200000000485, 4.358762748282293, 7.368090076999974, 7.964119999999912, 1.4390327482822924, 7.346360076999966, 8.023550000000021, 1.475712748282295, 0.7034700769999767, 10.997120000000049, 4.389522748282299, 0.7078700770000059, 11.007179999999924, 2.8948327482822878, 7.527740076999978, 11.128859999999943, 5.812242748282289, 7.5388800769999795, 11.154820000000006, 1.4607158067844066, 5.557183949010448, 12.734760143259404, 4.344896240613583, 5.572968002167491, 12.75224081171705, 2.9171946282387, 2.4216060874533043, 12.905670946774771, 0.0015115143297634904, 2.4019580825220808, 12.92011206457323, -0.0039197165758493805, 5.77483771705851, 15.843681761616411, 2.9130043839831, 5.693553064246415, 16.023798756752047, 4.3786906777059995, 2.5933311693510013, 16.06533779632304, 1.4531944423119245, 2.593871567668638, 16.065567146175866, 5.832842957838348, 0.7324428074191734, 17.785150148690725, 2.9148707777233223, 0.784236717536715, 17.819261717101895, 4.3744527482822955, 4.033410077000008, 9.507979999999993, 2.9077487091586867, 8.928757434213805, 14.637754857175315]]},
 "stress": {"__ndarray__": [[6],