{"1": {
 "calculator": "vasp",
 "calculator_parameters": {"amix": 0.1, "amix_mag": 0.1, "bmix": 0.0001, "bmix_mag": 0.0001, "encut": 500, "sigma": 0.05, "ediff": 1e-05, "ediffg": -0.02, "algo": "Normal", "gga": "PE", "prec": "Normal", "ibrion": 2, "isif": 2, "ismear": 0, "ispin": 2, "istart": 1, "ldauprint": 2, "ldautype": 2, "lmaxmix": 4, "lorbit": 11, "nelm": 250, "npar": 6, "nsw": 199, "inimix": 0, "laechg": true, "lasph": true, "ldau": true, "lvtot": false, "lreal": "Auto", "ldau_luj": {"Mn": {"L": 2, "U": 2.75, "J": 0.0}, "O": {"L": -1, "U": 0.0, "J": 0.0}, "H": {"L": -1, "U": 0.0, "J": 0.0}}, "pp": "pbe", "txt": "-", "kpts": [3, 2, 1], "gamma": true, "reciprocal": false, "ignore_constraints": false, "custom": {}},
 "cell": {"array": {"__ndarray__": [[3, 3], "float64", [5.835828759, 0.0, 0.0, 0.000177915, 9.967130154, 0.0, 0.0, 0.0, 27.15797]]}, "__ase_objtype__": "cell"},
 "constraints": [{"name": "FixAtoms", "kwargs": {"indices": [0, 1, 2, 3, 4, 5, 6, 7, 8, 9, 10, 11, 12, 13, 38, 39, 40, 41, 42, 43, 44, 45, 56]}}],
 "ctime": 25.66378191075294,
 "dipole": {"__ndarray__": [[1, 3], "float64", [0.0, 0.0, 0.0]]},
 "energy": -400.82396112,
 "forces": {"__ndarray__": [[58, 3], "float64", [0.07997332, -2.63107928, 0.04592506, -0.11584625, -2.66777299, -0.08720468, -1.09750052, -0.54854692, -1.09372031, 0.58603147, 0.01810876, -1.21576572, 0.6719711, 2.28902556, -0.45579601, -0.40784474, 2.05074922, -0.47991405, 0.00274991, -0.03587475, -0.04049565, -0.04987176, -0.11364286, -0.05927711, -0.02836545, 0.11528456, 0.52196496, -0.00167813, 0.04052992, 0.85009177, -0.0065033, -0.2011583, 0.28922124, 0.13390801, 0.08364513, 0.15476297, -0.09354092, 0.01211636, 0.33502019, 0.0508058, -0.04778331, 0.02013025, 0.00059005, 0.0033822, -0.00156057, -0.00210018, -0.00133938, 0.00107359, -0.01126371, 0.01077, -0.01230271, -0.00426473, -0.00560637, -0.01302185, -0.01020851, -0.00131512, -0.01597821, 0.00425955, -0.00975579, 0.00295433, 0.00549541, 0.00155627, -0.00430214, 0.00212933, -0.00116134, -0.00317243, 0.00740557, 0.00104051, -0.01775367, -0.00377459, 0.00346069, 0.00211488, -0.00236588, -0.00677207, -0.00562879, 0.00168755, 0.00683696, -0.01035541, -0.00626591, 0.00098299, -5.15e-06, -0.00194226, -0.00242224, -0.00427546, 0.0090245, -0.00667654, 0.01571617, -0.00712672, 0.0100526, 0.00482119, -0.00303516, -0.00358645, -0.00674052, 0.00117406, -0.00687444, -0.01041575, 0.00455093, 0.01511908, 0.00677996, 0.00571368, 0.00996419, -0.0154365, 0.00636979, 0.01281008, -0.00440589, -0.00362463, 0.01374825, -0.01075124, -0.00603495, 0.01878986, 0.00034459, 0.00088515, 0.00508482, -0.01051325, 0.04261131, 2.94635235, 1.13215709, 0.12175211, 3.21191323, 1.02140527, -0.01727938, -2.71748664, 1.27645953, 0.27540797, -1.89086497, -0.19827335, -0.25333923, 0.23812715, -0.65127989, -0.08779653, 0.0491889, -0.52015226, -0.03942128, -0.21352478, -0.12200585, 0.25058823, -0.06336835, -0.17128802, -0.0026481, -0.00166242, 0.01176074, 0.00394639, 5.2e-06, 0.01264115, 0.00131141, 0.00499464, 0.00109921, 0.0020468, 0.00661918, 0.00872476, -0.00299103, -0.0030151, 0.00418219, -0.00321832, -0.01196703, 0.00577319, -0.00170955, -0.00092339, 0.00691927, 0.00076333, 0.00851457, 0.00188941, 0.00640501, 0.0071346, 0.01211992, -0.00416039, 0.00809222, 0.00547932, -0.00405012, -0.01189731, -0.50688432, 0.00021446, 0.0020781, -0.00285542]]},
 "free_energy": -400.83489021,
 "initial_magmoms": {"__ndarray__": [[58], "float64", [0.809, 0.792, -0.006, -0.006, -0.33, -0.259, 0.04, 0.042, -0.069, -0.035, -0.024, -0.023, 0.011, 0.009, -0.02, -0.023, -0.005, 0.004, -0.005, -0.007, 0.008, 0.011, 0.024, 0.029, -0.02, -0.023, 0.052, 0.053, -0.015, -0.016, -0.031, -0.024, -0.007, -0.027, -0.012, 0.016, -0.635, -0.636, -3.735, -3.691, 3.315, 3.678, 2.91, 2.9, -2.89, -2.891, 2.957, 2.956, -2.934, -2.928, -2.962, -2.984, 2.941, 2.941, 2.732, 2.731, -0.005, 0.004]]},
 "magmom": 3.9367288,
 "magmoms": {"__ndarray__": [[58], "float64", [0.81, 0.793, -0.006, -0.006, -0.33, -0.259, 0.041, 0.044, -0.069, -0.035, -0.032, -0.03, 0.011, 0.009, -0.021, -0.024, -0.007, 0.003, 0.0, -0.001, 0.007, 0.01, 0.015, 0.017, -0.016, -0.022, 0.022, 0.022, -0.06, -0.061, -0.164, -0.175, -0.122, -0.134, -0.03, -0.022, -0.515, -0.517, -3.728, -3.686, 3.316, 3.68, 2.921, 2.911, -2.889, -2.89, 2.957, 2.957, -2.945, -2.935, -2.914, -2.927, 3.225, 3.226, 2.285, 2.288, -0.005, 0.001]]},
 "mtime": 25.66378191075294,
 "numbers": {"__ndarray__": [[58], "int64", [8, 8, 8, 8, 8, 8, 8, 8, 8, 8, 8, 8, 8, 8, 8, 8, 8, 8, 8, 8, 8, 8, 8, 8, 8, 8, 8, 8, 8, 8, 8, 8, 8, 8, 8, 8, 8, 8, 25, 25, 25, 25, 25, 25, 25, 25, 25, 25, 25, 25, 25, 25, 25, 25, 25, 25, 19, 19]]},
 "pbc": {"__ndarray__": [[3], "bool", [true, true, true]]},
 "positions": {"__ndarray__": [[58, 3],