{"1": {
 "calculator": "vasp",
 "calculator_parameters": {"amix": 0.1, "amix_mag": 0.1, "bmix": 0.0001, "bmix_mag": 0.0001, "encut": 500, "sigma": 0.05, "ediff": 1e-05, "ediffg": -0.02, "algo": "Normal", "gga": "PE", "prec": "Normal", "ibrion": 2, "isif": 2, "ismear": 0, "ispin": 2, "istart": 1, "ldauprint": 2, "ldautype": 2, "lmaxmix": 4, "lorbit": 11, "nelm": 250, "npar": 6, "nsw": 199, "inimix": 0, "laechg": true, "lasph": true, "ldau": true, "lvtot": false, "lreal": "Auto", "ldau_luj": {"Mn": {"L": 2, "U": 2.75, "J": 0.0}, "O": {"L": -1, "U": 0.0, "J": 0.0}, "H": {"L": -1, "U": 0.0, "J": 0.0}}, "pp": "pbe", "txt": "-", "kpts": [3, 2, 1], "gamma": true, "reciprocal": false, "ignore_constraints": false, "custom": {}},
 "cell": {"array": {"__ndarray__": [[3, 3], "float64", [5.835828759, 0.0, 0.0, 0.000177915, 9.967130154, 0.0, 0.0, 0.0, 27.42447]]}, "__ase_objtype__": "cell"},
 "constraints": [{"name": "FixAtoms", "kwargs": {"indices": [0, 1, 2, 3, 4, 5, 6, 7, 8, 9, 10, 11, 12, 13, 36, 37, 38, 39, 40, 41, 42, 43, 54]}}],
 "ctime": 25.664912541672567,
 "dipole": {"__ndarray__": [[1, 3], "float64", [0.0, 0.0, 0.0]]},
 "energy": -402.95862361,
 "forces": {"__ndarray__": [[58, 3], "float64", [0.06602502, -2.66447752, 0.00525782, -0.07731546, -2.70417163, -0.11223215, -1.11272557, -0.52408445, -1.10483389, 0.57356532, 0.08472058, -1.21333705, 0.66974423, 2.29776903, -0.46213012, -0.38925854, 1.9916258, -0.48521767, 0.04581664, -0.02748633, 0.43338175, -0.03231599, -0.02712303, 0.46183205, -0.05428712, 0.08255513, 0.71368824, 0.02652889, 0.10009591, 1.10847387, -0.04731567, -0.13030352, 0.48639417, 0.13237001, 0.18001598, 0.33697118, -0.08136579, 0.05512335, 0.31841534, 0.04934334, 0.07105497, 0.09883973, -0.00494353, -0.00106935, -0.00498337, -0.00279862, -0.01549384, 0.0006665, -0.00944872, 0.006559, 0.01068252, 0.00648315, 0.00265142, 0.01386425, -0.0084275, 0.02739618, -0.00625987, 0.00012658, 0.00302123, 0.00372199, -0.00932014, 0.00218116, -0.00759893, -0.01341832, -0.00229221, -0.00961884, -0.00644595, -0.00060519, -0.00372179, 0.00582169, 0.01069232, -0.00767628, 0.00680229, 0.00284276, -0.01661824, -0.00579777, 0.00092, 0.00126784, 0.00172608, 0.00615937, 0.00504261, -0.00468856, -0.00575425, 0.00167102, -0.00035182, 0.02281818, 0.0133818, 0.00483245, 0.00821571, 0.00967752, -0.00965788, 0.00078993, -0.01296293, 0.00552592, -0.00355245, -0.02112099, -0.00816289, 0.00193448, -0.00165634, 0.00762752, 0.00039162, -0.00706744, 0.03647824, -0.01184935, -0.0106472, -0.02397358, 0.03057352, 0.07068225, 0.05866751, 2.89156816, 0.91176235, 0.08825517, 3.22103346, 0.85466397, -0.01844863, -2.76021898, 1.17637269, 0.2792469, -1.90106336, -0.3717416, -0.26494105, 0.11581534, -0.95436783, -0.09654663, -0.08179794, -0.84988591, -0.07325577, -0.0908762, -0.43979395, 0.27224067, -0.08859315, -0.27355691, -0.00304014, -0.00160632, 0.00649568, 0.01616691, 0.00079573, 0.00646092, -0.00398285, -0.0164206, 0.03486716, 0.0031913, -0.01866455, 0.0176618, 0.00487672, -0.02096085, 0.01197893, -0.00079476, -0.02688187, 0.01015402, 0.01273117, -0.02682031, -0.01136759, -0.00989253, -0.00025708, -0.00563208, 0.00159547, -0.03049659, -0.05230425, -0.0059836, -0.02738368, -0.02726541, 0.00346542, 0.01110569, -0.57309869, 0.00081164, 0.00065036, -0.0035174, 0.00654302, -0.03608528, -0.03728319, -0.00770384, 0.01531349, -0.03683207]]},
 "free_energy": -402.97129559,
 "initial_magmoms": {"__ndarray__": [[58], "float64", [0.804, 0.789, -0.002, -0.001, -0.314, -0.237, 0.032, 0.032, -0.066, -0.033, -0.014, -0.013, 0.012, 0.009, -0.029, 0.003, -0.004, 0.006, -0.002, -0.004, 0.014, 0.017, 0.053, 0.025, -0.012, -0.008, 0.063, 0.063, -0.006, -0.006, 0.002, 0.009, -0.127, -0.13, 0.014, 0.023, -3.755, -3.706, 3.327, 3.699, 2.885, 2.873, -2.878, -2.888, 2.902, 2.903, -2.958, -2.958, -3.111, -3.7, 2.929, 2.924, -3.752, -3.743, -0.004, -0.002, -0.006, -0.005]]},
 "magmom": -8.4080206,
 "magmoms": {"__ndarray__": [[58], "float64", [0.803, 0.789, -0.002, -0.001, -0.314, -0.238, 0.032, 0.032, -0.066, -0.033, -0.015, -0.014, 0.012, 0.009, -0.029, 0.003, -0.004, 0.006, -0.003, -0.004, 0.014, 0.017, 0.053, 0.025, -0.012, -0.008, 0.063, 0.064, -0.004, -0.006, -0.001, 0.01, -0.127, -0.13, 0.013, 0.022, -3.755, -3.706, 3.327, 3.699, 2.886, 2.873, -2.879, -2.887, 2.903, 2.903, -2.958, -2.957, -3.113, -3.7, 2.93, 2.924, -3.751, -3.743, -0.004, -0.002, -0.006, -0.005]]},
 "mtime": 25.664912541672567,
 "numbers": {"__ndarray__": [[58], "int64", [8, 8, 8, 8, 8, 8, 8, 8, 8, 8, 8, 8, 8, 8, 8, 8, 8, 8, 8, 8, 8, 8, 8, 8, 8, 8, 8, 8, 8, 8, 8, 8, 8, 8, 8, 8, 25, 25, 25, 25, 25, 25, 25, 25, 25, 25, 25, 25, 25, 25, 25, 25, 25, 25, 19, 19, 1, 1]]},
 "pbc": {"__ndarray__": [[3], "bool", [true, true, true]]},
 "positions": {"__ndarray__": [[58, 3],