{"1": {
 "calculator": "vasp",
 "calculator_parameters": {"amix": 0.1, "amix_mag": 0.1, "bmix": 0.0001, "bmix_mag": 0.0001, "encut": 500, "sigma": 0.05, "ediff": 1e-05, "ediffg": -0.02, "algo": "Normal", "gga": "PE", "prec": "Normal", "ibrion": 2, "isif": 2, "ismear": 0, "ispin": 2, "istart": 1, "ldauprint": 2, "ldautype": 2, "lmaxmix": 4, "lorbit": 11, "nelm": 250, "npar": 6, "nsw": 199, "inimix": 0, "laechg": true, "lasph": true, "ldau": true, "lvtot": false, "lreal": "Auto", "ldau_luj": {"Mn": {"L": 2, "U": 2.75, "J": 0.0}, "O": {"L": -1, "U": 0.0, "J": 0.0}, "H": {"L": -1, "U": 0.0, "J": 0.0}}, "pp": "pbe", "txt": "-", "kpts": [3, 2, 1], "gamma": true, "reciprocal": false, "ignore_constraints": false, "custom": {}},
 "cell": {"array": {"__ndarray__": [[3, 3], "float64", [5.835828759, 0.0, 0.0, 0.000177915, 9.967130154, 0.0, 0.0, 0.0, 28.15797]]}, "__ase_objtype__": "cell"},
 "constraints": [{"name": "FixAtoms", "kwargs": {"indices": [0, 1, 2, 3, 4, 5, 6, 7, 8, 9, 10, 11, 12, 13, 38, 39, 40, 41, 42, 43, 44, 45, 56]}}],
 "ctime": 25.663606239721446,
 "dipole": {"__ndarray__": [[1, 3], "float64", [0.0, 0.0, 0.0]]},
 "energy": -412.21041793,
 "forces": {"__ndarray__": [[60, 3], "float64", [0.06461449, -2.61706175, 0.00164017, -0.10139065, -2.70920194, -0.10000751, -1.08923838, -0.59013188, -1.08300321, 0.5875858, 0.00636454, -1.24546052, 0.68830982, 2.31677347, -0.48481597, -0.42441547, 2.00310512, -0.44959845, 0.03618895, -0.08505382, -0.12123167, -0.01763191, -0.09532783, -0.16568988, -0.02716262, 0.10673618, 0.5184938, -0.00171242, 0.06968879, 0.83606074, -0.01106987, -0.22216133, 0.33961247, 0.10155885, 0.0788003, 0.18080209, -0.09529465, 0.06675634, 0.31455826, 0.05848642, -0.06998264, 0.02865309, -0.00061363, 0.00334886, 0.00138041, -0.00782027, 0.00033609, 0.0039007, 0.00224796, 0.00016357, -0.00187383, 0.00197077, 0.00177264, -0.00232038, -0.00771304, 0.0012152, 0.00309767, 0.00025885, 0.00035517, 0.00077892, -0.00171087, 0.00110828, -0.00019564, -0.00193055, 0.00105095, -0.00225956, 0.00942478, -0.00112693, -0.00040957, 0.00370789, -0.00272716, 0.00360413, 0.00359685, -0.0057524, -0.00353516, -0.00682999, 0.00368459, 0.00323829, 0.00153925, -0.00311743, -0.004413, 0.00111331, -0.00098888, -0.00042718, -0.00517449, -0.00705226, -0.00484592, -0.00357684, 0.00629024, -0.0038563, 0.00031522, -0.00430187, 0.00367724, -0.00601676, 0.00489998, -0.00718239, -0.00104588, 0.00089008, -0.00628681, -0.00253791, 0.00198529, -0.00461652, 0.00438901, 0.00287894, -0.00356274, 0.01203901, 0.00165942, 0.00144827, -0.00757541, 0.01407535, 0.00662143, 0.00251384, -0.00579127, -0.00552765, 0.02086844, 2.97617147, 1.16352158, 0.10407876, 3.26110513, 1.05253277, -0.02525061, -2.70200096, 1.30529527, 0.27628259, -1.87941906, -0.15953074, -0.26316007, 0.25610744, -0.60056197, -0.08758156, 0.06942871, -0.48081771, -0.03654404, -0.2107959, -0.13295994, 0.24388656, -0.05502309, -0.18558107, 0.000306, 0.00126785, -0.00281143, 0.00077774, 0.00067579, 0.00118706, 0.00073721, 0.00109536, -0.00361418, 0.0005342, 0.00242432, -0.0007635, 0.00328881, 0.00284474, 0.0017897, -0.00209122, 0.00095342, 0.00126152, -0.00555411, -0.00059715, -0.00209184, 0.00153737, -0.00091744, -0.00184962, 0.00141556, 0.00281133, 0.00170775, 0.00051635, -0.00298245, 0.00280678, -0.01026963, -0.00693415, -0.49861237, -0.00205161, -0.00096212, -0.00104684, 0.00053423, 0.00959374, 0.00059922, 0.01833955, 0.00099302, -0.00690825]]},
 "free_energy": -412.22005496,
 "initial_magmoms": {"__ndarray__": [[60], "float64", [0.809, 0.792, -0.006, -0.006, -0.33, -0.259, 0.04, 0.042, -0.069, -0.035, -0.024, -0.023, 0.011, 0.009, -0.02, -0.023, -0.005, 0.004, -0.005, -0.007, 0.008, 0.011, 0.024, 0.029, -0.02, -0.023, 0.052, 0.053, -0.015, -0.016, -0.031, -0.024, -0.007, -0.027, -0.012, 0.016, -0.635, -0.636, -3.735, -3.691, 3.315, 3.678, 2.91, 2.9, -2.89, -2.891, 2.957, 2.956, -2.934, -2.928, -2.962, -2.984, 2.941, 2.941, 2.732, 2.731, -0.005, 0.004, 0.0, 0.0]]},
 "magmom": 5.9317529,
 "magmoms": {"__ndarray__": [[60], "float64", [0.804, 0.789, -0.008, -0.007, -0.331, -0.262, 0.044, 0.048, -0.069, -0.036, -0.032, -0.03, 0.012, 0.01, -0.022, -0.024, -0.008, 0.002, -0.0, -0.001, 0.006, 0.01, 0.018, 0.016, -0.016, -0.023, 0.013, 0.01, -0.054, -0.051, -0.169, -0.177, -0.155, -0.179, -0.024, -0.014, -0.017, -0.115, -3.726, -3.686, 3.313, 3.676, 2.924, 2.914, -2.89, -2.89, 2.958, 2.956, -2.944, -2.934, -2.91, -2.912, 3.226, 3.226, 2.976, 2.561, -0.006, 0.003, 0.008, 0.007]]},
 "mtime": 25.663606239721446,
 "numbers": {"__ndarray__": [[60], "int64", [8, 8, 8, 8, 8, 8, 8, 8, 8, 8, 8, 8, 8, 8, 8, 8, 8, 8, 8, 8, 8, 8, 8, 8, 8, 8, 8, 8, 8, 8, 8, 8, 8, 8, 8, 8, 8, 8, 25, 25, 25, 25, 25, 25, 25, 25, 25, 25, 25, 25, 25, 25, 25, 25, 25, 25, 19, 19, 1, 1]]},
 "pbc": {"__ndarray__": [[3], "bool", [true, true, true]]},
 "positions": {"__ndarray__": [[60, 3],