{"1": {
 "calculator": "vasp",
 "calculator_parameters": {"amix": 0.1, "amix_mag": 0.1, "bmix": 0.0001, "bmix_mag": 0.0001, "encut": 500, "sigma": 0.05, "ediff": 1e-05, "ediffg": -0.02, "algo": "Normal", "gga": "PE", "prec": "Normal", "ibrion": 2, "isif": 2, "ismear": 0, "ispin": 2, "istart": 1, "ldauprint": 2, "ldautype": 2, "lmaxmix": 4, "lorbit": 11, "nelm": 250, "npar": 6, "nsw": 199, "inimix": 0, "laechg": true, "lasph": true, "ldau": true, "lvtot": false, "lreal": "Auto", "ldau_luj": {"Mn": {"L": 2, "U": 2.75, "J": 0.0}, "O": {"L": -1, "U": 0.0, "J": 0.0}, "H": {"L": -1, "U": 0.0, "J": 0.0}}, "pp": "pbe", "txt": "-", "kpts": [3, 2, 1], "gamma": true, "reciprocal": false, "ignore_constraints": false, "custom": {}},
 "cell": {"array": {"__ndarray__": [[3, 3], "float64", [5.801699045203386, 0.0, 0.0, 0.0, 9.837328697191618, 0.0, 0.0, 0.0, 27.260383125397126]]}, "__ase_objtype__": "cell"},
 "constraints": [{"name": "FixAtoms", "kwargs": {"indices": [0, 1, 2, 3, 4, 5, 6, 7, 8, 9, 10, 28, 29, 30, 31, 32, 33, 34, 35, 36, 37, 38]}}],
 "ctime": 25.662564954881812,
 "dipole": {"__ndarray__": [[1, 3], "float64", [0.0, 0.0, 0.0]]},
 "energy": -389.73246236,
 "forces": {"__ndarray__": [[56, 3], "float64", [-0.0, -2.53078161, -0.16825972, -0.0, 2.56688136, 1.43570159, 0.0, 0.83237654, -1.52105474, -0.0, 1.67257007, -0.70778633, -0.0, -2.55065852, 1.38326406, 0.0, -0.07698527, -0.9106202, 0.0, 0.05603958, 0.19593314, 0.0, 0.18214913, 0.38471038, 0.0, -0.08022943, -0.046594, 0.0, -0.03787973, -0.05034236, 0.0, -0.01600278, 0.00258235, 0.0, 0.00226939, 0.00458523, -0.0, 0.0021639, 0.00335298, 0.0, -0.00146252, -0.00706027, 0.0, 0.00988557, 0.00356437, -0.0, 0.01360094, 0.00272035, -0.0, -0.00921475, 0.00081995, -0.0, 0.00509928, 0.00029599, -0.0, -0.01104224, 0.00835802, -0.0, 0.00873129, 0.00527371, 0.0, -0.00588372, -0.00112963, -0.0, -0.00301894, -0.00075945, -0.0, -0.00388659, 0.00400407, -0.0, -0.00588249, -0.01349462, 0.0, -0.0022827, 0.00400872, -0.0, -0.00119029, -0.01751007, -0.0, -0.00657012, -0.00117481, 0.0, -0.00879537, 0.00661126, -0.0, -2.53078161, -0.16825972, 0.0, 2.56688136, 1.43570159, -0.0, 0.83237654, -1.52105474, 0.0, 1.67257007, -0.70778633, -0.0, -2.55065852, 1.38326406, 0.0, -0.07698527, -0.9106202, -0.0, 0.05603958, 0.19593314, 0.0, 0.18214913, 0.38471038, 0.0, -0.08022943, -0.046594, -0.0, -0.03787973, -0.05034236, -0.0, -0.01600278, 0.00258235, -0.0, 0.00226939, 0.00458523, 0.0, 0.0021639, 0.00335298, -0.0, -0.00146252, -0.00706027, 0.0, 0.00988557, 0.00356437, 0.0, 0.01360094, 0.00272035, 0.0, -0.00921475, 0.00081995, 0.0, 0.00509928, 0.00029599, 0.0, -0.01104224, 0.00835802, -0.0, 0.00873129, 0.00527371, 0.0, -0.00588372, -0.00112963, -0.0, -0.00301894, -0.00075945, 0.0, -0.00388659, 0.00400407, -0.0, -0.00588249, -0.01349462, -0.0, -0.0022827, 0.00400872, -0.0, -0.00119029, -0.01751007, 0.0, -0.00657012, -0.00117481, -0.0, -0.00879537, 0.00661126]]},
 "free_energy": -389.74461833,
 "initial_magmoms": {"__ndarray__": [[56], "float64", [0.0, -3.0, 0.0, 0.0, 3.0, 0.0, 0.0, 3.0, 0.0, 0.0, -3.0, 0.0, 0.0, 3.0, 0.0, 0.0, -3.0, 0.0, 0.0, -3.0, 0.0, 0.0, 3.0, 0.0, 0.0, 0.0, 3.0, 0.0, 0.0, -3.0, 0.0, 0.0, 3.0, 0.0, 0.0, 3.0, 0.0, 0.0, -3.0, 0.0, 0.0, 3.0, 0.0, 0.0, -3.0, 0.0, 0.0, -3.0, 0.0, 0.0, 3.0, 0.0, 0.0, 0.0, 3.0, 0.0]]},
 "magmom": 2.6911102,
 "magmoms": {"__ndarray__": [[56], "float64", [0.91, -3.663, -0.002, -0.358, 3.341, 0.035, -0.068, 2.913, -0.027, 0.019, -2.887, -0.027, -0.011, 2.933, -0.01, 0.008, -2.933, 0.004, -0.006, -2.93, 0.022, -0.066, 2.975, -0.149, -0.172, -0.028, 2.024, -0.418, 0.91, -3.663, -0.002, -0.358, 3.341, 0.035, -0.068, 2.913, -0.027, 0.019, -2.887, -0.027, -0.011, 2.933, -0.01, 0.008, -2.933, 0.004, -0.006, -2.93, 0.022, -0.066, 2.975, -0.149, -0.172, -0.028, 2.024, -0.418]]},
 "mtime": 25.662564954881812,
 "numbers": {"__ndarray__": [[56], "int64", [8, 25, 8, 8, 25, 8, 8, 25, 8, 8, 25, 8, 8, 25, 8, 8, 25, 8, 8, 25, 8, 8, 25, 8, 8, 8, 25, 8, 8, 25, 8, 8, 25, 8, 8, 25, 8, 8, 25, 8, 8, 25, 8, 8, 25, 8, 8, 25, 8, 8, 25, 8, 8, 8, 25, 8]]},
 "pbc": {"__ndarray__": [[3], "bool", [true, true, true]]},
 "positions": {"__ndarray__": [[56, 3], "float64", [0.7252123806504233, 3.3878057495170233, 7.499999999999946, 0.7252123806504233, 1.4903578197363738, 7.861957751710508, 0.7252123806504233, 9.421651326269382, 7.9051550419374434, 0.7252123806504233, 6.92597369401008, 7.976450746335378, 2.17563714195127, 8.191984999277548, 8.016833220421674, 2.17563714195127, 1.6024196005628175, 9.091564262623049, 2.17563714195127, 8.234909096628801, 9.923054428205482, 2.17563714195127, 1.6453436979140703, 10.997785470406855, 0.7252123806504233, 2.911355003181537, 11.038167944492958, 0.7252123806504233, 0.4156773709222351, 11.10946364889089, 0.7252123806504233, 8.346970877455243, 11.152660939117828, 0.7252123806504233, 6.451723350962872, 11.511736679940983, 2.17563714195127, 8.309673294030212, 12.406748438607753, 2.17563714195127, 6.408172474522167, 12.783169234569296, 2.17563714195127, 4.501863241268099, 12.845626907644002, 2.17563714195127, 1.9969751461569092, 12.886727723806633, 0.7252123806504233, 3.2700818729656485, 12.952723364896316, 0.7252123806504233, 6.543947543283854, 14.004800394349392, 0.7252123806504233, 3.24715063460901, 14.838021310996888, 0.7252123806504233, 6.619191138774304, 15.933001143288116, 2.17563714195127, 7.836189030880781, 15.975838066937895, 2.17563714195127, 5.358394061624354, 16.04138212698319, 2.17563714195127, 3.5257015104075142, 16.09884536425196, 0.7252123806504233, 3.320653413282413, 17.219094906892128, 0.7252123806504233, 9.37299197577114, 17.70133414532603, 0.7252123806504233, 6.926265829312436, 17.80991256364903, 2.17563714195127, 8.272437077055576, 17.99760678218743, 2.17563714195127, 8.107431213354111, 19.615239040536228, 3.626061903252116, 3.3878057495170233, 7.499999999999946, 3.626061903252116, 1.4903578197363738, 7.861957751710508, 3.626061903252116, 9.421651326269382, 7.9051550419374434, 3.626061903252116, 6.92597369401008, 7.976450746335378, 5.076486664552963, 8.191984999277548, 8.016833220421674, 5.076486664552963, 1.6024196005628175, 9.091564262623049, 5.076486664552963, 8.234909096628801, 9.923054428205482, 5.076486664552963, 1.6453436979140703, 10.997785470406855, 3.626061903252116, 2.911355003181537, 11.038167944492958, 3.626061903252116, 0.4156773709222351, 11.10946364889089, 3.626061903252116, 8.346970877455243, 11.152660939117828, 3.626061903252116, 6.451723350962872, 11.511736679940983, 5.076486664552963, 8.309673294030212, 12.406748438607753, 5.076486664552963, 6.408172474522167, 12.783169234569296, 5.076486664552963, 4.501863241268099, 12.845626907644002, 5.076486664552963, 1.9969751461569092, 12.886727723806633, 3.626061903252116, 3.2700818729656485, 12.952723364896316, 3.626061903252116, 6.543947543283854, 14.004800394349392, 3.626061903252116, 3.24715063460901, 14.838021310996888, 3.626061903252116, 6.619191138774304, 15.933001143288116, 5.076486664552963, 7.836189030880781, 15.975838066937895, 5.076486664552963, 5.358394061624354, 16.04138212698319, 5.076486664552963, 3.5257015104075142, 16.09884536425196, 3.626061903252116, 3.320653413282413, 17.219094906892128, 3.626061903252116, 9.37299197577114, 17.70133414532603, 3.626061903252116, 6.926265829312436, 17.80991256364903, 5.076486664552963, 8.272437077055576, 17.99760678218743, 5.076486664552963, 8.107431213354111, 19.615239040536228]]},
 "stress": {"__ndarray__": [[6], "float64", [0.006707915263820082, 0.008090406745248645, -0.0003301184358413028, -0.0010827358778545972, -0.0, -0.0]]},
 "tags": {"__ndarray__": [[56], "int64", [23, 22, 22, 21, 21, 20, 19, 18, 17, 17, 17, 16, 15, 14, 14, 13, 13, 12, 11, 10, 10, 9, 9, 7, 6, 5, 5, 3, 23, 22, 22, 21, 21, 20, 19, 18, 17, 17, 17, 16, 15, 14, 14, 13, 13, 12, 11, 10, 10, 9, 9, 7, 6, 5, 5, 3]]},
 "unique_id": "8b233c2a0dde36ac3f126a2e2b5af49b",
 "user": "jiuy97"},
"ids": [1],
"nextid": 2}
