{"1": {
 "calculator": "vasp",
 "calculator_parameters": {"amix": 0.1, "amix_mag": 0.1, "bmix": 0.0001, "bmix_mag": 0.0001, "encut": 500, "sigma": 0.05, "ediff": 1e-05, "ediffg": -0.02, "algo": "Normal", "gga": "PE", "prec": "Normal", "ibrion": 2, "isif": 2, "ismear": 0, "ispin": 2, "istart": 1, "ldauprint": 2, "ldautype": 2, "lmaxmix": 4, "lorbit": 11, "nelm": 250, "npar": 6, "nsw": 199, "inimix": 0, "laechg": true, "lasph": true, "ldau": true, "lvtot": false, "lreal": "Auto", "ldau_luj": {"Mn": {"L": 2, "U": 2.75, "J": 0.0}, "O": {"L": -1, "U": 0.0, "J": 0.0}, "H": {"L": -1, "U": 0.0, "J": 0.0}}, "pp": "pbe", "txt": "-", "kpts": [3, 2, 1], "gamma": true, "reciprocal": false, "ignore_constraints": false, "custom": {}},
 "cell": {"array": {"__ndarray__": [[3, 3], "float64", [5.801699045203386, 0.0, 0.0, 0.0, 9.837328697191618, 0.0, 0.0, 0.0, 27.260383125397126]]}, "__ase_objtype__": "cell"},
 "constraints": [{"name": "FixAtoms", "kwargs": {"indices": [0, 1, 2, 3, 4, 5, 6, 7, 8, 9, 10, 27, 28, 29, 30, 31, 32, 33, 34, 35, 36, 37]}}],
 "ctime": 25.66224680894918,
 "dipole": {"__ndarray__": [[1, 3], "float64", [0.0, 0.0, 0.0]]},
 "energy": -381.87955094,
 "forces": {"__ndarray__": [[54, 3], "float64", [-0.0, -2.5414731, -0.1665628, 0.0, 2.55822918, 1.25506112, 0.0, 0.83405044, -1.50946482, -0.0, 1.6797062, -0.68829271, 0.0, -2.58778064, 1.23289711, -0.0, -0.03048469, -0.49560271, -0.0, 0.04457503, 0.39799959, 0.0, 0.02058762, 0.07709285, 0.0, -0.00146012, 0.0765506, -0.0, -0.02196095, 0.01221446, -0.0, 0.08013158, -0.15454637, -0.0, -0.00881663, -0.00065206, -0.0, -0.00283939, 0.01827099, -0.0, -0.00562259, -0.01083361, 0.0, 0.00181933, -0.00497657, -0.0, -0.00193197, -0.00089244, 0.0, -0.00624898, -0.00386218, -0.0, -0.00534317, -0.01434738, -0.0, -0.01142967, 0.00371597, 0.0, 0.00162615, -0.00133406, 0.0, -0.00341161, 0.00054879, 0.0, -0.00104938, 0.01499193, -0.0, 0.01465227, -0.00707765, -0.0, 0.00685417, -0.00397993, -0.0, -0.01433286, -0.00491611, -0.0, 0.00375686, -0.00216331, 0.0, -0.00180306, -0.01983871, -0.0, -2.5414731, -0.1665628, 0.0, 2.55822918, 1.25506112, 0.0, 0.83405044, -1.50946482, -0.0, 1.6797062, -0.68829271, 0.0, -2.58778064, 1.23289711, 0.0, -0.03048469, -0.49560271, 0.0, 0.04457503, 0.39799959, -0.0, 0.02058762, 0.07709285, 0.0, -0.00146012, 0.0765506, 0.0, -0.02196095, 0.01221446, -0.0, 0.08013158, -0.15454637, 0.0, -0.00881663, -0.00065206, -0.0, -0.00283939, 0.01827099, 0.0, -0.00562259, -0.01083361, -0.0, 0.00181933, -0.00497657, -0.0, -0.00193197, -0.00089244, -0.0, -0.00624898, -0.00386218, -0.0, -0.00534317, -0.01434738, -0.0, -0.01142967, 0.00371597, -0.0, 0.00162615, -0.00133406, 0.0, -0.00341161, 0.00054879, 0.0, -0.00104938, 0.01499193, -0.0, 0.01465227, -0.00707765, -0.0, 0.00685417, -0.00397993, -0.0, -0.01433286, -0.00491611, 0.0, 0.00375686, -0.00216331, 0.0, -0.00180306, -0.01983871]]},
 "free_energy": -381.89051941,
 "initial_magmoms": {"__ndarray__": [[54], "float64", [0.0, -3.0, 0.0, 0.0, 3.0, 0.0, 0.0, 3.0, 0.0, 0.0, -3.0, 0.0, 0.0, 3.0, 0.0, 0.0, -3.0, 0.0, 0.0, -3.0, 0.0, 0.0, 3.0, 0.0, 0.0, -3.0, 0.0, 0.0, -3.0, 0.0, 0.0, 3.0, 0.0, 0.0, 3.0, 0.0, 0.0, -3.0, 0.0, 0.0, 3.0, 0.0, 0.0, -3.0, 0.0, 0.0, -3.0, 0.0, 0.0, 3.0, 0.0, 0.0, -3.0, 0.0]]},
 "magmom": -5.6205264,
 "magmoms": {"__ndarray__": [[54], "float64", [0.902, -3.688, 0.001, -0.341, 3.351, 0.032, -0.067, 2.894, -0.014, 0.017, -2.888, -0.004, -0.001, 2.883, -0.01, 0.013, -2.936, 0.061, -0.004, -3.225, 0.197, 0.027, 2.884, 0.051, 0.041, -3.102, 0.13, 0.902, -3.688, 0.001, -0.341, 3.351, 0.032, -0.067, 2.894, -0.014, 0.017, -2.888, -0.004, -0.001, 2.883, -0.01, 0.013, -2.936, 0.061, -0.004, -3.225, 0.197, 0.027, 2.884, 0.051, 0.041, -3.102, 0.13]]},
 "mtime": 25.66224680894918,
 "numbers": {"__ndarray__": [[54], "int64", [8, 25, 8, 8, 25, 8, 8, 25, 8, 8, 25, 8, 8, 25, 8, 8, 25, 8, 8, 25, 8, 8, 25, 8, 8, 25, 8, 8, 25, 8, 8, 25, 8, 8, 25, 8, 8, 25, 8, 8, 25, 8, 8, 25, 8, 8, 25, 8, 8, 25, 8, 8, 25, 8]]},
 "pbc": {"__ndarray__": [[3], "bool", [true, true, true]]},
 "positions": {"__ndarray__": [[54, 3], "float64", [0.7252123806504233, 3.3878057495170233, 7.499999999999946, 0.7252123806504233, 1.4903578197363738, 7.861957751710508, 0.7252123806504233, 9.421651326269382, 7.9051550419374434, 0.7252123806504233, 6.92597369401008, 7.976450746335378, 2.17563714195127, 8.191984999277548, 8.016833220421674, 2.17563714195127, 1.6024196005628175, 9.091564262623049, 2.17563714195127, 8.234909096628801, 9.923054428205482, 2.17563714195127, 1.6453436979140703, 10.997785470406855, 0.7252123806504233, 2.911355003181537, 11.038167944492958, 0.7252123806504233, 0.4156773709222351, 11.10946364889089, 0.7252123806504233, 8.346970877455243, 11.152660939117828, 0.7252123806504233, 6.446411985275416, 11.515440872268083, 2.17563714195127, 8.308030179615644, 12.409006849835412, 2.17563714195127, 6.4123079778478145, 12.772049707525042, 2.17563714195127, 4.509845133983248, 12.825447000399286, 2.17563714195127, 2.0100955376020946, 12.893202888559728, 0.7252123806504233, 3.2801600662340946, 12.939001432250505, 0.7252123806504233, 6.557563875652811, 13.999396623615548, 0.7252123806504233, 3.347626711199571, 14.849760939959083, 0.7252123806504233, 6.610652367932873, 15.901789465280542, 2.17563714195127, 7.7261069504916495, 16.207248620442236, 2.17563714195127, 5.3360873940680005, 16.11408231009578, 2.17563714195127, 3.449569511673528, 16.07837054310696, 2.17563714195127, 1.5742373335380504, 16.470107312712948, 0.7252123806504233, 3.4399334879723815, 17.37953439394364, 0.7252123806504233, 1.6057674885674984, 17.78861537339149, 2.17563714195127, 1.3491547946617217, 18.90265346125122, 3.626061903252116, 3.3878057495170233, 7.499999999999946, 3.626061903252116, 1.4903578197363738, 7.861957751710508, 3.626061903252116, 9.421651326269382, 7.9051550419374434, 3.626061903252116, 6.92597369401008, 7.976450746335378, 5.076486664552963, 8.191984999277548, 8.016833220421674, 5.076486664552963, 1.6024196005628175, 9.091564262623049, 5.076486664552963, 8.234909096628801, 9.923054428205482, 5.076486664552963, 1.6453436979140703, 10.997785470406855, 3.626061903252116, 2.911355003181537, 11.038167944492958, 3.626061903252116, 0.4156773709222351, 11.10946364889089, 3.626061903252116, 8.346970877455243, 11.152660939117828, 3.626061903252116, 6.446411985275416, 11.515440872268083, 5.076486664552963, 8.308030179615644, 12.409006849835412, 5.076486664552963, 6.4123079778478145, 12.772049707525042, 5.076486664552963, 4.509845133983248, 12.825447000399286, 5.076486664552963, 2.0100955376020946, 12.893202888559728, 3.626061903252116, 3.2801600662340946, 12.939001432250505, 3.626061903252116, 6.557563875652811, 13.999396623615548, 3.626061903252116, 3.347626711199571, 14.849760939959083, 3.626061903252116, 6.610652367932873, 15.901789465280542, 5.076486664552963, 7.7261069504916495, 16.207248620442236, 5.076486664552963, 5.3360873940680005, 16.11408231009578, 5.076486664552963, 3.449569511673528, 16.07837054310696, 5.076486664552963, 1.5742373335380504, 16.470107312712948, 3.626061903252116, 3.4399334879723815, 17.37953439394364, 3.626061903252116, 1.6057674885674984, 17.78861537339149, 5.076486664552963, 1.3491547946617217, 18.90265346125122]]},
 "stress": {"__ndarray__": [[6], "float64", [0.0050029182463027485, 0.007853627157358656, 0.0005574095192788873, -0.0002840765019856168, -0.0, -0.0]]},
 "tags": {"__ndarray__": [[54], "int64", [23, 22, 22, 21, 21, 20, 19, 18, 17, 17, 17, 16, 15, 14, 14, 13, 13, 12, 11, 10, 10, 9, 9, 8, 7, 6, 4, 23, 22, 22, 21, 21, 20, 19, 18, 17, 17, 17, 16, 15, 14, 14, 13, 13, 12, 11, 10, 10, 9, 9, 8, 7, 6, 4]]},
 "unique_id": "b429a6035eff2f70ced2cbc738e21562",
 "user": "jiuy97"},
"ids": [1],
"nextid": 2}
