{"1": {
 "calculator": "vasp",
 "calculator_parameters": {"amix": 0.1, "amix_mag": 0.1, "bmix": 0.0001, "bmix_mag": 0.0001, "encut": 500, "sigma": 0.05, "ediff": 1e-05, "ediffg": -0.02, "algo": "Normal", "gga": "PE", "prec": "Normal", "ibrion": 2, "isif": 2, "ismear": 0, "ispin": 2, "istart": 1, "ldauprint": 2, "ldautype": 2, "lmaxmix": 4, "lorbit": 11, "nelm": 250, "npar": 6, "nsw": 199, "inimix": 0, "laechg": true, "lasph": true, "ldau": true, "lvtot": false, "lreal": "Auto", "ldau_luj": {"Mn": {"L": 2, "U": 2.75, "J": 0.0}, "O": {"L": -1, "U": 0.0, "J": 0.0}, "H": {"L": -1, "U": 0.0, "J": 0.0}}, "pp": "pbe", "txt": "-", "kpts": [3, 2, 1], "gamma": true, "reciprocal": false, "ignore_constraints": false, "custom": {}},
 "cell": {"array": {"__ndarray__": [[3, 3], "float64", [5.801699045203386, 0.0, 0.0, 0.0, 9.837328697191618, 0.0, 0.0, 0.0, 27.260383125397126]]}, "__ase_objtype__": "cell"},
 "constraints": [{"name": "FixAtoms", "kwargs": {"indices": [0, 1, 2, 3, 4, 5, 6, 7, 8, 9, 10, 27, 28, 29, 30, 31, 32, 33, 34, 35, 36, 37]}}],
 "ctime": 25.662312080665874,
 "dipole": {"__ndarray__": [[1, 3], "float64", [0.0, 0.0, 0.0]]},
 "energy": -381.82569624,
 "forces": {"__ndarray__": [[54, 3], "float64", [-0.0, -2.53962887, -0.17404417, -0.0, 2.57932174, 1.39941948, -0.0, 0.84213835, -1.52180973, 0.0, 1.68329924, -0.70239479, -0.0, -2.56895617, 1.31728314, -0.0, -0.06660752, -0.8067517, -0.0, 0.05396202, 0.31323396, 0.0, 0.20243025, 0.25601154, 0.0, -0.0931863, 0.0024137, 0.0, -0.12881349, -0.00978791, -0.0, 0.01201936, -0.08768596, 0.0, -0.00627615, 0.00338738, -0.0, 0.00396201, 0.00663657, -0.0, -0.00030631, 0.00389098, 0.0, 0.010413, 0.0021978, -0.0, -0.00070077, -0.00397399, 0.0, 0.00233101, 0.00020466, 0.0, 0.0057578, 0.00348725, -0.0, 0.00362952, -0.00950118, 0.0, -0.00271375, 0.00508617, -0.0, -0.00125556, -0.00377715, 0.0, 0.00915283, 0.01028912, 0.0, -0.00299125, -0.0008944, 0.0, -0.00529958, -0.01242132, 0.0, -0.00107059, -5.684e-05, -0.0, 0.00284382, 0.00678433, -0.0, 0.00654536, 0.00277308, -0.0, -2.53962887, -0.17404417, -0.0, 2.57932174, 1.39941948, 0.0, 0.84213835, -1.52180973, -0.0, 1.68329924, -0.70239479, -0.0, -2.56895617, 1.31728314, 0.0, -0.06660752, -0.8067517, -0.0, 0.05396202, 0.31323396, 0.0, 0.20243025, 0.25601154, -0.0, -0.0931863, 0.0024137, -0.0, -0.12881349, -0.00978791, 0.0, 0.01201936, -0.08768596, 0.0, -0.00627615, 0.00338738, -0.0, 0.00396201, 0.00663657, 0.0, -0.00030631, 0.00389098, -0.0, 0.010413, 0.0021978, -0.0, -0.00070077, -0.00397399, 0.0, 0.00233101, 0.00020466, 0.0, 0.0057578, 0.00348725, -0.0, 0.00362952, -0.00950118, 0.0, -0.00271375, 0.00508617, -0.0, -0.00125556, -0.00377715, -0.0, 0.00915283, 0.01028912, -0.0, -0.00299125, -0.0008944, 0.0, -0.00529958, -0.01242132, -0.0, -0.00107059, -5.684e-05, -0.0, 0.00284382, 0.00678433, -0.0, 0.00654536, 0.00277308]]},
 "free_energy": -381.83331108,
 "initial_magmoms": {"__ndarray__": [[54], "float64", [0.0, -3.0, 0.0, 0.0, 3.0, 0.0, 0.0, 3.0, 0.0, 0.0, -3.0, 0.0, 0.0, 3.0, 0.0, 0.0, -3.0, 0.0, 0.0, -3.0, 0.0, 0.0, 3.0, 0.0, 0.0, 0.0, 3.0, 0.0, -3.0, 0.0, 0.0, 3.0, 0.0, 0.0, 3.0, 0.0, 0.0, -3.0, 0.0, 0.0, 3.0, 0.0, 0.0, -3.0, 0.0, 0.0, -3.0, 0.0, 0.0, 3.0, 0.0, 0.0, 0.0, 3.0]]},
 "magmom": 6.5968428,
 "magmoms": {"__ndarray__": [[54], "float64", [0.903, -3.67, -0.001, -0.346, 3.346, 0.034, -0.067, 2.912, -0.027, 0.017, -2.887, -0.024, -0.009, 2.932, -0.007, 0.007, -2.928, 0.0, -0.016, -2.836, -0.049, -0.048, 3.245, -0.244, -0.071, -0.046, 3.092, 0.903, -3.67, -0.001, -0.346, 3.346, 0.034, -0.067, 2.912, -0.027, 0.017, -2.887, -0.024, -0.009, 2.932, -0.007, 0.007, -2.928, 0.0, -0.016, -2.836, -0.049, -0.048, 3.245, -0.244, -0.071, -0.046, 3.092]]},
 "mtime": 25.662312080665874,
 "numbers": {"__ndarray__": [[54], "int64", [8, 25, 8, 8, 25, 8, 8, 25, 8, 8, 25, 8, 8, 25, 8, 8, 25, 8, 8, 25, 8, 8, 25, 8, 8, 8, 25, 8, 25, 8, 8, 25, 8, 8, 25, 8, 8, 25, 8, 8, 25, 8, 8, 25, 8, 8, 25, 8, 8, 25, 8, 8, 8, 25]]},
 "pbc": {"__ndarray__": [[3], "bool", [true, true, true]]},
 "positions": {"__ndarray__": [[54, 3], "float64", [0.7252123806504233, 3.3878057495170233, 7.499999999999946, 0.7252123806504233, 1.4903578197363738, 7.861957751710508, 0.7252123806504233, 9.421651326269382, 7.9051550419374434, 0.7252123806504233, 6.92597369401008, 7.976450746335378, 2.17563714195127, 8.191984999277548, 8.016833220421674, 2.17563714195127, 1.6024196005628175, 9.091564262623049, 2.17563714195127, 8.234909096628801, 9.923054428205482, 2.17563714195127, 1.6453436979140703, 10.997785470406855, 0.7252123806504233, 2.911355003181537, 11.038167944492958, 0.7252123806504233, 0.4156773709222351, 11.10946364889089, 0.7252123806504233, 8.346970877455243, 11.152660939117828, 0.7252123806504233, 6.440721063086611, 11.50954838496089, 2.17563714195127, 8.299285962865735, 12.407983639324138, 2.17563714195127, 6.3964029897787, 12.772194297509575, 2.17563714195127, 4.496992665618821, 12.848487796857258, 2.17563714195127, 1.9936120578124696, 12.887977351158497, 0.7252123806504233, 3.2623801217312742, 12.957779785336614, 0.7252123806504233, 6.52879433250016, 14.004111534719044, 0.7252123806504233, 3.224316296884317, 14.839058089201007, 0.7252123806504233, 6.601722554074098, 15.911033429526904, 2.17563714195127, 7.8959261520703246, 15.877430513778028, 2.17563714195127, 5.384868310399714, 16.042721270421783, 2.17563714195127, 3.470379015106665, 16.108387369601733, 0.7252123806504233, 3.2186784369931245, 17.22728561405533, 0.7252123806504233, 9.463067252737178, 17.93655071145795, 0.7252123806504233, 7.018250581211538, 17.76670573298047, 2.17563714195127, 8.350774066815868, 17.6969609170111, 3.626061903252116, 3.3878057495170233, 7.499999999999946, 3.626061903252116, 1.4903578197363738, 7.861957751710508, 3.626061903252116, 9.421651326269382, 7.9051550419374434, 3.626061903252116, 6.92597369401008, 7.976450746335378, 5.076486664552963, 8.191984999277548, 8.016833220421674, 5.076486664552963, 1.6024196005628175, 9.091564262623049, 5.076486664552963, 8.234909096628801, 9.923054428205482, 5.076486664552963, 1.6453436979140703, 10.997785470406855, 3.626061903252116, 2.911355003181537, 11.038167944492958, 3.626061903252116, 0.4156773709222351, 11.10946364889089, 3.626061903252116, 8.346970877455243, 11.152660939117828, 3.626061903252116, 6.440721063086611, 11.50954838496089, 5.076486664552963, 8.299285962865735, 12.407983639324138, 5.076486664552963, 6.3964029897787, 12.772194297509575, 5.076486664552963, 4.496992665618821, 12.848487796857258, 5.076486664552963, 1.9936120578124696, 12.887977351158497, 3.626061903252116, 3.2623801217312742, 12.957779785336614, 3.626061903252116, 6.52879433250016, 14.004111534719044, 3.626061903252116, 3.224316296884317, 14.839058089201007, 3.626061903252116, 6.601722554074098, 15.911033429526904, 5.076486664552963, 7.8959261520703246, 15.877430513778028, 5.076486664552963, 5.384868310399714, 16.042721270421783, 5.076486664552963, 3.470379015106665, 16.108387369601733, 3.626061903252116, 3.2186784369931245, 17.22728561405533, 3.626061903252116, 9.463067252737178, 17.93655071145795, 3.626061903252116, 7.018250581211538, 17.76670573298047, 5.076486664552963, 8.350774066815868, 17.6969609170111]]},
 "stress": {"__ndarray__": [[6], "float64", [0.004983057589501933, 0.008242895438959584, -0.000320002734619856, -0.001429269189346044, -0.0, -0.0]]},
 "tags": {"__ndarray__": [[54], "int64", [23, 22, 22, 21, 21, 20, 19, 18, 17, 17, 17, 16, 15, 14, 14, 13, 13, 12, 11, 10, 10, 9, 9, 7, 6, 5, 5, 23, 22, 22, 21, 21, 20, 19, 18, 17, 17, 17, 16, 15, 14, 14, 13, 13, 12, 11, 10, 10, 9, 9, 7, 6, 5, 5]]},
 "unique_id": "5d0f1d84335e838ba33652714fb7a67d",
 "user": "jiuy97"},
"ids": [1],
"nextid": 2}
