{"1": {
 "calculator": "vasp",
 "calculator_parameters": {"amix": 0.1, "amix_mag": 0.1, "bmix": 0.0001, "bmix_mag": 0.0001, "encut": 500, "sigma": 0.05, "ediff": 1e-05, "ediffg": -0.02, "algo": "Normal", "gga": "PE", "prec": "Normal", "ibrion": 2, "isif": 2, "ismear": 0, "ispin": 2, "istart": 1, "ldauprint": 2, "ldautype": 2, "lmaxmix": 4, "lorbit": 11, "nelm": 250, "npar": 6, "nsw": 199, "inimix": 0, "laechg": true, "lasph": true, "ldau": true, "lvtot": false, "lreal": "Auto", "ldau_luj": {"Mn": {"L": 2, "U": 2.75, "J": 0.0}, "O": {"L": -1, "U": 0.0, "J": 0.0}, "H": {"L": -1, "U": 0.0, "J": 0.0}}, "pp": "pbe", "txt": "-", "kpts": [3, 2, 1], "gamma": true, "reciprocal": false, "ignore_constraints": false, "custom": {}},
 "cell": {"array": {"__ndarray__": [[3, 3], "float64", [5.801699045203386, 0.0, 0.0, 0.0, 9.837328697191618, 0.0, 0.0, 0.0, 27.260383125397126]]}, "__ase_objtype__": "cell"},
 "constraints": [{"name": "FixAtoms", "kwargs": {"indices": [0, 1, 2, 3, 4, 5, 6, 7, 8, 9, 10, 28, 29, 30, 31, 32, 33, 34, 35, 36, 37, 38]}}],
 "ctime": 25.662680445159065,
 "dipole": {"__ndarray__": [[1, 3], "float64", [0.0, 0.0, 0.0]]},
 "energy": -401.04935861,
 "forces": {"__ndarray__": [[58, 3], "float64", [0.0005673, -2.53625364, -0.17627845, 0.00084607, 2.57564505, 1.4385081, 0.0004922, 0.8352382, -1.52930488, 0.0004321, 1.67835721, -0.71705319, 0.00061615, -2.54930044, 1.39420149, 0.00044551, -0.07503388, -0.91668881, -0.00264427, 0.06329004, 0.18819079, -6.613e-05, 0.16875327, 0.3848257, -0.00107213, -0.0921071, -0.0733041, 0.00068058, -0.02671879, -0.05307403, -0.00925638, -0.07093329, 0.06495283, 0.00092254, 0.00167805, -0.0024509, 0.0012153, -0.00323545, -0.00265227, 8.736e-05, -0.00166767, 0.0013968, 0.00142604, 0.00150879, -0.00793802, 0.00469775, -0.00253999, -0.00239646, 0.0056715, -0.00016656, 0.00440471, 0.00119879, 0.00303912, -0.00890102, 0.00145313, 0.00745107, 0.00522974, -0.00137021, -0.00090121, 0.00596796, -0.00314341, 0.00431541, 0.01108196, 0.00669789, 0.00707568, -0.01202949, -0.00472357, -0.00035794, 0.00981856, -0.00623548, 0.00692525, -0.00351037, 0.00173981, -0.00208933, -0.00594443, 0.00323052, 0.00378778, -0.00372715, -0.00298218, 0.0040592, 0.01228609, 0.01490502, -0.00096089, -0.00534243, 0.0005673, -2.53625364, -0.17627845, 0.00084607, 2.57564505, 1.4385081, 0.0004922, 0.8352382, -1.52930488, 0.0004321, 1.67835721, -0.71705319, 0.00061615, -2.54930044, 1.39420149, 0.00044551, -0.07503388, -0.91668881, -0.00264427, 0.06329004, 0.18819079, -6.613e-05, 0.16875327, 0.3848257, -0.00107213, -0.0921071, -0.0733041, 0.00068058, -0.02671879, -0.05307403, -0.00925638, -0.07093329, 0.06495283, 0.00092254, 0.00167805, -0.0024509, 0.0012153, -0.00323545, -0.00265227, 8.736e-05, -0.00166767, 0.0013968, 0.00142604, 0.00150879, -0.00793802, 0.00469775, -0.00253999, -0.00239646, 0.0056715, -0.00016656, 0.00440471, 0.00119879, 0.00303912, -0.00890102, 0.00145313, 0.00745107, 0.00522974, -0.00137021, -0.00090121, 0.00596796, -0.00314341, 0.00431541, 0.01108196, 0.00669789, 0.00707568, -0.01202949, -0.00472357, -0.00035794, 0.00981856, -0.00623548, 0.00692525, -0.00351037, 0.00173981, -0.00208933, -0.00594443, 0.00323052, 0.00378778, -0.00372715, -0.00298218, 0.0040592, 0.01228609, 0.01490502, -0.00096089, -0.00534243, -0.0158318, 0.00114204, -0.00026873, -0.0158318, 0.00114204, -0.00026873]]},
 "free_energy": -401.06652048,
 "initial_magmoms": {"__ndarray__": [[58], "float64", [0.0, -3.0, 0.0, 0.0, 3.0, 0.0, 0.0, 3.0, 0.0, 0.0, -3.0, 0.0, 0.0, 3.0, 0.0, 0.0, -3.0, 0.0, 0.0, -3.0, 0.0, 0.0, 3.0, 0.0, 0.0, 0.0, 3.0, 0.0, 0.0, -3.0, 0.0, 0.0, 3.0, 0.0, 0.0, 3.0, 0.0, 0.0, -3.0, 0.0, 0.0, 3.0, 0.0, 0.0, -3.0, 0.0, 0.0, -3.0, 0.0, 0.0, 3.0, 0.0, 0.0, 0.0, 3.0, 0.0, 0.0, 0.0]]},
 "magmom": 4.686045,
 "magmoms": {"__ndarray__": [[58], "float64", [0.907, -3.663, -0.002, -0.356, 3.34, 0.035, -0.067, 2.913, -0.027, 0.019, -2.888, -0.026, -0.011, 2.933, -0.012, 0.007, -2.93, 0.005, -0.008, -2.924, 0.01, -0.054, 2.982, -0.161, -0.33, -0.014, 2.754, -0.069, 0.907, -3.663, -0.002, -0.356, 3.34, 0.035, -0.067, 2.913, -0.027, 0.019, -2.888, -0.026, -0.011, 2.933, -0.012, 0.007, -2.93, 0.005, -0.008, -2.924, 0.01, -0.054, 2.982, -0.161, -0.33, -0.014, 2.754, -0.069, 0.007, 0.007]]},
 "mtime": 25.662680445159065,
 "numbers": {"__ndarray__": [[58], "int64", [8, 25, 8, 8, 25, 8, 8, 25, 8, 8, 25, 8, 8, 25, 8, 8, 25, 8, 8, 25, 8, 8, 25, 8, 8, 8, 25, 8, 8, 25, 8, 8, 25, 8, 8, 25, 8, 8, 25, 8, 8, 25, 8, 8, 25, 8, 8, 25, 8, 8, 25, 8, 8, 8, 25, 8, 1, 1]]},
 "pbc": {"__ndarray__": [[3], "bool", [true, true, true]]},
 "positions": {"__ndarray__": [[58, 3],