{"1": {
 "calculator": "vasp",
 "calculator_parameters": {"amix": 0.1, "amix_mag": 0.1, "bmix": 0.0001, "bmix_mag": 0.0001, "encut": 500, "sigma": 0.05, "ediff": 1e-05, "ediffg": -0.02, "algo": "Normal", "gga": "PE", "prec": "Normal", "ibrion": 2, "isif": 2, "ismear": 0, "ispin": 2, "istart": 1, "ldauprint": 2, "ldautype": 2, "lmaxmix": 4, "lorbit": 11, "nelm": 250, "npar": 6, "nsw": 199, "inimix": 0, "laechg": true, "lasph": true, "ldau": true, "lvtot": false, "lreal": "Auto", "ldau_luj": {"Mn": {"L": 2, "U": 2.75, "J": 0.0}, "O": {"L": -1, "U": 0.0, "J": 0.0}, "H": {"L": -1, "U": 0.0, "J": 0.0}}, "pp": "pbe", "txt": "-", "kpts": [3, 2, 1], "gamma": true, "reciprocal": false, "ignore_constraints": false, "custom": {}},
 "cell": {"array": {"__ndarray__": [[3, 3], "float64", [5.801699045, 0.0, 0.0, 0.0, 9.837328697, 0.0, 0.0, 0.0, 27.260383125]]}, "__ase_objtype__": "cell"},
 "constraints": [{"name": "FixAtoms", "kwargs": {"indices": [0, 1, 2, 3, 4, 5, 6, 18, 19, 20, 21, 22, 23, 24, 36, 37, 38, 39, 45, 46, 47, 48]}}],
 "ctime": 25.665010384735705,
 "dipole": {"__ndarray__": [[1, 3], "float64", [0.0, 0.0, 0.0]]},
 "energy": -392.41334999,
 "forces": {"__ndarray__": [[56, 3], "float64", [0.0, -2.54301644, -0.17442939, -0.0, 0.8462713, -1.51580879, -0.0, 1.68540322, -0.68820479, 0.0, -0.05641835, -0.66457086, 0.0, -0.0200895, 0.45674799, 0.0, -0.06951179, -0.2067154, 0.0, -0.07008708, -0.01059482, -0.0, -0.00216333, 0.00060948, 0.0, 0.00024959, -0.00960605, 0.0, -0.0037494, -2.738e-05, 0.0, 0.00680528, 0.00220954, 0.0, -0.00740855, 0.00489008, -0.0, 0.01080594, -0.01380926, 0.0, -0.00776913, -0.00205671, -0.0, -0.00236762, -0.00156089, 0.0, 0.01086916, -0.00062764, -0.0, -0.00455376, 0.00093498, 0.0, 0.00518676, -0.01287541, 0.0, -2.54301644, -0.17442939, -0.0, 0.8462713, -1.51580879, -0.0, 1.68540322, -0.68820479, 0.0, -0.05641835, -0.66457086, 0.0, -0.0200895, 0.45674799, 0.0, -0.06951179, -0.2067154, 0.0, -0.07008708, -0.01059482, 0.0, -0.00216333, 0.00060948, 0.0, 0.00024959, -0.00960605, 0.0, -0.0037494, -2.738e-05, 0.0, 0.00680528, 0.00220954, -0.0, -0.00740855, 0.00489008, 0.0, 0.01080594, -0.01380926, 0.0, -0.00776913, -0.00205671, 0.0, -0.00236762, -0.00156089, 0.0, 0.01086916, -0.00062764, -0.0, -0.00455376, 0.00093498, 0.0, 0.00518676, -0.01287541, 0.0, 2.57362491, 1.32988705, -0.0, -2.59135801, 1.23428151, 0.0, 0.12955268, 0.1590298, 0.0, 0.11897313, 0.1310061, 0.0, 0.0053219, 0.00172399, -0.0, 0.00454636, -0.00078104, 0.0, -3.25e-05, 0.00364931, -0.0, -0.00217545, -0.00317821, 0.0, -0.0065849, -0.01264756, 0.0, 2.57362491, 1.32988705, -0.0, -2.59135801, 1.23428151, 0.0, 0.12955268, 0.1590298, 0.0, 0.11897313, 0.1310061, 0.0, 0.0053219, 0.00172399, 0.0, 0.00454636, -0.00078104, 0.0, -3.25e-05, 0.00364931, -0.0, -0.00217545, -0.00317821, 0.0, -0.0065849, -0.01264756, 0.0, -0.01032443, -0.00747561, 0.0, -0.01032443, -0.00747561]]},
 "free_energy": -392.42436769,
 "initial_magmoms": {"__ndarray__": [[56], "float64", [0.899, 0.001, -0.336, 0.032, -0.066, -0.023, 0.017, -0.001, 0.007, -0.009, 0.01, 0.061, 0.02, 0.113, 0.059, 0.038, -0.057, 0.039, 0.899, 0.001, -0.336, 0.032, -0.066, -0.023, 0.017, -0.001, 0.007, -0.009, 0.01, 0.061, 0.02, 0.113, 0.059, 0.038, -0.057, 0.039, -3.685, 3.352, 2.902, -2.899, 2.891, -2.92, -3.319, 2.931, -3.719, -3.685, 3.352, 2.902, -2.899, 2.891, -2.92, -3.319, 2.931, -3.719, -0.007, -0.007]]},
 "magmom": -7.5950264,
 "magmoms": {"__ndarray__": [[56], "float64", [0.9, 0.001, -0.338, 0.034, -0.066, -0.027, 0.016, -0.002, 0.004, -0.006, 0.009, 0.061, 0.012, 0.102, 0.058, 0.036, -0.055, 0.043, 0.9, 0.001, -0.338, 0.034, -0.066, -0.027, 0.016, -0.002, 0.004, -0.006, 0.009, 0.061, 0.012, 0.102, 0.058, 0.036, -0.055, 0.043, -3.679, 3.351, 2.901, -2.894, 2.889, -2.903, -3.3, 2.916, -3.729, -3.679, 3.351, 2.901, -2.894, 2.889, -2.903, -3.3, 2.916, -3.729, -0.008, -0.008]]},
 "mtime": 25.665010384735705,
 "numbers": {"__ndarray__": [[56], "int64", [8, 8, 8, 8, 8, 8, 8, 8, 8, 8, 8, 8, 8, 8, 8, 8, 8, 8, 8, 8, 8, 8, 8, 8, 8, 8, 8, 8, 8, 8, 8, 8, 8, 8, 8, 8, 25, 25, 25, 25, 25, 25, 25, 25, 25, 25, 25, 25, 25, 25, 25, 25, 25, 25, 1, 1]]},
 "pbc": {"__ndarray__": [[3], "bool", [true, true, true]]},
 "positions": {"__ndarray__": [[56, 3], "float64", [0.7252100000000044, 3.3878100000000164, 7.499999999999932, 0.7252100000000044, 9.421650000000003, 7.905159999999963, 0.7252100000000044, 6.925969999999967, 7.976450000000036, 2.175640000000015, 1.6024199999999813, 9.091560000000088, 2.175640000000015, 8.234910000000035, 9.92305000000004, 0.7252100000000044, 2.91135999999998, 11.038170000000068, 0.7252100000000044, 0.415680000000012, 11.10945999999995, 0.7252100000000044, 6.4611630039692844, 11.581943068004072, 2.175640000000015, 8.319079413792569, 12.421076409317191, 2.175640000000015, 4.527459488681627, 12.804156022862296, 2.175640000000015, 2.022535045502487, 12.883511711643774, 0.7252100000000044, 6.533949076865685, 14.095680089979291, 0.7252100000000044, 3.417336717850161, 14.78821992130715, 2.175640000000015, 7.551137909086514, 16.40515038394193, 2.175640000000015, 5.156833443598584, 16.265877167048735, 2.175640000000015, 1.3358638436750894, 15.780887185472855, 0.7252100000000044, 2.94142662080962, 17.219656648005092, 2.175640000000015, 9.764258116464442, 17.88629537920193, 3.626059999999982, 3.3878100000000164, 7.499999999999932, 3.626059999999982, 9.421650000000003, 7.905159999999963, 3.626059999999982, 6.925969999999967, 7.976450000000036, 5.076489999999993, 1.6024199999999813, 9.091560000000088, 5.076489999999993, 8.234910000000035, 9.92305000000004, 3.626059999999982, 2.91135999999998, 11.038170000000068, 3.626059999999982, 0.415680000000012, 11.10945999999995, 3.626059999999982, 6.4611630039692844, 11.581943068004072, 5.076489999999993, 8.319079413792569, 12.421076409317191, 5.076489999999993, 4.527459488681627, 12.804156022862296, 5.076489999999993, 2.022535045502487, 12.883511711643774, 3.626059999999982, 6.533949076865685, 14.095680089979291, 3.626059999999982, 3.417336717850161, 14.78821992130715, 5.076489999999993, 7.551137909086514, 16.40515038394193, 5.076489999999993, 5.156833443598584, 16.265877167048735, 5.076489999999993, 1.3358638436750894, 15.780887185472855, 3.626059999999982, 2.94142662080962, 17.219656648005092, 5.076489999999993, 9.764258116464442, 17.88629537920193, 0.7252100000000044, 1.4903599999999693, 7.86196000000002, 2.175640000000015, 8.191979999999997, 8.016830000000091, 2.175640000000015, 1.6453400000000293, 10.997790000000014, 0.7252100000000044, 8.346969999999978, 11.152660000000086, 2.175640000000015, 6.423393580568878, 12.838207116685194, 0.7252100000000044, 3.2984945123858784, 12.921579608174651, 0.7252100000000044, 6.406841875901912, 16.019255636885354, 2.175640000000015, 3.2541956074569267, 16.02400147951049, 0.7252100000000044, 0.8048735199301619, 16.90633475618897, 3.626059999999982, 1.4903599999999693, 7.86196000000002, 5.076489999999993, 8.191979999999997, 8.016830000000091, 5.076489999999993, 1.6453400000000293, 10.997790000000014, 3.626059999999982, 8.346969999999978, 11.152660000000086, 5.076489999999993, 6.423393580568878, 12.838207116685194, 3.626059999999982, 3.2984945123858784, 12.921579608174651, 3.626059999999982, 6.406841875901912, 16.019255636885354, 5.076489999999993, 3.2541956074569267, 16.02400147951049, 3.626059999999982, 0.8048735199301619, 16.90633475618897, 2.175640000000015, 8.8143773253189, 17.545557735414146, 5.076489999999993, 8.8143773253189, 17.545557735414146]]},
 "stress": {"__ndarray__": [[6], "float64", [0.0022517495531788503, 0.007959270597540353, 0.0002574770313362945, -0.0007891621832358722, -0.0, -0.0]]},
 "unique_id": "d8a3c629fd34219cdd28bd8ce803e8ac",
 "user": "jiuy97"},
"ids": [1],
"nextid": 2}
