{"1": {
 "calculator": "vasp",
 "calculator_parameters": {"amix": 0.1, "amix_mag": 0.1, "bmix": 0.0001, "bmix_mag": 0.0001, "encut": 500, "sigma": 0.05, "ediff": 1e-05, "ediffg": -0.02, "algo": "Normal", "gga": "PE", "prec": "Normal", "ibrion": 2, "isif": 2, "ismear": 0, "ispin": 2, "istart": 1, "ldauprint": 2, "ldautype": 2, "lmaxmix": 4, "lorbit": 11, "nelm": 250, "npar": 6, "nsw": 199, "inimix": 0, "laechg": true, "lasph": true, "ldau": true, "lvtot": false, "lreal": "Auto", "ldau_luj": {"Mn": {"L": 2, "U": 2.75, "J": 0.0}, "O": {"L": -1, "U": 0.0, "J": 0.0}, "H": {"L": -1, "U": 0.0, "J": 0.0}}, "pp": "pbe", "txt": "-", "kpts": [3, 2, 1], "gamma": true, "reciprocal": false, "ignore_constraints": false, "custom": {}},
 "cell": {"array": {"__ndarray__": [[3, 3], "float64", [5.835828759, 0.0, 0.0, 0.000177915, 9.967130154, 0.0, 0.0, 0.0, 28.15797]]}, "__ase_objtype__": "cell"},
 "constraints": [{"name": "FixAtoms", "kwargs": {"indices": [0, 1, 2, 3, 4, 5, 6, 7, 8, 9, 10, 11, 12, 13, 42, 43, 44, 45, 46, 47, 48, 49, 61]}}],
 "ctime": 25.665234466159486,
 "dipole": {"__ndarray__": [[1, 3], "float64", [0.0, 0.0, 0.0]]},
 "energy": -442.36672099,
 "forces": {"__ndarray__": [[65, 3], "float64", [0.07286734, -2.62348812, -0.00283621, -0.10001458, -2.71510198, -0.10270442, -1.08411516, -0.62891189, -1.09279891, 0.5880521, -0.01930108, -1.25670065, 0.69861018, 2.32551918, -0.4999712, -0.42713345, 2.01027865, -0.46831218, 0.04209551, -0.09373829, -0.22557375, -0.0122548, -0.10497623, -0.27290029, -0.02281274, 0.1049621, 0.41542256, -0.00921912, 0.0703228, 0.68569535, -0.01808221, -0.23566287, 0.21271256, 0.10715686, 0.08156135, 0.06020742, -0.0897506, 0.14896503, 0.28995052, 0.05798119, -0.0108379, -0.00126707, -2.76e-06, -0.00677802, 0.00352091, -0.00239504, 0.00093078, 0.00296284, 0.00576317, -0.00444262, -0.00333373, 0.00172247, -0.00227029, -0.00259868, 0.002828, 0.00148992, 0.00209959, 0.00244343, 0.01410202, -0.00996971, -0.01034385, 0.00392093, 0.0050172, 0.00604917, 0.00603574, -0.00210674, -0.00427927, 0.00120044, -0.00220838, 0.0033568, -0.00294949, 0.00396962, -0.00032915, 0.00358455, -0.0035476, 0.00518112, 0.00514953, 0.00329746, 0.00038182, -0.00186582, -0.01239661, 0.00415938, -0.01733551, -0.00021307, -0.00224789, 0.00787733, -0.00108476, 0.00506438, -0.00109266, 0.00065229, -0.0135243, -0.01104573, -0.00269017, 0.0063642, 0.01312265, 0.00535486, -0.01587206, -0.0048013, 0.00459227, 0.00143601, -0.00780141, 0.00218668, -0.0057731, -0.00015603, -0.0095357, 0.0089753, 0.00866553, -0.00523101, 0.00359389, 0.00710309, 0.0037516, 0.00149486, -0.00266845, 0.0037018, 6.16e-06, 0.00231908, 0.00090177, 0.00065014, -0.00012926, -0.00429915, -0.00600816, 0.01351477, 0.00540751, 0.0001042, 0.01168658, -0.00876246, 0.01575323, 2.99543253, 1.19967326, 0.0952689, 3.28888878, 1.0852213, -0.0256364, -2.68132899, 1.38148099, 0.27786059, -1.87570459, -0.04331377, -0.30103956, 0.20508322, -0.47855376, -0.04721853, 0.02222582, -0.34023237, -0.03773486, -0.24537606, 0.01305965, 0.23562713, -0.07494851, -0.06882973, -0.00283351, -0.00476815, 0.00014816, -0.00390396, -0.00388873, -0.00094243, -0.0034457, -2.309e-05, -0.00234303, -0.00312695, 0.00025644, 0.00179028, -0.00188924, 0.00179611, 0.0043546, -0.00165295, 0.00144773, 0.0044901, -0.00224635, 0.00267346, -0.00372973, -0.00190395, -0.00502694, -0.0037674, -0.00181407, 0.00757126, 0.00985256, 0.00059626, 0.00335017, -0.00227431, -0.00224566, 0.00114038, 0.00674733, -0.01206966, 0.00058386, -0.47429052, -0.00072387, 0.00285332, 0.00260823, 0.01152057, 0.0055099, -0.00813272, 0.01067911, 0.00529497, -0.00337901]]},
 "free_energy": -442.37984593,
 "initial_magmoms": {"__ndarray__": [[65], "float64", [0.804, 0.789, -0.01, -0.008, -0.334, -0.268, 0.046, 0.05, -0.071, -0.038, -0.03, -0.026, 0.012, 0.01, -0.02, -0.024, -0.007, 0.003, -0.004, -0.006, 0.003, 0.008, 0.027, 0.023, -0.028, -0.067, 0.029, 0.027, -0.04, -0.039, -0.462, -0.46, -0.324, -0.174, -0.229, -0.083, 0.011, -0.047, -0.333, -0.327, -0.072, -0.069, -3.723, -3.684, 3.306, 3.665, 2.928, 2.919, -2.895, -2.893, 2.954, 2.953, -2.926, -2.904, -2.975, -2.946, 2.908, 2.908, 1.441, 2.946, 2.942, -0.006, 0.003, 0.007, 0.008]]},
 "magmom": 4.9725551,
 "magmoms": {"__ndarray__": [[65], "float64", [0.803, 0.789, -0.01, -0.008, -0.334, -0.268, 0.046, 0.051, -0.071, -0.038, -0.032, -0.028, 0.012, 0.009, -0.021, -0.025, -0.007, 0.003, -0.004, -0.007, 0.004, 0.007, 0.028, 0.024, -0.029, -0.067, 0.028, 0.029, -0.038, -0.037, -0.462, -0.466, -0.334, -0.167, -0.214, -0.087, 0.012, -0.044, -0.34, -0.335, -0.083, -0.086, -3.722, -3.683, 3.306, 3.665, 2.927, 2.918, -2.895, -2.893, 2.955, 2.952, -2.918, -2.898, -2.979, -2.944, 2.905, 2.904, 1.467, 2.957, 2.947, -0.006, 0.002, 0.007, 0.007]]},
 "mtime": 25.665234466159486,
 "numbers": {"__ndarray__": [[65], "int64", [8, 8, 8, 8, 8, 8, 8, 8, 8, 8, 8, 8, 8, 8, 8, 8, 8, 8, 8, 8, 8, 8, 8, 8, 8, 8, 8, 8, 8, 8, 8, 8, 8, 8, 8, 8, 8, 8, 8, 8, 8, 8, 25, 25, 25, 25, 25, 25, 25, 25, 25, 25, 25, 25, 25, 25, 25, 25, 25, 25, 25, 19, 19, 1, 1]]},
 "pbc": {"__ndarray__": [[3], "bool", [true, true, true]]},
 "positions": {"__ndarray__": [[65, 3],