{"1": {
 "calculator": "vasp",
 "calculator_parameters": {"amix": 0.1, "amix_mag": 0.1, "bmix": 0.0001, "bmix_mag": 0.0001, "encut": 500, "sigma": 0.05, "ediff": 1e-05, "ediffg": -0.02, "algo": "Normal", "gga": "PE", "prec": "Normal", "ibrion": 2, "isif": 2, "ismear": 0, "ispin": 2, "istart": 1, "ldauprint": 2, "ldautype": 2, "lmaxmix": 4, "lorbit": 11, "nelm": 250, "npar": 6, "nsw": 199, "inimix": 0, "laechg": true, "lasph": true, "ldau": true, "lvtot": false, "lreal": "Auto", "ldau_luj": {"Mn": {"L": 2, "U": 2.75, "J": 0.0}, "O": {"L": -1, "U": 0.0, "J": 0.0}, "H": {"L": -1, "U": 0.0, "J": 0.0}}, "pp": "pbe", "txt": "-", "kpts": [3, 2, 1], "gamma": true, "reciprocal": false, "ignore_constraints": false, "custom": {}},
 "cell": {"array": {"__ndarray__": [[3, 3], "float64", [5.835828759, 0.0, 0.0, 0.000177915, 9.967130154, 0.0, 0.0, 0.0, 27.15797]]}, "__ase_objtype__": "cell"},
 "constraints": [{"name": "FixAtoms", "kwargs": {"indices": [0, 1, 2, 3, 4, 5, 6, 7, 8, 9, 10, 11, 12, 13, 40, 41, 42, 43, 44, 45, 46, 47, 59]}}],
 "ctime": 25.663985361079302,
 "dipole": {"__ndarray__": [[1, 3], "float64", [0.0, 0.0, 0.0]]},
 "energy": -423.30577684,
 "forces": {"__ndarray__": [[61, 3], "float64", [0.09182883, -2.6486581, 0.03761688, -0.11556321, -2.67863502, -0.09325597, -1.09198469, -0.60414808, -1.10713869, 0.58586274, -0.00662641, -1.22844349, 0.67860539, 2.29321132, -0.4711717, -0.41234507, 2.05294925, -0.49678515, 0.01760075, -0.04866646, -0.12472878, -0.05038128, -0.12943951, -0.17879813, -0.02887257, 0.10498667, 0.44015256, 0.00267614, 0.027101, 0.73824532, -0.01312543, -0.14034764, 0.16924545, 0.12260297, 0.03620786, 0.04187139, -0.0981525, 0.06542953, 0.31355615, 0.05249091, 0.04948261, 0.00358482, -0.00180764, -0.00498233, -0.002112, 0.00749351, -0.00059091, 0.00688184, -0.00197556, -0.00675824, -0.00301367, -0.00438407, 0.00203467, 0.00031362, -0.00572754, 0.00714096, 0.0017775, 0.00521787, 0.00801085, -0.0012549, 0.01873676, 0.00125329, -0.00542792, -0.00699835, -0.00432774, 0.00038919, 0.00217987, -0.00242891, 0.00421762, -0.00125633, -0.00310145, -0.00160547, -0.00179555, -0.00355889, -0.00133535, -0.00209999, -0.00241467, -5.845e-05, 0.00347133, -0.00362537, 0.00042167, -0.00608655, -0.00925071, 0.0058255, -0.00261988, -0.00737331, -3.08e-05, 0.00015835, 0.00062489, -0.00414224, -0.01001445, -0.00276811, 0.00554056, 0.00617805, -0.01557576, 0.00550584, 0.00155507, 0.00020293, -0.00219065, 0.00321696, -0.00841521, -0.00389701, -0.00376014, -0.00382742, 0.00022304, 0.00203956, 0.0078486, 0.01102378, -0.00358617, -0.01243903, 0.00294338, -0.00314254, -0.00356428, -0.00321136, 0.00348726, 0.00422617, -0.00401611, 0.00996745, -0.0141997, 0.00464318, 0.0211755, 2.97674723, 1.17981402, 0.10687437, 3.26289819, 1.06273401, -0.02587214, -2.69644823, 1.33588612, 0.27886261, -1.88595809, -0.110916, -0.36847155, 0.24496433, -0.48288288, 0.01408238, 0.06464903, -0.36170636, -0.02662233, -0.1901595, -0.08364708, 0.25376173, -0.03034778, -0.13853975, -0.00368926, -0.00531289, 0.00269833, 0.00019434, 0.00183701, 0.00132187, -0.00281083, -0.00434461, 0.00539106, 0.00083859, -0.00193946, 0.00244683, -0.0030881, -0.00503459, 0.0018767, 0.00240442, -0.00571887, 0.00033163, 0.00181361, 0.00085768, 0.00148634, 6.313e-05, 0.00258922, -0.00115257, -0.00079443, -0.00599692, -0.00604971, 0.00617439, -0.00724899, 0.01022432, -0.00071489, -0.00579403, 0.00109093, -0.00276614, -0.00330443, -0.47954534, -0.00110566, -0.00192159, -0.00222391]]},
 "free_energy": -423.31956103,
 "initial_magmoms": {"__ndarray__": [[61], "float64", [0.809, 0.792, -0.006, -0.006, -0.33, -0.259, 0.04, 0.042, -0.069, -0.035, -0.024, -0.023, 0.011, 0.009, -0.02, -0.023, -0.005, 0.004, -0.005, -0.007, 0.008, 0.011, 0.024, 0.029, -0.02, -0.023, 0.052, 0.053, -0.015, -0.016, 0.006, 0.006, -0.031, -0.024, -0.007, -0.027, -0.012, 0.016, -0.635, -0.636, -3.735, -3.691, 3.315, 3.678, 2.91, 2.9, -2.89, -2.891, 2.957, 2.956, -2.934, -2.928, -2.962, -2.984, 2.941, 2.941, -2.913, 2.732, 2.731, -0.005, 0.004]]},
 "magmom": 0.963754,
 "magmoms": {"__ndarray__": [[61], "float64", [0.804, 0.79, -0.009, -0.007, -0.333, -0.265, 0.045, 0.049, -0.07, -0.037, -0.029, -0.032, 0.012, 0.007, -0.02, -0.029, -0.007, 0.003, -0.002, -0.003, 0.003, 0.007, 0.019, 0.021, -0.022, -0.042, 0.03, 0.03, -0.031, -0.031, 0.021, 0.022, -0.021, -0.029, -0.147, -0.04, -0.007, -0.018, -0.608, -0.606, -3.724, -3.684, 3.31, 3.671, 2.927, 2.917, -2.891, -2.891, 2.957, 2.959, -2.927, -2.891, -2.977, -2.979, 2.884, 2.884, -2.87, 2.533, 2.527, -0.006, 0.001]]},
 "mtime": 25.663985361079302,
 "numbers": {"__ndarray__": [[61], "int64", [8, 8, 8, 8, 8, 8, 8, 8, 8, 8, 8, 8, 8, 8, 8, 8, 8, 8, 8, 8, 8, 8, 8, 8, 8, 8, 8, 8, 8, 8, 8, 8, 8, 8, 8, 8, 8, 8, 8, 8, 25, 25, 25, 25, 25, 25, 25, 25, 25, 25, 25, 25, 25, 25, 25, 25, 25, 25, 25, 19, 19]]},
 "pbc": {"__ndarray__": [[3], "bool", [true, true, true]]},
 "positions": {"__ndarray__": [[61, 3],