{"1": {
 "calculator": "vasp",
 "calculator_parameters": {"amix": 0.1, "amix_mag": 0.1, "bmix": 0.0001, "bmix_mag": 0.0001, "encut": 500, "sigma": 0.05, "ediff": 1e-05, "ediffg": -0.02, "algo": "normal", "gga": "PE", "prec": "Normal", "ibrion": 2, "isif": 2, "ismear": 0, "ispin": 2, "istart": 1, "kpar": 10, "ldauprint": 2, "ldautype": 2, "lmaxmix": 6, "lorbit": 11, "nelm": 250, "npar": 6, "nsw": 199, "inimix": 0, "laechg": true, "lasph": true, "ldau": true, "lvtot": false, "lreal": "Auto", "ldau_luj": {"Ti": {"L": 2, "U": 3.0, "J": 0.0}, "V": {"L": 2, "U": 3.25, "J": 0.0}, "Cr": {"L": 2, "U": 3.5, "J": 0.0}, "Mn": {"L": 2, "U": 2.75, "J": 0.0}, "Fe": {"L": 2, "U": 4.3, "J": 0.0}, "Co": {"L": 2, "U": 3.32, "J": 0.0}, "Ni": {"L": 2, "U": 6.45, "J": 0.0}, "Cu": {"L": 2, "U": 3.0, "J": 0.0}, "Mo": {"L": 2, "U": 4.38, "J": 0.0}, "W": {"L": 2, "U": 6.2, "J": 0.0}, "Ce": {"L": 3, "U": 4.5, "J": 0.0}, "O": {"L": -1, "U": 0.0, "J": 0.0}, "C": {"L": -1, "U": 0.0, "J": 0.0}, "Au": {"L": -1, "U": 0.0, "J": 0.0}, "Ir": {"L": -1, "U": 0.0, "J": 0.0}, "H": {"L": -1, "U": 0.0, "J": 0.0}}, "xc": "PBE", "pp": "PBE", "setups": {"base": "minimal"}, "txt": "-", "kpts": [3, 2, 1], "gamma": true, "reciprocal": false, "ignore_constraints": false},
 "cell": [[5.835828759, 0.0, 0.0], [0.000177915, 9.967130154, 0.0], [0.0, 0.0, 27.42447]],
 "constraints": [{"name": "FixAtoms", "kwargs": {"indices": [0, 1, 2, 3, 4, 5, 6, 7, 8, 9, 10, 11, 12, 13, 42, 43, 44, 45, 46, 47, 48, 49, 62]}}],
 "ctime": 22.971980707449212,
 "dipole": [[0.0, 0.0, 0.0]],
 "energy": -452.30535743,
 "forces": [[0.056715, -2.646186, 0.039151], [-0.079194, -2.687614, -0.082514], [-1.118598, -0.493211, -1.062814], [0.572173, 0.091111, -1.174666], [0.668132, 2.294364, -0.426186], [-0.388977, 1.992481, -0.454666], [0.039363, -0.016316, 0.593809], [-0.045479, -0.010794, 0.611696], [-0.036895, 0.081532, 0.755761], [0.004616, 0.104345, 1.13176], [-0.051991, -0.135262, 0.338469], [0.141645, 0.149778, 0.202749], [-0.080477, 0.121981, 0.346254], [0.050836, 0.081069, 0.127113], [0.006973, -0.006291, 0.005425], [-0.004962, 0.001221, 0.001821], [-0.000759, 0.005691, 0.003586], [-0.006209, 0.001323, -0.006239], [0.006518, -0.004206, 0.00859], [0.000504, -0.000891, -0.006558], [0.000384, 0.002464, -0.001987], [0.00245, 0.003723, -0.000873], [-0.008356, 0.00937, 0.002146], [0.008518, 0.003209, -0.004047], [0.000994, -0.000135, -0.007489], [2.9e-05, 0.00814, 0.011248], [0.003991, 0.0021, 0.001756], [0.006303, 0.001338, 0.005399], [-0.002003, 0.000476, 0.003998], [-0.008078, -0.002419, -0.001571], [0.002166, -0.000684, 0.003486], [0.000523, -0.011693, 0.005118], [-0.004913, 0.01355, 0.003471], [0.004191, 0.010165, -0.000469], [-0.002868, 0.003866, 0.004405], [-0.001528, 0.002459, 0.011551], [-0.007676, 0.004779, -0.00156], [0.001372, -0.005589, -0.001627], [-0.00935, -0.009153, -0.007384], [0.006482, -0.003325, -0.000773], [0.000287, -0.008235, 0.010367], [0.002397, 0.003868, 0.003044], [0.075886, 2.841868, 0.818095], [0.108243, 3.148393, 0.761199], [-0.01088, -2.758015, 1.124426], [0.276964, -1.899749, -0.409528], [-0.273138, 0.047083, -1.11373], [-0.093476, -0.156221, -0.992059], [-0.072496, -0.211494, -0.301975], [0.269094, 0.013378, -0.282389], [-0.001162, -0.002599, -0.006085], [0.005434, -0.000976, -0.004096], [0.000874, -0.000925, -0.004705], [0.003188, -0.000402, -0.00323], [-0.004518, -4.8e-05, -0.00195], [0.003506, 0.002318, -0.000795], [0.00325, -0.003368, -0.00468], [0.004234, 0.003145, -0.004912], [-0.01152, -0.006566, -0.002368], [-0.001052, -0.003503, -0.000139], [-0.004102, 0.000815, 0.000353], [-0.000404, -0.003816, 0.009635], [-0.004845, 0.020449, -0.579326], [-0.001153, 0.003762, -0.000125], [-0.001177, 0.01407, 0.007636]],
 "initial_magmoms": [0.808, 0.798, 0.003, 0.005, -0.309, -0.217, 0.027, 0.025, -0.064, -0.034, 0.001, 0.002, 0.011, 0.011, -0.028, -0.029, -0.005, 0.004, -0.007, -0.009, 0.022, 0.024, 0.016, 0.015, -0.012, 0.002, 0.031, 0.03, -0.015, -0.014, -0.004, 0.021, -0.025, -0.005, -0.007, 0.012, -0.015, -0.008, 0.014, 0.032, 0.001, 0.0, -3.786, -3.733, 3.342, 3.722, 2.817, 2.804, -2.865, -2.87, 2.971, 2.971, -2.987, -2.997, -2.946, -2.96, 2.922, 2.907, -3.536, -2.979, 2.951, 2.954, -0.004, 0.003, -0.007],
 "magmom": -1.4045409,
 "magmoms": [0.816, 0.802, 0.001, 0.0, -0.321, -0.243, 0.025, 0.025, -0.066, -0.034, -0.015, -0.014, 0.01, 0.01, -0.024, -0.023, -0.005, 0.005, -0.006, -0.008, 0.013, 0.016, 0.029, 0.019, -0.011, -0.013, 0.048, 0.05, -0.015, -0.018, 0.039, -0.015, -0.026, -0.027, -0.032, -0.011, 0.005, -0.014, 0.036, -0.046, -0.589, -0.696, -3.76, -3.708, 3.328, 3.698, 2.871, 2.861, -2.88, -2.881, 2.957, 2.958, -2.95, -2.946, -2.968, -2.955, 2.923, 2.953, -2.973, -2.956, 2.73, 2.781, -0.004, 0.004, -0.006],
 "mtime": 22.971980707449212,
 "numbers": [8, 8, 8, 8, 8, 8, 8, 8, 8, 8, 8, 8, 8, 8, 8, 8, 8, 8, 8, 8, 8, 8, 8, 8, 8, 8, 8, 8, 8, 8, 8, 8, 8, 8, 8, 8, 8, 8, 8, 8, 8, 8, 25, 25, 25, 25, 25, 25, 25, 25, 25, 25, 25, 25, 25, 25, 25, 25, 25, 25, 25, 25, 19, 19, 1],
 "pbc": [true, true, true],