{"1": {
 "calculator": "vasp",
 "calculator_parameters": {"amix": 0.1, "amix_mag": 0.1, "bmix": 0.0001, "bmix_mag": 0.0001, "encut": 500, "sigma": 0.05, "ediff": 1e-05, "ediffg": -0.02, "algo": "Normal", "gga": "PE", "prec": "Normal", "ibrion": 2, "isif": 2, "ismear": 0, "ispin": 2, "istart": 1, "ldauprint": 2, "ldautype": 2, "lmaxmix": 4, "lorbit": 11, "nelm": 250, "npar": 6, "nsw": 199, "inimix": 0, "laechg": true, "lasph": true, "ldau": true, "lvtot": false, "lreal": "Auto", "ldau_luj": {"Mn": {"L": 2, "U": 2.75, "J": 0.0}, "O": {"L": -1, "U": 0.0, "J": 0.0}, "H": {"L": -1, "U": 0.0, "J": 0.0}}, "pp": "pbe", "txt": "-", "kpts": [3, 2, 1], "gamma": true, "reciprocal": false, "ignore_constraints": false, "custom": {}},
 "cell": {"array": {"__ndarray__": [[3, 3], "float64", [5.835828759, 0.0, 0.0, 0.000177915, 9.967130154, 0.0, 0.0, 0.0, 26.418799999999997]]}, "__ase_objtype__": "cell"},
 "constraints": [{"name": "FixAtoms", "kwargs": {"indices": [0, 1, 2, 3, 4, 5, 6, 7, 8, 9, 10, 11, 12, 13, 40, 41, 42, 43, 44, 45, 46, 47, 59]}}],
 "ctime": 25.66330097472805,
 "dipole": {"__ndarray__": [[1, 3], "float64", [0.0, 0.0, 0.0]]},
 "energy": -423.61152836,
 "forces": {"__ndarray__": [[61, 3], "float64", [0.0498578, -2.60026703, -0.00031805, -0.0968593, -2.68098102, -0.11404496, -1.11264055, -0.53753927, -1.08800966, 0.58230892, 0.01130456, -1.21389007, 0.67444341, 2.29913611, -0.46547821, -0.40330813, 2.00101166, -0.43506841, 0.0391141, -0.05284914, 0.07966566, -0.01779464, -0.06188472, 0.11357719, -0.04655108, 0.12186029, 0.50782038, -0.00646825, 0.10757872, 0.89630128, -0.03741462, -0.14515446, 0.40481353, 0.1054323, 0.13816143, 0.20675043, -0.08577447, 0.14010866, 0.2936721, 0.04021122, 0.03192441, 0.04584132, 0.00383908, 0.00042324, 0.00081151, 0.00034825, -0.00879705, -0.0005784, 0.00537082, 0.00159294, 0.00055011, -0.00255557, -0.00187929, 0.00132492, 0.00822648, 0.00895533, -0.00180001, 0.00232674, 0.00548288, 0.00641351, -0.00057243, -0.00244894, -0.00015089, -0.00119907, 0.00710919, -0.00658695, -0.00089246, 0.00243925, -0.00567308, -0.00585906, -0.00691187, 0.00354134, 0.00724788, 0.01587069, 0.00265322, 0.01245112, 0.0047395, -0.00862255, 0.00020638, 0.00029148, 0.00247098, -0.00073213, 0.00582771, -0.01648339, -0.00610081, 0.00087881, 0.00914612, -0.00314152, 0.00075054, -0.00527725, -0.00575387, -0.00520825, 0.00044661, 0.00409636, 0.00099475, -0.01377133, -0.00299295, -0.00643816, 7.623e-05, -0.00022388, 0.00159308, 0.00855734, 0.00899338, 0.00300824, 0.01071232, 0.00692251, -6.169e-05, 0.00403652, 0.01097695, -0.00429726, -0.01327106, -0.00533111, -0.00039798, 7.4e-07, -0.00012916, -0.01369226, -0.01356252, 0.00730011, 0.00227463, 0.00172745, 0.05626967, 2.924774, 1.03950378, 0.11930306, 3.19644426, 0.94286426, -0.01235838, -2.72218606, 1.2787054, 0.27176665, -1.89072726, -0.19761753, -0.27686231, 0.13104553, -0.7260133, -0.08037306, -0.06668536, -0.65735776, -0.10226923, -0.27578328, -0.13422128, 0.27776965, -0.1288967, -0.17304471, 0.00418365, 0.00266903, -0.00335355, -0.00165878, -0.00234565, -0.00683947, 0.00277213, -0.00057961, 0.00301851, -0.00266091, -0.00133265, 0.00237393, 5.76e-06, 0.01008191, -0.01192259, -0.0003171, 0.00760754, 0.00558223, 0.00052726, 0.00938804, -0.00454924, 0.00074716, 0.00918137, -0.00584623, 0.00742558, 0.00677864, -0.0114708, 0.00198533, -0.0080786, -0.00739143, 0.00817507, -0.00195604, -0.00466891, -0.00417806, 0.01420584, -0.51949302, 0.0023681, 0.00188534, -0.00658233]]},
 "free_energy": -423.62553475,
 "initial_magmoms": {"__ndarray__": [[61], "float64", [0.815, 0.801, 0.002, 0.001, -0.316, -0.234, 0.026, 0.026, -0.065, -0.033, -0.016, -0.015, 0.011, 0.009, -0.022, -0.023, -0.005, 0.004, -0.004, -0.005, 0.014, 0.016, 0.014, 0.014, -0.01, -0.013, -0.029, 0.095, -0.043, -0.006, -0.004, -0.002, -0.043, -0.042, -0.017, -0.028, -0.032, -0.029, -0.018, -0.003, -3.762, -3.709, 3.332, 3.706, 2.87, 2.859, -2.877, -2.879, 2.964, 2.972, -2.95, -2.943, -2.914, -2.916, 2.966, 2.97, -2.942, -2.928, 3.736, -0.004, 0.004]]},
 "magmom": -3.1488054,
 "magmoms": {"__ndarray__": [[61], "float64", [0.813, 0.796, -0.004, -0.005, -0.329, -0.259, 0.038, 0.04, -0.069, -0.035, -0.022, -0.021, 0.011, 0.009, -0.023, -0.023, -0.007, 0.002, -0.005, -0.009, 0.009, 0.013, 0.013, 0.008, -0.015, -0.017, -0.261, -0.01, -0.004, -0.027, -0.009, 0.002, -0.027, -0.042, 0.053, -0.274, -0.354, -0.133, -0.322, 0.257, -3.737, -3.692, 3.316, 3.68, 2.908, 2.895, -2.889, -2.888, 2.974, 2.953, -2.943, -2.937, -2.821, -2.838, 2.956, 2.949, -2.874, -2.429, 2.693, -0.005, 0.003]]},
 "mtime": 25.66330097472805,
 "numbers": {"__ndarray__": [[61], "int64", [8, 8, 8, 8, 8, 8, 8, 8, 8, 8, 8, 8, 8, 8, 8, 8, 8, 8, 8, 8, 8, 8, 8, 8, 8, 8, 8, 8, 8, 8, 8, 8, 8, 8, 8, 8, 8, 8, 8, 8, 25, 25, 25, 25, 25, 25, 25, 25, 25, 25, 25, 25, 25, 25, 25, 25, 25, 25, 25, 19, 19]]},
 "pbc": {"__ndarray__": [[3], "bool", [true, true, true]]},
 "positions": {"__ndarray__": [[61, 3],