{"1": {
 "calculator": "vasp",
 "calculator_parameters": {"amix": 0.1, "amix_mag": 0.1, "bmix": 0.0001, "bmix_mag": 0.0001, "encut": 500, "sigma": 0.05, "ediff": 1e-05, "ediffg": -0.02, "algo": "Normal", "gga": "PE", "prec": "Normal", "ibrion": 2, "isif": 2, "ismear": 0, "ispin": 2, "istart": 1, "ldauprint": 2, "ldautype": 2, "lmaxmix": 4, "lorbit": 11, "nelm": 250, "npar": 6, "nsw": 199, "inimix": 0, "laechg": true, "lasph": true, "ldau": true, "lvtot": false, "lreal": "Auto", "ldau_luj": {"Mn": {"L": 2, "U": 2.75, "J": 0.0}, "O": {"L": -1, "U": 0.0, "J": 0.0}, "H": {"L": -1, "U": 0.0, "J": 0.0}}, "pp": "pbe", "txt": "-", "kpts": [3, 2, 1], "gamma": true, "reciprocal": false, "ignore_constraints": false, "custom": {}},
 "cell": {"array": {"__ndarray__": [[3, 3], "float64", [5.835828759, 0.0, 0.0, 0.000177915, 9.967130154, 0.0, 0.0, 0.0, 26.418799999999997]]}, "__ase_objtype__": "cell"},
 "constraints": [{"name": "FixAtoms", "kwargs": {"indices": [0, 1, 2, 3, 4, 5, 6, 7, 8, 9, 10, 11, 12, 13, 40, 41, 42, 43, 44, 45, 46, 47, 59]}}],
 "ctime": 25.66356159191044,
 "dipole": {"__ndarray__": [[1, 3], "float64", [0.0, 0.0, 0.0]]},
 "energy": -422.21422761,
 "forces": {"__ndarray__": [[61, 3], "float64", [0.07434181, -2.6240924, -0.01270789, -0.09923427, -2.7092999, -0.12033933, -1.10465254, -0.57828806, -1.09279084, 0.58884427, 0.01445894, -1.21794645, 0.67727933, 2.28848353, -0.45585521, -0.40230931, 1.99002924, -0.42318286, 0.04975391, -0.09018759, -0.12192207, 0.00031119, -0.10832026, -0.1510627, -0.03666348, 0.0775801, 0.57554311, -0.00811377, 0.0542995, 0.97690358, -0.0296974, -0.21903173, 0.25611159, 0.10666488, 0.03439845, 0.06916284, -0.09168702, -0.00067687, 0.28695986, 0.04735604, -0.12239947, 0.04262984, -0.00027184, -0.00251198, 0.00221379, 0.00474689, 0.01290793, 0.00617492, 0.0064559, 0.00021721, 0.00115999, -0.00439391, -0.00364293, -0.00713127, 3.301e-05, -0.00126229, 0.00242055, 0.00602209, 0.00161848, -0.00479403, -0.00291607, -0.00042455, 0.00184477, -0.00115791, 0.00300343, -0.0008353, -0.00501823, -0.00281825, 0.00299632, -0.0027723, 0.00577614, -0.00568228, -0.0017217, 0.00968362, -0.00075873, -0.0046306, 0.00255618, 0.00263738, 0.01123789, 0.0071721, -0.00427105, -0.00728285, -0.00369196, 0.00121747, 0.00428619, -0.00128801, 0.00221536, -0.00499389, -0.00152226, -0.00050686, -0.00070791, 0.00327984, -0.00334831, 0.00273009, -0.00261114, 0.00057517, 0.00114751, -0.0060435, 0.00464712, 0.0056471, -0.00572947, -0.00429978, 0.00215683, -0.00473828, 0.00251131, -0.0063411, 0.00452575, 0.00150981, -0.00082265, -0.00128485, -0.00174911, -0.00161175, 0.00713171, 0.00407241, 0.00763405, -0.00103682, 0.00690143, -0.00035568, 0.00889556, -0.00703625, 0.01825385, 2.97032224, 1.16576747, 0.10368972, 3.25764179, 1.04849162, -0.02790479, -2.71241134, 1.23275421, 0.28265917, -1.88050018, -0.25772328, -0.32711073, 0.29343705, -0.59478724, -0.01756043, 0.10687153, -0.47543141, -0.06050283, -0.09581213, -0.07477635, 0.26067734, 0.05201024, -0.15450249, 0.00120218, -0.00024713, 0.00579205, -0.00382486, 0.00106602, 0.00405006, 0.00072159, -7.003e-05, 0.00285136, -0.00401179, -0.00095784, 0.00245703, 0.00016039, -0.00065435, 0.00515924, -0.00307526, 0.00034782, 0.00546196, -0.00119745, 0.00285056, 0.00130681, 0.00188641, 0.0021924, 0.00159479, 0.00085501, 0.00159382, -0.00776407, -0.00413501, -0.00194174, 0.00317233, 0.00292267, -0.00567347, -0.00317867, -0.00887635, -0.02464344, -0.52419782, 0.00587836, -0.00053693, -0.00068588]]},
 "free_energy": -422.22486066,
 "initial_magmoms": {"__ndarray__": [[61], "float64", [0.815, 0.801, 0.002, 0.001, -0.316, -0.234, 0.026, 0.026, -0.065, -0.033, -0.016, -0.015, 0.011, 0.009, -0.022, -0.023, -0.005, 0.004, -0.004, -0.005, 0.014, 0.016, 0.014, 0.014, -0.01, -0.013, -0.029, 0.095, -0.043, -0.006, -0.004, -0.002, -0.043, -0.042, -0.017, -0.028, -0.032, -0.029, -0.018, -0.003, -3.762, -3.709, 3.332, 3.706, 2.87, 2.859, -2.877, -2.879, 2.964, 2.972, -2.95, -2.943, -2.914, -2.916, 2.966, 2.97, -2.942, 3.142, 3.736, -0.004, 0.004]]},
 "magmom": 6.9993911,
 "magmoms": {"__ndarray__": [[61], "float64", [0.801, 0.787, -0.008, -0.006, -0.326, -0.255, 0.045, 0.048, -0.069, -0.036, -0.033, -0.031, 0.012, 0.009, -0.022, -0.025, -0.005, 0.005, 0.004, 0.003, 0.003, 0.007, 0.009, 0.008, -0.025, -0.046, -0.024, -0.025, -0.024, -0.025, 0.361, 0.367, 0.097, -0.098, -0.102, -0.082, -0.027, -0.069, 0.101, 0.1, -3.725, -3.685, 3.319, 3.685, 2.926, 2.915, -2.889, -2.888, 2.957, 2.956, -2.927, -2.875, -2.926, -2.894, 2.932, 2.928, -1.154, 3.265, 3.262, -0.006, 0.004]]},
 "mtime": 25.66356159191044,
 "numbers": {"__ndarray__": [[61], "int64", [8, 8, 8, 8, 8, 8, 8, 8, 8, 8, 8, 8, 8, 8, 8, 8, 8, 8, 8, 8, 8, 8, 8, 8, 8, 8, 8, 8, 8, 8, 8, 8, 8, 8, 8, 8, 8, 8, 8, 8, 25, 25, 25, 25, 25, 25, 25, 25, 25, 25, 25, 25, 25, 25, 25, 25, 25, 25, 25, 19, 19]]},
 "pbc": {"__ndarray__": [[3], "bool", [true, true, true]]},
 "positions": {"__ndarray__": [[61, 3],