{"1": {
 "calculator": "vasp",
 "calculator_parameters": {"amix": 0.1, "amix_mag": 0.1, "bmix": 0.0001, "bmix_mag": 0.0001, "encut": 500, "sigma": 0.05, "ediff": 1e-05, "ediffg": -0.02, "algo": "normal", "gga": "PE", "prec": "Normal", "ibrion": 2, "isif": 2, "ismear": 0, "ispin": 2, "istart": 1, "kpar": 10, "ldauprint": 2, "ldautype": 2, "lmaxmix": 6, "lorbit": 11, "nelm": 250, "npar": 6, "nsw": 199, "inimix": 0, "laechg": true, "lasph": true, "ldau": true, "lvtot": false, "lreal": "Auto", "ldau_luj": {"Ti": {"L": 2, "U": 3.0, "J": 0.0}, "V": {"L": 2, "U": 3.25, "J": 0.0}, "Cr": {"L": 2, "U": 3.5, "J": 0.0}, "Mn": {"L": 2, "U": 2.75, "J": 0.0}, "Fe": {"L": 2, "U": 4.3, "J": 0.0}, "Co": {"L": 2, "U": 3.32, "J": 0.0}, "Ni": {"L": 2, "U": 6.45, "J": 0.0}, "Cu": {"L": 2, "U": 3.0, "J": 0.0}, "Mo": {"L": 2, "U": 4.38, "J": 0.0}, "W": {"L": 2, "U": 6.2, "J": 0.0}, "Ce": {"L": 3, "U": 4.5, "J": 0.0}, "O": {"L": -1, "U": 0.0, "J": 0.0}, "C": {"L": -1, "U": 0.0, "J": 0.0}, "Au": {"L": -1, "U": 0.0, "J": 0.0}, "Ir": {"L": -1, "U": 0.0, "J": 0.0}, "H": {"L": -1, "U": 0.0, "J": 0.0}}, "xc": "PBE", "pp": "PBE", "setups": {"base": "minimal"}, "txt": "-", "kpts": [3, 2, 1], "gamma": true, "reciprocal": false, "ignore_constraints": false},
 "cell": [[5.835828759, 0.0, 0.0], [0.000177915, 9.967130154, 0.0], [0.0, 0.0, 26.418799999999997]],
 "constraints": [{"name": "FixAtoms", "kwargs": {"indices": [0, 1, 2, 3, 4, 5, 6, 7, 8, 9, 10, 11, 12, 13, 40, 41, 42, 43, 44, 45, 46, 47, 60]}}],
 "ctime": 22.847695125473212,
 "dipole": [[0.0, 0.0, 0.0]],
 "energy": -438.12892127,
 "forces": [[0.045188, -2.596262, 0.012037], [-0.081577, -2.647619, -0.105944], [-1.117062, -0.478918, -1.061565], [0.5901, 0.066623, -1.181709], [0.662059, 2.272953, -0.416938], [-0.39109, 1.979287, -0.378219], [0.062369, -0.017474, 0.597699], [-0.04085, -0.009167, 0.638153], [-0.037321, 0.092702, 0.783857], [-0.001211, 0.097314, 1.260476], [-0.037087, -0.124142, 0.46133], [0.114154, 0.143542, 0.267776], [-0.088887, 0.03192, 0.392693], [0.042526, -0.071863, 0.125893], [-0.002559, -0.013321, 0.00244], [-0.002691, -0.003744, 0.012587], [0.006519, 0.007101, -0.002556], [-0.006013, -0.000139, -0.004687], [-0.005535, 0.000226, -0.016218], [-0.003351, -0.005371, -0.008021], [0.00267, -0.002798, -0.010733], [-0.003436, -0.005506, 0.007908], [0.010226, 0.003681, 0.001566], [-0.003957, -0.007722, 0.007312], [0.001051, -0.009544, 0.002998], [-0.00744, -0.008416, 0.002829], [0.006161, 0.000982, -0.004732], [-0.00716, 0.004595, -0.005745], [0.002107, 0.016112, -0.001205], [0.003752, 0.00087, 0.006906], [0.009257, 0.007726, 0.009597], [0.001322, 0.007837, 0.00542], [0.00181, 0.001732, -0.003258], [-0.009074, 0.005585, 0.0047], [0.010921, -0.001503, -0.001999], [0.000693, 0.00469, 0.014855], [0.003841, 0.002002, 0.01217], [-0.002869, -0.003125, -0.000616], [-0.003043, 0.002301, 0.005988], [-0.006388, 0.013075, 0.00547], [0.074892, 2.842253, 0.809035], [0.105419, 3.150746, 0.750645], [-0.014738, -2.765442, 1.064845], [0.281462, -1.894589, -0.49444], [-0.283989, 0.073857, -1.23681], [-0.075055, -0.124151, -1.102504], [-0.071393, -0.151575, -0.344506], [0.269345, 0.051238, -0.342318], [0.001625, -0.000765, 0.008758], [0.000107, 0.003071, 0.008062], [-0.001563, -0.001201, 0.005261], [-0.003074, 0.000371, 0.000792], [0.002984, 0.009216, 0.006392], [0.002279, 0.004902, 0.010451], [0.000586, 0.000233, 0.004677], [-0.00583, 0.002991, -0.000387], [-0.000599, 0.008479, 0.008615], [0.0012, 0.011616, 0.005619], [0.000318, 0.008006, 0.002887], [0.001934, 0.012389, 0.009849], [-0.002678, 0.00241, -0.616433], [-0.001356, -0.000279, 0.002995]],
 "initial_magmoms": [0.815, 0.801, 0.002, 0.001, -0.316, -0.234, 0.026, 0.026, -0.065, -0.033, -0.016, -0.015, 0.011, 0.009, -0.022, -0.023, -0.005, 0.004, -0.004, -0.005, 0.014, 0.016, 0.014, 0.014, -0.01, -0.013, -0.029, 0.095, -0.043, -0.006, -0.004, -0.002, -0.043, -0.042, -0.017, -0.028, -0.032, -0.029, -0.018, -0.003, -3.762, -3.709, 3.332, 3.706, 2.87, 2.859, -2.877, -2.879, 2.964, 2.972, -2.95, -2.943, -2.914, -2.916, 2.966, 2.97, -2.942, -2.928, 3.142, 3.736, -0.004, 0.004],
 "magmom": 1.6631796,
 "magmoms": [0.816, 0.802, 0.002, 0.001, -0.316, -0.235, 0.025, 0.025, -0.065, -0.034, -0.015, -0.015, 0.011, 0.009, -0.023, -0.024, -0.006, 0.003, -0.004, -0.005, 0.015, 0.017, 0.013, 0.013, -0.009, -0.013, -0.029, 0.096, -0.043, -0.007, -0.005, -0.002, -0.043, -0.042, -0.018, -0.028, -0.032, -0.029, -0.022, -0.006, -3.76, -3.708, 3.333, 3.706, 2.869, 2.858, -2.876, -2.877, 2.967, 2.973, -2.951, -2.946, -2.915, -2.916, 2.967, 2.97, -2.941, -2.927, 3.144, 3.734, -0.004, 0.004],
 "mtime": 22.847695125473212,
 "numbers": [8, 8, 8, 8, 8, 8, 8, 8, 8, 8, 8, 8, 8, 8, 8, 8, 8, 8, 8, 8, 8, 8, 8, 8, 8, 8, 8, 8, 8, 8, 8, 8, 8, 8, 8, 8, 8, 8, 8, 8, 25, 25, 25, 25, 25, 25, 25, 25, 25, 25, 25, 25, 25, 25, 25, 25, 25, 25, 25, 25, 19, 19],
 "pbc": [true, true, false],