{"1": {
 "calculator": "vasp",
 "calculator_parameters": {"amix": 0.1, "amix_mag": 0.1, "bmix": 0.0001, "bmix_mag": 0.0001, "encut": 500, "sigma": 0.05, "ediff": 1e-05, "ediffg": -0.02, "algo": "Normal", "gga": "PE", "prec": "Normal", "ibrion": 2, "isif": 2, "ismear": 0, "ispin": 2, "istart": 1, "ldauprint": 2, "ldautype": 2, "lmaxmix": 4, "lorbit": 11, "nelm": 250, "npar": 6, "nsw": 199, "inimix": 0, "laechg": true, "lasph": true, "ldau": true, "lvtot": false, "lreal": "Auto", "ldau_luj": {"Mn": {"L": 2, "U": 2.75, "J": 0.0}, "O": {"L": -1, "U": 0.0, "J": 0.0}, "H": {"L": -1, "U": 0.0, "J": 0.0}}, "pp": "pbe", "txt": "-", "kpts": [3, 2, 1], "gamma": true, "reciprocal": false, "ignore_constraints": false, "custom": {}},
 "cell": {"array": {"__ndarray__": [[3, 3], "float64", [5.801699045203386, 0.0, 0.0, 0.0, 9.837328697191618, 0.0, 0.0, 0.0, 27.260383125397126]]}, "__ase_objtype__": "cell"},
 "constraints": [{"name": "FixAtoms", "kwargs": {"indices": [0, 1, 2, 3, 4, 5, 6, 7, 8, 9, 10, 28, 29, 30, 31, 32, 33, 34, 35, 36, 37, 38]}}],
 "ctime": 25.662345343229028,
 "dipole": {"__ndarray__": [[1, 3], "float64", [0.0, 0.0, 0.0]]},
 "energy": -403.28980908,
 "forces": {"__ndarray__": [[57, 3], "float64", [0.00014327, -2.53823056, -0.17059977, -0.00189609, 2.56236621, 1.27650885, 0.00022419, 0.83708323, -1.51460684, 0.0002159, 1.6850961, -0.6954288, -0.0, -2.57928914, 1.24325472, -0.0, -0.03248725, -0.56025208, -0.0, 0.06106037, 0.3602755, -0.0, 0.07073198, 0.06702312, 0.00261607, -0.0069758, 0.20287463, 0.00456835, -0.0701876, 0.00676627, -0.02545729, -0.00959636, -0.16903377, -0.00869876, 0.00522129, 0.00540379, -0.0, -0.0012211, -0.01272047, -0.0, 0.00833692, -0.00562451, -0.0, 0.00455881, -0.00154917, -0.0, -0.0140853, 0.0002714, 0.00125757, -0.00426635, -0.00177281, -0.0030199, -0.0082848, -0.00157278, -0.00722105, -0.00235622, 0.00705553, 0.00815163, 0.0104217, 0.00505593, -0.0, -0.0120497, -0.01112324, -0.0, 0.00504897, 0.00089746, -0.0, 0.00956822, -0.00034495, -0.0, 0.008293, -0.01762466, 0.00164961, 0.01453686, -0.00733815, -0.00937792, -0.00633956, -0.00430711, -0.00549077, -0.01001568, -0.0034845, -0.0, 0.00731705, 0.00306389, -0.00014327, -2.53823056, -0.17059977, 0.00189609, 2.56236621, 1.27650885, -0.00022419, 0.83708323, -1.51460684, -0.0002159, 1.6850961, -0.6954288, -0.0, -2.5795887, 1.24132316, -0.0, -0.03309664, -0.5798213, -0.0, 0.06573998, 0.36831435, -0.0, 0.07032125, 0.05892003, -0.00261607, -0.0069758, 0.20287463, -0.00456835, -0.0701876, 0.00676627, 0.02545729, -0.00959636, -0.16903377, 0.00869876, 0.00522129, 0.00540379, -0.0, 0.00787105, -0.00809767, -0.0, -8.776e-05, -0.00479867, -0.0, 0.01471035, -0.00500403, -0.0, 0.00194537, 0.00152951, -0.00125757, -0.00426635, -0.00177281, 0.0030199, -0.0082848, -0.00157278, 0.00722105, -0.00235622, 0.00705553, -0.00815163, 0.0104217, 0.00505593, -0.0, -0.01586336, 0.00154436, -0.0, 0.01053667, -0.00095712, -0.0, -0.0023257, 0.00366579, -0.0, 0.00691967, -0.0126049, -0.00164961, 0.01453686, -0.00733815, 0.00937792, -0.00633956, -0.00430711, 0.00549077, -0.01001568, -0.0034845, -0.0, 0.00633193, -0.00657977, -0.0, -0.00614186, 0.00597827]]},
 "free_energy": -403.30704946,
 "initial_magmoms": {"__ndarray__": [[57], "float64", [0.0, -3.0, 0.0, 0.0, 3.0, 0.0, 0.0, 3.0, 0.0, 0.0, -3.0, 0.0, 0.0, 3.0, 0.0, 0.0, -3.0, 0.0, 0.0, -3.0, 0.0, 0.0, 3.0, 0.0, 0.0, -3.0, 0.0, 0.0, 0.0, -3.0, 0.0, 0.0, 3.0, 0.0, 0.0, 3.0, 0.0, 0.0, -3.0, 0.0, 0.0, 3.0, 0.0, 0.0, -3.0, 0.0, 0.0, -3.0, 0.0, 0.0, 3.0, 0.0, 0.0, -3.0, 0.0, 3.0, 0.0]]},
 "magmom": -2.6453761,
 "magmoms": {"__ndarray__": [[57], "float64", [0.903, -3.685, 0.0, -0.343, 3.35, 0.032, -0.066, 2.897, -0.015, 0.017, -2.89, 0.004, -0.001, 2.879, -0.008, 0.013, -2.943, 0.05, 0.003, -3.366, 0.199, 0.047, 2.951, 0.011, -0.019, -2.84, -0.05, 0.09, 0.903, -3.685, 0.0, -0.343, 3.351, 0.033, -0.066, 2.899, -0.015, 0.017, -2.89, 0.004, -0.002, 2.87, -0.011, 0.013, -2.943, 0.05, 0.003, -3.366, 0.02, 0.004, 2.936, 0.053, -0.019, -2.84, -0.05, 2.804, 0.316]]},
 "mtime": 25.662345343229028,
 "numbers": {"__ndarray__": [[57], "int64", [8, 25, 8, 8, 25, 8, 8, 25, 8, 8, 25, 8, 8, 25, 8, 8, 25, 8, 8, 25, 8, 8, 25, 8, 8, 25, 8, 8, 8, 25, 8, 8, 25, 8, 8, 25, 8, 8, 25, 8, 8, 25, 8, 8, 25, 8, 8, 25, 8, 8, 25, 8, 8, 25, 8, 25, 8]]},
 "pbc": {"__ndarray__": [[3], "bool", [true, true, true]]},
 "positions": {"__ndarray__": [[57, 3], "float64", [0.7252123806504233, 3.3878057495170233, 7.499999999999946, 0.7252123806504233, 1.4903578197363738, 7.861957751710508, 0.7252123806504233, 9.421651326269382, 7.9051550419374434, 0.7252123806504233, 6.92597369401008, 7.976450746335378, 2.17563714195127, 8.191984999277548, 8.016833220421674, 2.17563714195127, 1.6024196005628175, 9.091564262623049, 2.17563714195127, 8.234909096628801, 9.923054428205482, 2.17563714195127, 1.6453436979140703, 10.997785470406855, 0.7252123806504233, 2.911355003181537, 11.038167944492958, 0.7252123806504233, 0.4156773709222351, 11.10946364889089, 0.7252123806504233, 8.346970877455243, 11.152660939117828, 0.7231542401036162, 6.440342583093279, 11.504460820259471, 2.17563714195127, 8.297650378848473, 12.406945806024934, 2.17563714195127, 6.395955421447128, 12.75600189235712, 2.17563714195127, 4.489384747059221, 12.865012637175, 2.17563714195127, 1.9893869433592408, 12.893909425182503, 0.7251139024030967, 3.254433177253897, 12.962573714418417, 0.7247962261897201, 6.557314104161406, 13.983058723873485, 0.719589554964621, 3.2037656053959513, 14.874852664972211, 0.7680664324176608, 6.488827436813712, 15.907357602639948, 2.17563714195127, 7.618301597328519, 16.24369673174068, 2.17563714195127, 5.247049811439879, 16.066816724974196, 2.17563714195127, 3.3374299809387327, 16.135002013341886, 2.17563714195127, 1.5317957413743848, 16.676208584557674, 0.7181026406100882, 3.4454086582745664, 17.377888837988223, 0.7551842744646573, 1.6131244265900062, 18.03442081806461, 0.6883435550245752, 9.554615841136936, 18.002303658036404, 2.17563714195127, 1.759567107296191, 19.174368181800908, 3.626061903252116, 3.3878057495170233, 7.499999999999946, 3.626061903252116, 1.4903578197363738, 7.861957751710508, 3.626061903252116, 9.421651326269382, 7.9051550419374434, 3.626061903252116, 6.92597369401008, 7.976450746335378, 5.076486664552963, 8.191984999277548, 8.016833220421674, 5.076486664552963, 1.6024196005628175, 9.091564262623049, 5.076486664552963, 8.234909096628801, 9.923054428205482, 5.076486664552963, 1.6453436979140703, 10.997785470406855, 3.626061903252116, 2.911355003181537, 11.038167944492958, 3.626061903252116, 0.4156773709222351, 11.10946364889089, 3.626061903252116, 8.346970877455243, 11.152660939117828, 3.628120043798926, 6.440342583093279, 11.504460820259471, 5.076486664552963, 8.299016007549273, 12.408094028479107, 5.076486664552963, 6.39469676130326, 12.768166410885941, 5.076486664552963, 4.488074485590778, 12.869345837535947, 5.076486664552963, 1.9884190676546498, 12.89196939985916, 3.6261603814994445, 3.254433177253897, 12.962573714418417, 3.6264780577128217, 6.557314104161406, 13.983058723873485, 3.631684728937919, 3.2037656053959513, 14.874852664972211, 3.5832078514848758, 6.488827436813712, 15.907357602639948, 5.076486664552963, 7.678708280296888, 16.26462132279029, 5.076486664552963, 5.2504832946942335, 16.069569735550143, 5.076486664552963, 3.3975989758713414, 16.106191372886116, 5.076486664552963, 1.413309441761493, 16.64687311674371, 3.6331716432924503, 3.4454086582745664, 17.377888837988223, 3.596090009437882, 1.6131244265900062, 18.03442081806461, 3.6629307288779627, 9.554615841136936, 18.002303658036404, 5.076486664552963, 9.355501249189535, 17.027881968075572, 5.076486664552963, 1.8771586039095967, 19.134629884497553]]},
 "stress": {"__ndarray__": [[6], "float64", [0.0012817577870875398, 0.005720426363120728, 0.000640344857539941, -0.001049145979399377, -0.0, -0.0]]},
 "tags": {"__ndarray__": [[57],