{"1": {
 "calculator": "vasp",
 "calculator_parameters": {"amix": 0.1, "amix_mag": 0.1, "bmix": 0.0001, "bmix_mag": 0.0001, "encut": 500, "sigma": 0.05, "ediff": 1e-05, "ediffg": -0.02, "algo": "normal", "gga": "PE", "prec": "Normal", "ibrion": 2, "isif": 2, "ismear": 0, "ispin": 2, "istart": 1, "kpar": 10, "ldauprint": 2, "ldautype": 2, "lmaxmix": 6, "lorbit": 11, "nelm": 250, "npar": 6, "nsw": 199, "inimix": 0, "laechg": true, "lasph": true, "ldau": true, "lvtot": false, "lreal": "Auto", "ldau_luj": {"Ti": {"L": 2, "U": 3.0, "J": 0.0}, "V": {"L": 2, "U": 3.25, "J": 0.0}, "Cr": {"L": 2, "U": 3.5, "J": 0.0}, "Mn": {"L": 2, "U": 2.75, "J": 0.0}, "Fe": {"L": 2, "U": 4.3, "J": 0.0}, "Co": {"L": 2, "U": 3.32, "J": 0.0}, "Ni": {"L": 2, "U": 6.45, "J": 0.0}, "Cu": {"L": 2, "U": 3.0, "J": 0.0}, "Mo": {"L": 2, "U": 4.38, "J": 0.0}, "W": {"L": 2, "U": 6.2, "J": 0.0}, "Ce": {"L": 3, "U": 4.5, "J": 0.0}, "O": {"L": -1, "U": 0.0, "J": 0.0}, "C": {"L": -1, "U": 0.0, "J": 0.0}, "Au": {"L": -1, "U": 0.0, "J": 0.0}, "Ir": {"L": -1, "U": 0.0, "J": 0.0}, "H": {"L": -1, "U": 0.0, "J": 0.0}}, "xc": "PBE", "pp": "PBE", "setups": {"base": "minimal"}, "txt": "-", "kpts": [3, 2, 1], "gamma": true, "reciprocal": false, "ignore_constraints": false},
 "cell": [[5.801699045203386, 0.0, 0.0], [0.0, 9.837328697191618, 0.0], [0.0, 0.0, 27.260383125397126]],
 "constraints": [{"name": "FixAtoms", "kwargs": {"indices": [0, 1, 2, 3, 4, 5, 6, 7, 8, 9, 10, 30, 31, 32, 33, 34, 35, 36, 37, 38, 39, 40]}}],
 "ctime": 23.066378411394616,
 "dipole": [[0.0, 0.0, 0.0]],
 "energy": -427.15021798,
 "forces": [[-0.0, -2.540451, -0.167799], [0.0, 2.567999, 1.292935], [-0.0, 0.839809, -1.511184], [0.0, 1.681992, -0.688798], [-0.0, -2.581528, 1.237329], [0.0, -0.037077, -0.574017], [0.0, 0.073694, 0.405186], [0.0, 0.058919, 0.070441], [0.0, -0.062881, 0.072896], [-0.0, -0.091863, 0.021953], [-0.0, 0.054494, -0.159723], [-0.0, -0.00962, -0.001221], [-0.0, 0.007196, 0.011541], [-0.0, 0.00182, -0.003184], [0.0, -0.008015, -0.001237], [-0.0, -0.00655, 0.00084], [-0.0, 0.008098, -0.005515], [0.0, 0.001713, 0.004857], [0.0, 0.004015, -0.003648], [-0.0, -0.001801, -0.002158], [-0.0, -0.000725, -0.002386], [-0.0, -0.000464, -0.004316], [-0.0, 0.010125, 0.00122], [-0.0, 0.014835, -0.005213], [0.0, -0.013794, 0.007711], [0.0, 0.012173, 0.003608], [0.0, -0.005693, -0.011414], [0.0, 0.007819, 0.004693], [-0.0, 0.005669, 0.002405], [-0.0, 0.010091, 0.004197], [0.0, -2.540451, -0.167799], [0.0, 2.567999, 1.292935], [-0.0, 0.839809, -1.511184], [0.0, 1.681992, -0.688798], [0.0, -2.581528, 1.237329], [0.0, -0.037077, -0.574017], [-0.0, 0.073694, 0.405186], [0.0, 0.058919, 0.070441], [0.0, -0.062881, 0.072896], [0.0, -0.091863, 0.021953], [0.0, 0.054494, -0.159723], [0.0, -0.00962, -0.001221], [0.0, 0.007196, 0.011541], [0.0, 0.00182, -0.003184], [-0.0, -0.008015, -0.001237], [0.0, -0.00655, 0.00084], [-0.0, 0.008098, -0.005515], [0.0, 0.001713, 0.004857], [0.0, 0.004015, -0.003648], [-0.0, -0.001801, -0.002158], [-0.0, -0.000725, -0.002386], [-0.0, -0.000464, -0.004316], [-0.0, 0.010125, 0.00122], [0.0, 0.014835, -0.005213], [0.0, -0.013794, 0.007711], [-0.0, 0.012173, 0.003608], [-0.0, -0.005693, -0.011414], [-0.0, 0.007819, 0.004693], [0.0, 0.005669, 0.002405], [-0.0, 0.010091, 0.004197]],
 "initial_magmoms": [0.0, -3.0, 0.0, 0.0, 3.0, 0.0, 0.0, 3.0, 0.0, 0.0, -3.0, 0.0, 0.0, 3.0, 0.0, 0.0, -3.0, 0.0, 0.0, -3.0, 0.0, 0.0, 3.0, 0.0, 0.0, -3.0, 0.0, 0.0, 3.0, 0.0, 0.0, -3.0, 0.0, 0.0, 3.0, 0.0, 0.0, 3.0, 0.0, 0.0, -3.0, 0.0, 0.0, 3.0, 0.0, 0.0, -3.0, 0.0, 0.0, -3.0, 0.0, 0.0, 3.0, 0.0, 0.0, -3.0, 0.0, 0.0, 3.0, 0.0],
 "magmom": 1.3509776,
 "magmoms": [0.901, -3.684, 0.0, -0.342, 3.352, 0.033, -0.067, 2.899, -0.019, 0.016, -2.884, -0.022, -0.007, 2.931, -0.008, 0.01, -2.928, -0.005, 0.003, -2.882, -0.034, -0.028, 2.942, 0.009, -0.03, -2.91, -0.039, -0.062, 3.326, 0.125, 0.901, -3.684, 0.0, -0.342, 3.352, 0.033, -0.067, 2.899, -0.019, 0.016, -2.884, -0.022, -0.007, 2.931, -0.008, 0.01, -2.928, -0.005, 0.003, -2.882, -0.034, -0.028, 2.942, 0.009, -0.03, -2.91, -0.039, -0.062, 3.326, 0.125],
 "mtime": 23.066378411394616,
 "numbers": [8, 25, 8, 8, 25, 8, 8, 25, 8, 8, 25, 8, 8, 25, 8, 8, 25, 8, 8, 25, 8, 8, 25, 8, 8, 25, 8, 8, 25, 8, 8, 25, 8, 8, 25, 8, 8, 25, 8, 8, 25, 8, 8, 25, 8, 8, 25, 8, 8, 25, 8, 8, 25, 8, 8, 25, 8, 8, 25, 8],
 "pbc": [true, true, false],
 "positions": [[0.7252123806504233, 3.3878057495170233, 7.499999999999946], [0.7252123806504233, 1.4903578197363738, 7.861957751710508], [0.7252123806504233, 9.421651326269382, 7.9051550419374434], [0.7252123806504233, 6.92597369401008, 7.976450746335378], [2.17563714195127, 8.191984999277548, 8.016833220421674], [2.17563714195127, 1.6024196005628175, 9.091564262623049], [2.17563714195127, 8.234909096628801, 9.923054428205482], [2.17563714195127, 1.6453436979140703, 10.997785470406855], [0.7252123806504233, 2.911355003181537, 11.038167944492958], [0.7252123806504233, 0.4156773709222351, 11.10946364889089], [0.7252123806504233, 8.346970877455243, 11.152660939117828], [0.7252123806504233, 6.441779254101654, 11.492078223328496], [2.17563714195127, 8.29098083760704, 12.411020602538368], [2.17563714195127, 6.386323731577366, 12.749183780706318], [2.17563714195127, 4.491620336236946, 12.81838857435437], [2.17563714195127, 1.995217192081729, 12.890688402722878], [0.7252123806504233, 3.2614342827504688, 12.947062057686308], [0.7252123806504233, 6.486258955653086, 13.982361708042722], [0.7252123806504233, 3.293092162454706, 14.846444553051922], [0.7252123806504233, 6.544746405756925, 15.869419628370014], [2.17563714195127, 7.8417866974084856, 15.835051096603198], [2.17563714195127, 5.346612127128609, 16.02061721533608], [2.17563714195127, 3.3785795559231615, 16.093347488035114], [2.17563714195127, 1.5416332314570331, 16.51141341837132], [0.7252123806504233, 3.435171917793325, 17.35479466811731], [0.7252123806504233, 1.5786592338993282, 17.86490712755423], [0.7252123806504233, 9.458943184389563, 17.99571311989469], [0.7252123806504233, 7.013587060561854, 17.766085862264372], [2.17563714195127, 8.28822375222587, 17.692012320495515], [2.17563714195127, 1.696330059066672, 19.00655411995773], [3.626061903252116, 3.3878057495170233, 7.499999999999946], [3.626061903252116, 1.4903578197363738, 7.861957751710508], [3.626061903252116, 9.421651326269382, 7.9051550419374434], [3.626061903252116, 6.92597369401008, 7.976450746335378], [5.076486664552963, 8.191984999277548, 8.016833220421674], [5.076486664552963, 1.6024196005628175, 9.091564262623049], [5.076486664552963, 8.234909096628801, 9.923054428205482], [5.076486664552963, 1.6453436979140703, 10.997785470406855], [3.626061903252116, 2.911355003181537, 11.038167944492958], [3.626061903252116, 0.4156773709222351, 11.10946364889089], [3.626061903252116, 8.346970877455243, 11.152660939117828], [3.626061903252116, 6.441779254101654, 11.492078223328496], [5.076486664552963, 8.29098083760704, 12.411020602538368], [5.076486664552963, 6.386323731577366, 12.749183780706318], [5.076486664552963, 4.491620336236946, 12.81838857435437], [5.076486664552963, 1.995217192081729, 12.890688402722878], [3.626061903252116, 3.2614342827504688, 12.947062057686308], [3.626061903252116, 6.486258955653086, 13.982361708042722], [3.626061903252116, 3.293092162454706, 14.846444553051922], [3.626061903252116, 6.544746405756925, 15.869419628370014], [5.076486664552963, 7.8417866974084856, 15.835051096603198], [5.076486664552963, 5.346612127128609, 16.02061721533608], [5.076486664552963, 3.3785795559231615, 16.093347488035114], [5.076486664552963, 1.5416332314570331, 16.51141341837132], [3.626061903252116, 3.435171917793325, 17.35479466811731], [3.626061903252116, 1.5786592338993282, 17.86490712755423], [3.626061903252116, 9.458943184389563, 17.99571311989469], [3.626061903252116, 7.013587060561854, 17.766085862264372], [5.076486664552963, 8.28822375222587, 17.692012320495515], [5.076486664552963, 1.696330059066672, 19.00655411995773]],