{"1": {
 "calculator": "vasp",
 "calculator_parameters": {"amix": 0.1, "amix_mag": 0.1, "bmix": 0.0001, "bmix_mag": 0.0001, "encut": 500, "sigma": 0.05, "ediff": 1e-05, "ediffg": -0.02, "algo": "Normal", "gga": "PE", "prec": "Normal", "ibrion": 2, "isif": 2, "ismear": 0, "ispin": 2, "istart": 1, "ldauprint": 2, "ldautype": 2, "lmaxmix": 4, "lorbit": 11, "nelm": 250, "npar": 6, "nsw": 199, "inimix": 0, "laechg": true, "lasph": true, "ldau": true, "lvtot": false, "lreal": "Auto", "ldau_luj": {"Mn": {"L": 2, "U": 2.75, "J": 0.0}, "O": {"L": -1, "U": 0.0, "J": 0.0}, "H": {"L": -1, "U": 0.0, "J": 0.0}}, "pp": "pbe", "txt": "-", "kpts": [3, 2, 1], "gamma": true, "reciprocal": false, "ignore_constraints": false, "custom": {}},
 "cell": {"array": {"__ndarray__": [[3, 3], "float64", [5.801699045203386, 0.0, 0.0, 0.0, 9.837328697191618, 0.0, 0.0, 0.0, 27.260383125397126]]}, "__ase_objtype__": "cell"},
 "constraints": [{"name": "FixAtoms", "kwargs": {"indices": [0, 1, 2, 3, 4, 5, 6, 7, 8, 9, 10, 30, 31, 32, 33, 34, 35, 36, 37, 38, 39, 40]}}],
 "ctime": 25.662794131586423,
 "dipole": {"__ndarray__": [[1, 3], "float64", [0.0, 0.0, 0.0]]},
 "energy": -411.86137812,
 "forces": {"__ndarray__": [[59, 3], "float64", [0.0, -2.53035597, -0.17455116, 0.0, 2.56687637, 1.38844122, 0.0, 0.83452303, -1.52520423, 0.0, 1.67609457, -0.71310013, 0.00151681, -2.55581344, 1.35671056, 0.00764378, -0.06668078, -0.83339092, -0.00131267, 0.02310385, 0.23984274, -0.11085455, 0.10689556, 0.37172182, 0.0, -0.09636849, -0.168559, 0.0, 0.07899859, -0.05773763, 0.0, 0.00390165, 0.15666828, 0.0, -0.00070614, 0.01143584, 0.00032627, -0.00055252, 5.606e-05, -0.00076483, -0.0013516, -0.00392146, -0.01337043, 0.00437178, -0.01269919, -0.00175243, -0.00120056, -0.00501087, 0.0, -0.00253445, 0.00070184, 0.0, -0.00715338, 0.01350441, 0.0, -0.00516464, 0.00634858, 0.0, -0.00500057, 0.00099114, -0.00011911, -0.01052079, -0.00489714, -0.00425616, -0.0008723, -0.00535485, -1.319e-05, -0.01274724, 0.00346353, -0.00076396, -0.00618991, 0.00900144, 0.0, -0.01495534, 0.00186448, 0.0, -0.00625154, 0.00023077, 0.0, -0.00461421, 0.00935816, 0.0, -0.00830194, -0.01135759, -0.00129426, -0.00587037, -0.00238899, -0.00704291, -0.00182151, -0.00227194, 0.0, -2.53574982, -0.17744591, 0.0, 2.56659554, 1.38617835, 0.0, 0.83038867, -1.52779292, 0.0, 1.67596158, -0.71288219, -0.00151681, -2.55581344, 1.35671056, -0.00764378, -0.06668078, -0.83339092, 0.00131267, 0.02310385, 0.23984274, 0.11085455, 0.10689556, 0.37172182, 0.0, -0.0107813, -0.26108915, 0.0, 0.04351439, -0.06239452, 0.0, 0.01071698, 0.17673507, 0.0, 0.00750197, -0.00584003, -0.00032627, -0.00055252, 5.606e-05, 0.00076483, -0.0013516, -0.00392146, 0.01337043, 0.00437178, -0.01269919, 0.00175243, -0.00120056, -0.00501087, 0.0, -0.00465767, 0.00640053, 0.0, -0.00034404, 0.00956956, 0.0, -0.00199682, -0.00632756, 0.0, -0.00476261, 0.00549934, 0.00011911, -0.01052079, -0.00489714, 0.00425616, -0.0008723, -0.00535485, 1.319e-05, -0.01274724, 0.00346353, 0.00076396, -0.00618991, 0.00900144, 0.0, 0.00451321, 0.00369696, 0.0, 0.00032926, -9.749e-05, 0.0, -0.00171724, 0.00503342, 0.00129426, -0.00587037, -0.00238899, 0.00704291, -0.00182151, -0.00227194]]},
 "free_energy": -411.87319509,
 "initial_magmoms": {"__ndarray__": [[59], "float64", [0.0, -3.0, 0.0, 0.0, 3.0, 0.0, 0.0, 3.0, 0.0, 0.0, -3.0, 0.0, 0.0, 3.0, 0.0, 0.0, -3.0, 0.0, 0.0, -3.0, 0.0, 0.0, 3.0, 0.0, 0.0, -3.0, 0.0, 0.0, 3.0, 0.0, 0.0, -3.0, 0.0, 0.0, 3.0, 0.0, 0.0, 3.0, 0.0, 0.0, -3.0, 0.0, 0.0, 3.0, 0.0, 0.0, -3.0, 0.0, 0.0, -3.0, 0.0, 0.0, 3.0, 0.0, 0.0, 0.0, 0.0, 3.0, 0.0]]},
 "magmom": 1.6363106,
 "magmoms": {"__ndarray__": [[59], "float64", [0.908, -3.668, -0.002, -0.355, 3.342, 0.035, -0.067, 2.908, -0.026, 0.016, -2.889, -0.032, -0.007, 2.936, -0.015, 0.009, -2.903, 0.009, 0.019, -2.966, 0.018, -0.026, 2.86, 0.075, -0.018, -2.181, 0.004, 0.018, 2.514, -0.605, 0.907, -3.668, -0.002, -0.355, 3.342, 0.035, -0.067, 2.908, -0.026, 0.019, -2.889, -0.024, -0.007, 2.936, -0.015, 0.009, -2.915, 0.014, 0.001, -2.947, 0.018, -0.026, 2.86, 0.075, -0.026, -0.144, -0.026, 2.514, -0.605]]},
 "mtime": 25.662794131586423,
 "numbers": {"__ndarray__": [[59], "int64", [8, 25, 8, 8, 25, 8, 8, 25, 8, 8, 25, 8, 8, 25, 8, 8, 25, 8, 8, 25, 8, 8, 25, 8, 8, 25, 8, 8, 25, 8, 8, 25, 8, 8, 25, 8, 8, 25, 8, 8, 25, 8, 8, 25, 8, 8, 25, 8, 8, 25, 8, 8, 25, 8, 8, 8, 8, 25, 8]]},
 "pbc": {"__ndarray__": [[3], "bool", [true, true, true]]},
 "positions": {"__ndarray__": [[59, 3], "float64", [0.7252123806504233, 3.3878057495170233, 7.499999999999946, 0.7252123806504233, 1.4903578197363738, 7.861957751710508, 0.7252123806504233, 9.421651326269382, 7.9051550419374434, 0.7252123806504233, 6.92597369401008, 7.976450746335378, 2.17563714195127, 8.191984999277548, 8.016833220421674, 2.17563714195127, 1.6024196005628175, 9.091564262623049, 2.17563714195127, 8.234909096628801, 9.923054428205482, 2.17563714195127, 1.6453436979140703, 10.997785470406855, 0.7252123806504233, 2.911355003181537, 11.038167944492958, 0.7252123806504233, 0.4156773709222351, 11.10946364889089, 0.7252123806504233, 8.346970877455243, 11.152660939117828, 0.7252123806504233, 6.467218886528737, 11.5490004144597, 2.1751176664760545, 8.3235210843215, 12.415830657389714, 2.1750953691367356, 6.427859028284733, 12.824042374987508, 2.177652427463637, 4.5237249985825665, 12.797547847761575, 2.176978131409083, 2.0227803146830485, 12.886214760403076, 0.7252123806504233, 3.3034175828841383, 12.936030205851575, 0.7252123806504233, 6.527353052162396, 14.046822676982178, 0.7252123806504233, 3.434734359214724, 14.801732725058493, 0.7252123806504233, 6.563075022811069, 15.984629335847284, 2.197547590296085, 7.797700556651768, 16.065282414824615, 2.165636676096613, 5.304958022206106, 16.129911192302018, 2.222304240855953, 3.4069062185688788, 16.046180240599412, 2.096841531656932, 1.450933818207968, 15.940916129562444, 0.7252123806504233, 3.0093557135679174, 17.29163134160814, 0.7252123806504233, 1.1905164765235976, 16.88404330911392, 0.7252123806504233, 9.496818515363337, 17.79692679014167, 0.7252123806504233, 6.910272871964446, 17.827023068123385, 2.212147386902894, 8.167600777704838, 18.064867964336248, 1.8337222809366205, 8.058797002356911, 19.712389929059448, 3.626061903252116, 3.3878057495170233, 7.499999999999946, 3.626061903252116, 1.4903578197363738, 7.861957751710508, 3.626061903252116, 9.421651326269382, 7.9051550419374434, 3.626061903252116, 6.92597369401008, 7.976450746335378, 5.076486664552963, 8.191984999277548, 8.016833220421674, 5.076486664552963, 1.6024196005628175, 9.091564262623049, 5.076486664552963, 8.234909096628801, 9.923054428205482, 5.076486664552963, 1.6453436979140703, 10.997785470406855, 3.626061903252116, 2.911355003181537, 11.038167944492958, 3.626061903252116, 0.4156773709222351, 11.10946364889089, 3.626061903252116, 8.346970877455243, 11.152660939117828, 3.626061903252116, 6.468220181307575, 11.553116276351444, 5.077006140028177, 8.3235210843215, 12.415830657389714, 5.077028437367497, 6.427859028284733, 12.824042374987508, 5.074471379040593, 4.5237249985825665, 12.797547847761575, 5.0751456750951505, 2.0227803146830485, 12.886214760403076, 3.626061903252116, 3.2995096749108366, 12.907443742433136, 3.626061903252116, 6.527874410083251, 14.072315571326582, 3.626061903252116, 3.4200707350804755, 14.794607681450833, 3.626061903252116, 6.543963395046278, 16.013934885904657, 5.054576216208147, 7.797700556651768, 16.065282414824615, 5.08648713040762, 5.304958022206106, 16.129911192302018, 5.02981956564828, 3.4069062185688788, 16.046180240599412, 5.155282274847303, 1.450933818207968, 15.940916129562444, 3.626061903252116, 3.3298058117053677, 17.21795777115922, 3.626061903252116, 9.315497246736552, 17.943900654093287, 3.626061903252116, 6.870685670855864, 17.96983798893254, 5.039976419601342, 8.167600777704838, 18.064867964336248, 5.418401525567615, 8.058797002356911, 19.712389929059448]]},
 "stress": {"__ndarray__": [[6],