{"1": {
 "calculator": "vasp",
 "calculator_parameters": {"amix": 0.1, "amix_mag": 0.1, "bmix": 0.0001, "bmix_mag": 0.0001, "encut": 500, "sigma": 0.05, "ediff": 1e-05, "ediffg": -0.02, "algo": "normal", "gga": "PE", "prec": "Normal", "ibrion": 2, "isif": 2, "ismear": 0, "ispin": 2, "istart": 1, "kpar": 10, "ldauprint": 2, "ldautype": 2, "lmaxmix": 6, "lorbit": 11, "nelm": 250, "npar": 6, "nsw": 199, "inimix": 0, "laechg": true, "lasph": true, "ldau": true, "lvtot": false, "lreal": "Auto", "ldau_luj": {"Ti": {"L": 2, "U": 3.0, "J": 0.0}, "V": {"L": 2, "U": 3.25, "J": 0.0}, "Cr": {"L": 2, "U": 3.5, "J": 0.0}, "Mn": {"L": 2, "U": 2.75, "J": 0.0}, "Fe": {"L": 2, "U": 4.3, "J": 0.0}, "Co": {"L": 2, "U": 3.32, "J": 0.0}, "Ni": {"L": 2, "U": 6.45, "J": 0.0}, "Cu": {"L": 2, "U": 3.0, "J": 0.0}, "Mo": {"L": 2, "U": 4.38, "J": 0.0}, "W": {"L": 2, "U": 6.2, "J": 0.0}, "Ce": {"L": 3, "U": 4.5, "J": 0.0}, "O": {"L": -1, "U": 0.0, "J": 0.0}, "C": {"L": -1, "U": 0.0, "J": 0.0}, "Au": {"L": -1, "U": 0.0, "J": 0.0}, "Ir": {"L": -1, "U": 0.0, "J": 0.0}, "H": {"L": -1, "U": 0.0, "J": 0.0}}, "xc": "PBE", "pp": "PBE", "setups": {"base": "minimal"}, "txt": "-", "kpts": [3, 2, 1], "gamma": true, "reciprocal": false, "ignore_constraints": false},
 "cell": [[5.801699045203386, 0.0, 0.0], [0.0, 9.837328697191618, 0.0], [0.0, 0.0, 27.260383125397126]],
 "constraints": [{"name": "FixAtoms", "kwargs": {"indices": [0, 1, 2, 3, 4, 5, 6, 7, 8, 9, 10, 31, 32, 33, 34, 35, 36, 37, 38, 39, 40, 41]}}],
 "ctime": 23.06636710304787,
 "dipole": [[0.0, 0.0, 0.0]],
 "energy": -458.53866205,
 "forces": [[0.000588, -2.683489, -0.151589], [-0.000939, 2.835791, 1.307654], [0.0008, 0.673406, -1.509727], [0.000593, 1.657475, -0.690454], [0.000571, -2.494891, 1.220052], [0.001954, -0.056117, -0.536716], [-0.002247, 0.066153, 0.413077], [-0.002875, -0.0181, 0.01821], [-0.003338, -0.009399, 0.045613], [0.000189, 0.032336, 0.008147], [-0.00883, -0.034469, -0.096343], [0.000266, 7.8e-05, 0.001434], [0.003541, -0.000613, 0.000472], [0.002915, -0.00215, -0.004022], [0.001575, 0.002307, 0.00383], [0.002624, -0.005775, 0.004709], [0.002047, 0.000309, -0.005364], [-0.008169, 0.014803, 0.001228], [0.010697, -0.002909, -0.005821], [0.002618, -0.002245, 0.003447], [-0.006574, -0.007737, -0.004525], [0.001285, 0.006227, -0.007215], [0.011042, 0.003577, -0.004812], [0.00578, 0.003508, -0.007818], [-0.008803, 0.000531, -0.000262], [0.009133, 0.006085, -0.005042], [-0.001888, 0.006109, -0.005789], [-0.012089, -0.004744, -0.012926], [-0.004805, -0.005961, 0.00717], [-0.001483, -0.003191, 0.013948], [-0.009286, 0.005992, 0.013958], [0.000588, -2.683489, -0.151589], [-0.000939, 2.835791, 1.307654], [0.0008, 0.673406, -1.509727], [0.000593, 1.657475, -0.690454], [0.000571, -2.494891, 1.220052], [0.001954, -0.056117, -0.536716], [-0.002247, 0.066153, 0.413077], [-0.002875, -0.0181, 0.01821], [-0.003338, -0.009399, 0.045613], [0.000189, 0.032336, 0.008147], [-0.00883, -0.034469, -0.096343], [0.000266, 7.8e-05, 0.001434], [0.003541, -0.000613, 0.000472], [0.002915, -0.00215, -0.004022], [0.001575, 0.002307, 0.00383], [0.002624, -0.005775, 0.004709], [0.002047, 0.000309, -0.005364], [-0.008169, 0.014803, 0.001228], [0.010697, -0.002909, -0.005821], [0.002618, -0.002245, 0.003447], [-0.006574, -0.007737, -0.004525], [0.001285, 0.006227, -0.007215], [0.011042, 0.003577, -0.004812], [0.00578, 0.003508, -0.007818], [-0.008803, 0.000531, -0.000262], [0.009133, 0.006085, -0.005042], [-0.001888, 0.006109, -0.005789], [-0.012089, -0.004744, -0.012926], [-0.004805, -0.005961, 0.00717], [-0.001483, -0.003191, 0.013948], [-0.009286, 0.005992, 0.013958], [0.001576, 0.008765, -0.00354], [0.001576, 0.008765, -0.00354], [0.011532, 0.008337, -0.010984], [0.011532, 0.008337, -0.010984]],
 "initial_magmoms": [0.0, -3.0, 0.0, 0.0, 3.0, 0.0, 0.0, 3.0, 0.0, 0.0, -3.0, 0.0, 0.0, 3.0, 0.0, 0.0, -3.0, 0.0, 0.0, -3.0, 0.0, 0.0, 3.0, 0.0, 0.0, -3.0, 0.0, 0.0, 3.0, 0.0, 0.0, 0.0, -3.0, 0.0, 0.0, 3.0, 0.0, 0.0, 3.0, 0.0, 0.0, -3.0, 0.0, 0.0, 3.0, 0.0, 0.0, -3.0, 0.0, 0.0, -3.0, 0.0, 0.0, 3.0, 0.0, 0.0, -3.0, 0.0, 0.0, 3.0, 0.0, 0.0, 0.0, 0.0, 0.0, 0.0],
 "magmom": 0.3073716,
 "magmoms": [0.863, -3.697, -0.007, -0.356, 3.348, 0.047, -0.068, 2.892, -0.015, 0.017, -2.885, -0.024, -0.006, 2.934, -0.016, 0.014, -2.936, 0.017, 0.008, -2.928, 0.025, -0.013, 2.913, 0.023, -0.022, -2.975, -0.012, -0.012, 2.949, 0.04, -0.009, 0.863, -3.697, -0.007, -0.356, 3.348, 0.047, -0.068, 2.892, -0.015, 0.017, -2.885, -0.024, -0.006, 2.934, -0.016, 0.014, -2.936, 0.017, 0.008, -2.928, 0.025, -0.013, 2.913, 0.023, -0.022, -2.975, -0.012, -0.012, 2.949, 0.04, -0.009, -0.006, -0.006, 0.005, 0.005],
 "mtime": 23.06636710304787,
 "numbers": [8, 25, 8, 8, 25, 8, 8, 25, 8, 8, 25, 8, 8, 25, 8, 8, 25, 8, 8, 25, 8, 8, 25, 8, 8, 25, 8, 8, 25, 8, 8, 8, 25, 8, 8, 25, 8, 8, 25, 8, 8, 25, 8, 8, 25, 8, 8, 25, 8, 8, 25, 8, 8, 25, 8, 8, 25, 8, 8, 25, 8, 8, 1, 1, 1, 1],
 "pbc": [true, true, false],