{"1": {
 "calculator": "vasp",
 "calculator_parameters": {"amix": 0.1, "amix_mag": 0.1, "bmix": 0.0001, "bmix_mag": 0.0001, "encut": 500, "sigma": 0.05, "ediff": 1e-05, "ediffg": -0.02, "algo": "normal", "gga": "PE", "prec": "Normal", "ibrion": 2, "isif": 2, "ismear": 0, "ispin": 2, "istart": 1, "kpar": 10, "ldauprint": 2, "ldautype": 2, "lmaxmix": 6, "lorbit": 11, "nelm": 250, "npar": 6, "nsw": 199, "inimix": 0, "laechg": true, "lasph": true, "ldau": true, "lvtot": false, "lreal": "Auto", "ldau_luj": {"Ti": {"L": 2, "U": 3.0, "J": 0.0}, "V": {"L": 2, "U": 3.25, "J": 0.0}, "Cr": {"L": 2, "U": 3.5, "J": 0.0}, "Mn": {"L": 2, "U": 2.75, "J": 0.0}, "Fe": {"L": 2, "U": 4.3, "J": 0.0}, "Co": {"L": 2, "U": 3.32, "J": 0.0}, "Ni": {"L": 2, "U": 6.45, "J": 0.0}, "Cu": {"L": 2, "U": 3.0, "J": 0.0}, "Mo": {"L": 2, "U": 4.38, "J": 0.0}, "W": {"L": 2, "U": 6.2, "J": 0.0}, "Ce": {"L": 3, "U": 4.5, "J": 0.0}, "O": {"L": -1, "U": 0.0, "J": 0.0}, "C": {"L": -1, "U": 0.0, "J": 0.0}, "Au": {"L": -1, "U": 0.0, "J": 0.0}, "Ir": {"L": -1, "U": 0.0, "J": 0.0}, "H": {"L": -1, "U": 0.0, "J": 0.0}}, "xc": "PBE", "pp": "PBE", "setups": {"base": "minimal"}, "txt": "-", "kpts": [3, 2, 1], "gamma": true, "reciprocal": false, "ignore_constraints": false},
 "cell": [[5.801699045203386, 0.0, 0.0], [0.0, 9.837328697191618, 0.0], [0.0, 0.0, 27.260383125397126]],
 "constraints": [{"name": "FixAtoms", "kwargs": {"indices": [0, 1, 2, 3, 4, 5, 6, 7, 8, 9, 10, 30, 31, 32, 33, 34, 35, 36, 37, 38, 39, 40]}}],
 "ctime": 23.066448013027088,
 "dipole": [[0.0, 0.0, 0.0]],
 "energy": -437.6968926,
 "forces": [[0.0, -2.553488, -0.187224], [-0.0, 2.58646, 1.209159], [0.0, 0.833499, -1.532482], [-0.0, 1.683809, -0.714904], [-0.0, -2.589541, 1.278822], [0.0, -0.002104, -0.305988], [-0.0, 0.104276, 0.369645], [0.0, -0.13519, -0.107096], [0.0, 0.031278, 0.143351], [-0.0, 0.077631, 0.027631], [0.0, -0.067385, -0.180164], [0.0, -0.005212, 0.001975], [0.0, 0.001971, -0.00081], [0.0, 0.002872, -0.010081], [0.0, 0.001263, -0.006277], [0.0, 0.010563, -0.002695], [0.0, -0.002052, -0.002418], [-0.0, -0.005756, 0.017168], [-0.0, -0.013988, 0.003634], [0.0, 0.004016, -0.004699], [0.0, -0.014457, 0.004992], [-0.0, 0.007704, 0.001291], [-0.0, 0.003213, -0.003332], [-0.0, 0.013525, -0.001846], [-0.0, -0.000219, -0.008743], [0.0, -0.003292, -0.000787], [0.0, 0.011401, 0.010779], [-0.0, -0.007878, 0.005997], [0.0, -0.001655, 0.002771], [0.0, 0.009201, -0.004309], [0.0, -2.553488, -0.187224], [0.0, 2.58646, 1.209159], [-0.0, 0.833499, -1.532482], [-0.0, 1.683809, -0.714904], [-0.0, -2.589541, 1.278822], [-0.0, -0.002104, -0.305988], [0.0, 0.104276, 0.369645], [0.0, -0.13519, -0.107096], [-0.0, 0.031278, 0.143351], [-0.0, 0.077631, 0.027631], [0.0, -0.067385, -0.180164], [0.0, -0.005212, 0.001975], [-0.0, 0.001971, -0.00081], [0.0, 0.002872, -0.010081], [-0.0, 0.001263, -0.006277], [-0.0, 0.010563, -0.002695], [0.0, -0.002052, -0.002418], [0.0, -0.005756, 0.017168], [0.0, -0.013988, 0.003634], [-0.0, 0.004016, -0.004699], [0.0, -0.014457, 0.004992], [-0.0, 0.007704, 0.001291], [-0.0, 0.003213, -0.003332], [0.0, 0.013525, -0.001846], [-0.0, -0.000219, -0.008743], [0.0, -0.003292, -0.000787], [0.0, 0.011401, 0.010779], [-0.0, -0.007878, 0.005997], [-0.0, -0.001655, 0.002771], [-0.0, 0.009201, -0.004309], [0.0, 0.019534, -0.003359], [0.0, 0.019534, -0.003359]],
 "initial_magmoms": [0.0, -3.0, 0.0, 0.0, 3.0, 0.0, 0.0, 3.0, 0.0, 0.0, -3.0, 0.0, 0.0, 3.0, 0.0, 0.0, -3.0, 0.0, 0.0, -3.0, 0.0, 0.0, 3.0, 0.0, 0.0, -3.0, 0.0, 0.0, 3.0, 0.0, 0.0, -3.0, 0.0, 0.0, 3.0, 0.0, 0.0, 3.0, 0.0, 0.0, -3.0, 0.0, 0.0, 3.0, 0.0, 0.0, -3.0, 0.0, 0.0, -3.0, 0.0, 0.0, 3.0, 0.0, 0.0, -3.0, 0.0, 0.0, 3.0, 0.0, 0.0, 0.0],
 "magmom": 2.2836491,
 "magmoms": [0.892, -3.698, 0.0, -0.336, 3.35, 0.029, -0.067, 2.88, -0.007, 0.016, -2.883, -0.02, -0.008, 2.942, -0.02, 0.016, -2.955, 0.025, 0.012, -2.914, 0.109, -0.003, 2.908, 0.035, -0.014, -2.992, -0.025, -0.0, 3.7, 0.037, 0.892, -3.698, 0.0, -0.336, 3.35, 0.029, -0.067, 2.88, -0.007, 0.016, -2.883, -0.02, -0.008, 2.942, -0.02, 0.016, -2.955, 0.025, 0.012, -2.914, 0.109, -0.003, 2.908, 0.035, -0.014, -2.992, -0.025, -0.0, 3.7, 0.037, -0.006, -0.006],
 "mtime": 23.066448013027088,
 "numbers": [8, 25, 8, 8, 25, 8, 8, 25, 8, 8, 25, 8, 8, 25, 8, 8, 25, 8, 8, 25, 8, 8, 25, 8, 8, 25, 8, 8, 25, 8, 8, 25, 8, 8, 25, 8, 8, 25, 8, 8, 25, 8, 8, 25, 8, 8, 25, 8, 8, 25, 8, 8, 25, 8, 8, 25, 8, 8, 25, 8, 1, 1],
 "pbc": [true, true, false],