{"1": {
 "calculator": "vasp",
 "calculator_parameters": {"amix": 0.1, "amix_mag": 0.1, "bmix": 0.0001, "bmix_mag": 0.0001, "encut": 500, "sigma": 0.05, "ediff": 1e-05, "ediffg": -0.02, "algo": "Normal", "gga": "PE", "prec": "Normal", "ibrion": 2, "isif": 2, "ismear": 0, "ispin": 2, "istart": 1, "ldauprint": 2, "ldautype": 2, "lmaxmix": 4, "lorbit": 11, "nelm": 250, "npar": 6, "nsw": 199, "inimix": 0, "laechg": true, "lasph": true, "ldau": true, "lvtot": false, "lreal": "Auto", "ldau_luj": {"Mn": {"L": 2, "U": 2.75, "J": 0.0}, "O": {"L": -1, "U": 0.0, "J": 0.0}, "H": {"L": -1, "U": 0.0, "J": 0.0}}, "pp": "pbe", "txt": "-", "kpts": [3, 1, 1], "gamma": true, "reciprocal": false, "ignore_constraints": false, "custom": {}},
 "cell": {"array": {"__ndarray__": [[3, 3], "float64", [5.83582875918556, 0.0, 0.0, 0.0001274773434932, 14.046562130100185, 0.0, 0.0, 0.0, 25.602081270119807]]}, "__ase_objtype__": "cell"},
 "constraints": [{"name": "FixAtoms", "kwargs": {"indices": [0, 1, 2, 3, 4, 5, 6, 7, 8, 9, 10, 11, 12, 13, 14, 15, 16, 17, 18, 19, 20, 21, 22, 23, 24, 25, 26, 27, 28, 29, 30, 31]}}],
 "ctime": 25.66422690584249,
 "dipole": {"__ndarray__": [[1, 3], "float64", [0.0, 0.0, 0.0]]},
 "energy": -543.89766216,
 "forces": {"__ndarray__": [[76, 3], "float64", [-0.05719409, 1.21569853, 0.39992586, -0.02214038, 0.75427136, 0.68925789, 0.05462058, 1.16132568, 0.35353627, 0.02107994, 0.71159554, 0.637109, 0.02840262, 0.77167639, -0.54597404, 0.00147466, 0.87214954, -0.43147514, 0.13076851, 0.74127611, -0.68527421, -0.13123252, 0.85624721, -0.58173913, 0.07077994, 0.07345083, 0.07038023, -0.09312576, 0.19206022, 0.05803598, -0.61205922, -2.02036996, 1.13459736, 0.57313402, -1.99191875, 1.14938406, -0.16607269, 0.41153284, 0.20889976, 0.17862402, 0.50904612, 0.15252505, -0.33422189, -1.59721953, 0.63892889, 0.32323795, -1.63318146, 0.61445405, 0.04632397, -0.54236564, -0.61896531, -0.03782739, -0.62790719, -0.38789169, 0.12781908, -0.40864104, -0.73506942, -0.13319423, -0.48802481, -0.49088056, -0.15795027, 0.06142527, -0.20005576, 0.16661559, -0.11924146, -0.21008856, -0.0528534, -0.42589042, -0.4653575, 0.04513563, -0.54989404, -0.52007329, -0.03584791, 0.03090809, 0.0337153, 0.03725535, 0.08169994, -0.16854874, -0.02954852, 0.0111016, -0.0058678, 0.03297225, 0.09238088, -0.23850367, -0.4058633, 0.20304096, 0.02034934, 0.38785194, 0.2933291, 0.09690111, 1.02784099, 0.60986311, -0.069619, -0.9784671, 0.68878245, 0.02376499, -0.00985968, 0.00533019, 0.00891237, -0.0058114, 0.00363875, -0.00158205, 0.00336884, 0.0014044, -0.00061763, -0.00201168, -0.00097504, 0.00253387, 0.00863689, -0.00304211, 0.00491836, 0.00129759, -0.00796115, 0.0014719, -0.00698141, -0.00306895, 0.00154739, -0.00099899, -0.00760613, -0.00221519, -0.00145327, 0.00500464, -0.00177546, 0.00152862, 0.00157458, -0.00580181, 0.00148273, 0.0018787, -0.00952878, 0.00355766, 0.00026355, 0.00981265, 0.0008755, -0.000453, 0.00603397, 0.00116611, 0.00115455, -0.00279131, 0.00069431, -0.00711695, 0.00780714, -0.00217867, 0.00498755, -0.00465896, 0.00822604, 0.01048884, 0.00794609, 0.00062289, 0.01043561, 0.00374526, -0.00107124, 0.00355045, 0.01214201, -0.00467567, 0.0083802, 0.00284294, 0.00337308, -9.98e-06, 0.0088738, 0.00542702, -0.00459962, 0.00770503, 0.00331111, -0.00854936, 0.00263077, 0.00335088, -0.00042879, 0.00047609, -0.00199173, 0.00887183, 0.00510891, 0.00688629, 0.0024325, -0.00558981, -0.00563212, 0.01205838, 0.01074425, 0.00479381, 0.00663368, -0.00210673, 0.00287691, 0.00408549, -0.00501395, 0.00689107, 0.01163081, 0.00456536, -0.00153237, -0.00314378, -0.00460176, 0.00405589, 7.297e-05, 0.00911361, 0.00446357, -0.00544633, -0.00489398, -0.0080688, -0.00021659, -0.00443154, -0.00958953, 0.00792405, 0.01188818, 0.00305711, -0.01404114, -0.00572109, -0.00983439, 0.01095024, 0.00776996, -0.00318425, -0.01081035, 0.00204807, 0.00216907, 0.00503672, -0.00423384, -0.01395273, 0.00401075, -0.00203923, -0.01440686, -0.00269268, 0.00861674, 0.010506, -0.00331472, -0.01062209, -4.918e-05, 0.0158035, 0.00906629, 0.00432663, -0.00233372, -0.0064771]]},
 "free_energy": -543.91462951,
 "initial_magmoms": {"__ndarray__": [[76], "float64", [-2.8000000000000003, -2.9000000000000004, 2.8000000000000003, 2.9000000000000004, 0.0, 0.0, 0.0, 0.0, 0.0, 0.0, 0.0, 0.0, 0.0, 0.0, 0.0, 0.0, -2.9000000000000004, 2.9000000000000004, -2.9000000000000004, 2.9000000000000004, 2.9000000000000004, -2.9000000000000004, 3.6, -3.6, 0.0, 0.0, 0.0, 0.0, 0.0, 0.0, 0.0, 0.0, 0.0, 0.0, 0.0, 0.0, 2.9000000000000004, -2.9000000000000004, 2.9000000000000004, -2.9000000000000004, 0.0, 0.0, 0.0, 0.0, 0.0, 0.0, 0.0, 0.0, 0.0, 0.0, -2.8000000000000003, -2.9000000000000004, 2.8000000000000003, 2.9000000000000004, 0.0, 0.0, 0.0, 0.0, 0.0, 0.0, 0.0, 0.0, 0.0, 0.0, 2.9000000000000004, 2.9000000000000004, 2.9000000000000004, -2.9000000000000004, 3.6, -3.6, 0.0, 0.0, 0.0, 0.0, 0.0, 0.0]]},
 "magmom": 7.4085434,
 "magmoms": {"__ndarray__": [[76], "float64", [-4.21, -4.251, 4.216, 4.258, -0.022, 0.025, -0.024, 0.027, 0.026, -0.018, -0.021, 0.018, 0.0, 0.008, 0.013, -0.014, -2.876, 2.881, -2.852, 2.858, 2.831, -2.845, 3.22, -3.255, -0.014, 0.017, -0.013, 0.015, -0.027, 0.032, -0.039, 0.042, 0.008, 0.004, 0.01, 0.003, 2.956, -2.947, 2.957, -2.947, -0.032, 0.033, -0.031, 0.03, 0.004, -0.004, 0.01, -0.007, 0.011, -0.01, -2.946, -2.942, 2.939, 2.96, 0.008, 0.021, 0.007, 0.028, 0.048, -0.013, 0.021, 0.049, 0.025, -0.018, 2.926, 2.914, 3.718, -3.186, 3.72, -3.193, 0.016, 0.016, -0.123, 0.067, -0.123, 0.064]]},
 "mtime": 25.66422690584249,
 "numbers": {"__ndarray__": [[76], "int64", [25, 25, 25, 25, 8, 8, 8, 8, 8, 8, 8, 8, 8, 8, 8, 8, 25, 25, 25, 25, 25, 25, 25, 25, 8, 8, 8, 8, 8, 8, 8, 8, 8, 8, 8, 8, 25, 25, 25, 25, 8, 8, 8, 8, 19, 19, 8, 8, 8, 8, 25, 25, 25, 25, 8, 8, 8, 8, 8, 8, 8, 8, 8, 8, 25, 25, 25, 25, 25, 25, 8, 8, 8, 8, 8, 8]]},
 "pbc": {"__ndarray__": [[3], "bool", [true, true, true]]},
 "positions": {"__ndarray__": [[76, 3],