{"1": {
 "calculator": "vasp",
 "calculator_parameters": {"amix": 0.1, "amix_mag": 0.1, "bmix": 0.0001, "bmix_mag": 0.0001, "encut": 500, "sigma": 0.05, "ediff": 1e-05, "ediffg": -0.02, "algo": "Normal", "gga": "PE", "prec": "Normal", "ibrion": 2, "isif": 2, "ismear": 0, "ispin": 2, "istart": 1, "ldauprint": 2, "ldautype": 2, "lmaxmix": 4, "lorbit": 11, "nelm": 250, "npar": 6, "nsw": 199, "inimix": 0, "laechg": true, "lasph": true, "ldau": true, "lvtot": false, "lreal": "Auto", "ldau_luj": {"Mn": {"L": 2, "U": 2.75, "J": 0.0}, "O": {"L": -1, "U": 0.0, "J": 0.0}, "H": {"L": -1, "U": 0.0, "J": 0.0}}, "pp": "pbe", "txt": "-", "kpts": [3, 1, 1], "gamma": true, "reciprocal": false, "ignore_constraints": false, "custom": {}},
 "cell": {"array": {"__ndarray__": [[3, 3], "float64", [5.835828759, 0.0, 0.0, 0.000127477, 14.04656213, 0.0, 0.0, 0.0, 25.60208127]]}, "__ase_objtype__": "cell"},
 "constraints": [{"name": "FixAtoms", "kwargs": {"indices": [0, 1, 2, 3, 4, 5, 6, 7, 8, 9, 10, 11, 26, 27, 28, 29, 30, 31, 32, 33, 34, 35, 36, 37, 38, 39, 40, 41, 42, 43, 44, 45]}}],
 "ctime": 25.664908409107515,
 "dipole": {"__ndarray__": [[1, 3], "float64", [0.0, 0.0, 0.0]]},
 "energy": -563.95186279,
 "forces": {"__ndarray__": [[80, 3], "float64", [-0.0576567, 1.20120656, 0.39673874, -0.01803938, 0.74555586, 0.68976402, 0.02683991, 1.07346135, 0.42272637, 0.03646183, 0.67556301, 0.65822686, 0.03928926, -0.49250662, -0.65978991, -0.05362592, -0.55890135, -0.39602645, 0.13276659, -0.34256019, -0.76890955, -0.08642318, -0.45445464, -0.56229127, -0.16035551, 0.17113493, 0.03295713, 0.16297045, -0.10328339, -0.29496283, -0.0584344, -0.2797241, -0.27609843, 0.03308995, -0.42329242, -0.38232496, 0.00152245, 0.00065721, -0.00260149, -1.558e-05, 0.00413725, -0.00131082, 0.00154746, 0.00210782, -0.00050058, 0.00048061, 0.00128147, -0.00179664, 0.0017047, 0.00249351, 0.00174576, 0.00337123, 0.00211004, 0.00301979, -0.0009724, -0.00032312, 0.00126259, -0.00179846, 0.00080945, 0.00164706, -0.00232005, -0.00093141, -0.00315095, 0.00320528, -0.00333921, 0.00269035, -0.00080767, -0.00065569, -0.00388168, 0.00040312, -0.00282998, 0.00215352, 0.00026274, 0.00147589, -0.00193232, 0.0025033, 0.00469087, -0.00444137, 0.02020374, 0.79360502, -0.5234139, 0.0006483, 0.91244793, -0.40876813, 0.13170039, 0.75531388, -0.67496978, -0.13026614, 0.88069606, -0.55514722, 0.07262016, 0.0333388, 0.06300306, -0.0906103, 0.19923211, 0.08359761, -0.62320968, -2.01365707, 1.14690696, 0.28207223, -1.81499992, 0.97651073, -0.16652779, 0.37909098, 0.20828608, 0.15268329, 0.40741326, 0.15719641, -0.20062321, -1.52204545, 0.63377133, 0.32000783, -1.61936572, 0.61918601, -0.03785523, -0.07593559, -0.02686791, 0.04971756, 0.04235349, -0.21655648, -0.0076104, -0.08904834, -0.07033492, 0.0210101, 0.09435486, -0.27965296, -0.40863793, 0.18125213, 0.02429886, 0.31627695, 0.24269122, 0.07802788, 1.02444681, 0.58466109, -0.05333602, -0.75075112, 0.52528708, -0.0093444, -0.00089309, -0.00503742, -0.01160068, 0.00272522, -0.00291546, 0.00144805, -0.00087757, -0.01003898, -0.00012973, -0.00314705, 0.00119809, -0.00034381, 0.00043433, -0.00025799, 0.00092966, -0.00445134, 0.00515415, -0.00989328, -0.00030756, 0.01028159, -0.00486792, -0.00194029, -0.00630913, 0.00341778, 0.00098205, -0.00653163, 0.00093783, -0.0076951, -0.01419332, -0.0062181, -0.0033088, -0.00714597, -0.00852857, -0.00031766, -0.00875456, -0.00167518, 0.00765571, -0.01148004, -0.00530545, -0.0027921, -8.119e-05, 0.00471127, 0.00397138, -0.00766239, 0.00301916, 0.00057034, -0.00687928, 0.0025458, -0.00136857, 0.00439865, -0.00404295, -8.519e-05, 0.00385694, -0.00791019, 0.01531531, -0.0086358, 0.00252149, 0.00138404, -0.00499898, -0.00265596, 0.00154479, 0.00813894, -0.00081475, -0.00446181, -0.01370526, 0.00880562, -0.00306113, -0.00083462, 0.00595814, -0.00036756, -0.00699996, -0.00074632, 0.00117237, 0.00225601, 0.00394483, -0.00227229, -0.01676753, 0.00161471, 0.01007456, -0.00092692, -0.00618226, 0.01052546, -0.00555842, -0.00472905, -0.00027317, -0.00090906, 0.00217224, -0.0002844, -0.00303286, 0.00043939, 1.722e-05, -0.00884974, 0.00152031, 0.00020198, -0.00365847, 0.00217445, -0.00026066, 0.00132151, 0.00169461, 0.00032536, 0.00499016, 0.0024827]]},
 "free_energy": -563.96766509,
 "initial_magmoms": {"__ndarray__": [[80], "float64", [-4.21, -4.252, 4.206, 4.255, -2.872, 2.892, -2.848, 2.862, 2.837, -2.852, 3.224, -3.393, 2.95, -2.938, 2.951, -2.937, -2.889, -2.891, 3.733, 3.743, -2.988, 3.671, -2.99, 3.708, 3.745, 3.743, -0.024, 0.022, -0.026, 0.025, 0.027, -0.011, -0.021, 0.005, 0.001, 0.011, 0.014, -0.014, -0.012, 0.025, -0.012, 0.024, -0.028, 0.033, -0.041, 0.022, 0.008, -0.006, 0.018, -0.007, -0.026, 0.117, -0.028, 0.117, 0.015, 0.004, 0.014, 0.0, -0.012, -0.009, -0.025, -0.012, 0.119, -0.067, -0.016, 0.121, -0.067, -0.019, 0.039, -0.022, 0.038, -0.023, 0.004, 0.002, 0.002, -0.001, -0.005, -0.005, 0.005, 0.005]]},
 "magmom": 11.436948,
 "magmoms": {"__ndarray__": [[80], "float64", [-4.211, -4.252, 4.206, 4.255, -2.872, 2.892, -2.848, 2.862, 2.837, -2.852, 3.222, -3.386, 2.951, -2.937, 2.952, -2.936, -2.889, -2.893, 3.733, 3.743, -2.986, 3.676, -2.991, 3.711, 3.744, 3.742, -0.024, 0.022, -0.026, 0.025, 0.027, -0.011, -0.021, 0.006, 0.002, 0.012, 0.014, -0.014, -0.013, 0.025, -0.012, 0.024, -0.028, 0.033, -0.041, 0.023, 0.008, -0.006, 0.018, -0.006, -0.026, 0.117, -0.027, 0.116, 0.015, 0.004, 0.014, 0.0, -0.012, -0.009, -0.024, -0.012, 0.12, -0.066, -0.016, 0.121, -0.066, -0.019, 0.039, -0.022, 0.038, -0.022, 0.004, 0.001, 0.002, -0.001, -0.005, -0.005, 0.005, 0.005]]},
 "mtime": 25.664908409107515,
 "numbers": {"__ndarray__": [[80], "int64", [25, 25, 25, 25, 25, 25, 25, 25, 25, 25, 25, 25, 25, 25, 25, 25, 25, 25, 25, 25, 25, 25, 25, 25, 25, 25, 8, 8, 8, 8, 8, 8, 8, 8, 8, 8, 8, 8, 8, 8, 8, 8, 8, 8, 8, 8, 8, 8, 8, 8, 8, 8, 8, 8, 8, 8, 8, 8, 8, 8, 8, 8, 8, 8, 8, 8, 8, 8, 8, 8, 8, 8, 8, 8, 19, 19, 1, 1, 1, 1]]},
 "pbc": {"__ndarray__": [[3], "bool", [true, true, true]]},
 "positions": {"__ndarray__": [[80, 3],