{"1": {
 "calculator": "vasp",
 "calculator_parameters": {"amix": 0.1, "amix_mag": 0.1, "bmix": 0.0001, "bmix_mag": 0.0001, "encut": 500, "sigma": 0.05, "ediff": 1e-05, "ediffg": -0.02, "algo": "Normal", "gga": "PE", "prec": "Normal", "ibrion": 2, "isif": 2, "ismear": 0, "ispin": 2, "istart": 1, "ldauprint": 2, "ldautype": 2, "lmaxmix": 4, "lorbit": 11, "nelm": 250, "npar": 6, "nsw": 199, "inimix": 0, "laechg": true, "lasph": true, "ldau": true, "lvtot": false, "lreal": "Auto", "ldau_luj": {"Mn": {"L": 2, "U": 2.75, "J": 0.0}, "O": {"L": -1, "U": 0.0, "J": 0.0}, "H": {"L": -1, "U": 0.0, "J": 0.0}}, "pp": "pbe", "txt": "-", "kpts": [3, 1, 1], "gamma": true, "reciprocal": false, "ignore_constraints": false, "custom": {}},
 "cell": {"array": {"__ndarray__": [[3, 3], "float64", [5.835828759, 0.0, 0.0, 0.000127477, 14.04656213, 0.0, 0.0, 0.0, 25.60208127]]}, "__ase_objtype__": "cell"},
 "constraints": [{"name": "FixAtoms", "kwargs": {"indices": [0, 1, 2, 3, 4, 5, 6, 7, 8, 9, 10, 11, 26, 27, 28, 29, 30, 31, 32, 33, 34, 35, 36, 37, 38, 39, 40, 41, 42, 43, 44, 45]}}],
 "ctime": 25.66506508685206,
 "dipole": {"__ndarray__": [[1, 3], "float64", [0.0, 0.0, 0.0]]},
 "energy": -582.52317092,
 "forces": {"__ndarray__": [[84, 3], "float64", [-0.08414432, 1.29704189, 0.31972556, -0.00160736, 0.78514651, 0.65108122, 0.07297374, 1.20317611, 0.31654518, 0.01513178, 0.72251299, 0.62279851, 0.04608676, -0.69439215, -0.62625308, -0.04055608, -0.72670508, -0.39716112, 0.1597465, -0.52036158, -0.67867613, -0.13561657, -0.56414712, -0.46631626, -0.16769726, 0.04614169, -0.09312655, 0.17333332, -0.12253688, -0.18507561, -0.06354601, -0.52496612, -0.58010353, 0.05432295, -0.60746299, -0.59664879, 2.383e-05, -0.00252679, 0.00352503, -0.00101694, 0.00535615, -0.00095302, 0.00194933, -0.00193251, 0.0049057, -0.00650403, 0.00182011, 0.00098059, -1.128e-05, -0.00588446, -0.00478486, 0.00290514, -0.00239519, -0.00585758, 0.00582568, -0.00119513, 0.00250747, -0.00140429, -0.00045341, 0.00208484, -0.00413151, -0.00356621, -0.00221666, 0.00084945, -0.00232066, 0.00147259, 0.00085281, 0.00070702, -0.0035148, -0.00859903, -0.00552665, -0.00181223, 0.00276078, 0.00084167, 0.00020953, -0.00923357, -0.00145251, -0.0078088, 0.03181868, 0.74457549, -0.54209722, -0.0043733, 0.85943166, -0.43182212, 0.1339379, 0.7429799, -0.67823312, -0.12927644, 0.86204473, -0.57805832, 0.07582426, 0.08339653, 0.06381144, -0.09430975, 0.20737202, 0.04615297, -0.96124389, -2.20209878, 1.3481575, 0.73185318, -2.0784185, 1.25526161, -0.18032191, 0.50390262, 0.22167582, 0.18438205, 0.5748785, 0.15646761, -0.40371109, -1.63475993, 0.66039735, 0.49542008, -1.72033863, 0.66260017, -0.02916305, 0.0727764, 0.03720929, 0.01782268, 0.22133975, -0.17672588, -0.01840342, 0.0385179, -0.0085208, 0.01925359, 0.20618957, -0.24105294, -0.54455367, 0.3135145, -0.02354305, 0.4538041, 0.33152803, 0.08112938, 1.32489477, 0.84670733, -0.11699687, -1.13340366, 0.78932526, -0.00321931, 0.00572828, 0.00193479, -0.00242309, 0.00568348, -0.0017718, -0.00367317, -0.00015806, 0.00362278, 0.00106291, 0.00243243, 0.00206486, -0.00303426, -0.00096042, 8.959e-05, -0.00196545, 0.00314273, -0.00371243, 0.00338712, -9.106e-05, -0.00114455, -0.00249273, -0.00014505, -0.00458988, 0.00080219, 0.0003767, -0.00117406, -0.00160311, -0.003857, 0.00178565, 0.00057918, -0.00038037, -0.01445284, 0.00726958, -0.00634749, -0.00241488, 0.0018561, 0.00044963, -0.00432957, -0.00206158, 0.00434335, -0.00154973, -0.00090224, -0.00397444, -0.00399836, -0.00413596, -0.00118691, 0.00664631, 0.00014416, 0.0012164, -0.00256848, -0.00033458, -0.01307282, -0.00303402, -0.00202625, -0.00199305, 0.01336754, 0.01231389, 0.00298302, -0.00025038, 0.00283521, -0.00019113, 0.00080198, 0.0003469, -0.00278855, -0.0030694, 0.00326674, 0.00322988, -0.0040727, 0.00254466, -0.00130847, -0.00162681, -0.00395267, 0.00417563, -0.00209075, 0.00153026, 0.00371735, 4.471e-05, 0.00380962, 0.0067067, 0.00746698, -0.00390014, 0.00325761, -0.00362208, -0.0028709, -0.0076025, -0.00015024, 0.00101611, 0.0135276, 0.00195798, -0.0069891, 0.00650576, -0.002926, 0.00158509, -0.00257202, 0.00450204, -0.00219067, -0.00087579, -0.00056525, -0.00303115, 0.00087618, -0.00067701, -0.00173206, -0.00420959, -0.0051119, -0.00652745, 0.00162655, -0.00337874, -0.0018067, 0.00208889, 0.0023476, -0.00448978, -0.00329837, -0.012134, 0.00967261]]},
 "free_energy": -582.53494145,
 "initial_magmoms": {"__ndarray__": [[84], "float64", [-4.22, -4.255, 4.222, 4.259, -2.88, 2.885, -2.861, 2.864, 2.824, -2.842, 3.009, -3.136, 2.962, -2.951, 2.959, -2.951, -2.952, -2.953, 2.947, 2.958, 2.96, 2.955, 3.021, -2.954, 2.797, -2.956, -0.027, 0.028, -0.028, 0.029, 0.027, -0.018, -0.028, 0.024, 0.005, 0.006, 0.011, -0.009, -0.02, 0.021, -0.015, 0.016, -0.023, 0.031, -0.053, 0.055, 0.005, 0.01, -0.001, 0.025, -0.036, 0.041, -0.032, 0.032, 0.006, -0.006, 0.008, -0.006, -0.015, -0.002, -0.015, -0.001, -0.036, -0.018, 0.009, -0.027, 0.015, -0.008, -0.212, 0.015, -0.048, 0.016, -0.168, 0.02, 0.327, -0.136, 0.333, -0.222, 0.003, -0.005, 0.01, 0.008, -0.007, -0.007]]},
 "magmom": 5.9877368,
 "magmoms": {"__ndarray__": [[84], "float64", [-4.221, -4.256, 4.221, 4.26, -2.877, 2.883, -2.858, 2.862, 2.824, -2.842, 3.03, -3.172, 2.961, -2.949, 2.959, -2.949, -2.95, -2.952, 2.956, 2.954, 2.957, 2.951, 3.019, -2.967, 2.794, -2.969, -0.028, 0.027, -0.029, 0.029, 0.026, -0.019, -0.027, 0.022, 0.004, 0.006, 0.011, -0.009, -0.02, 0.019, -0.015, 0.015, -0.024, 0.031, -0.053, 0.05, 0.005, 0.009, 0.002, 0.023, -0.035, 0.041, -0.032, 0.032, 0.006, -0.006, 0.008, -0.007, -0.015, -0.003, -0.015, -0.001, -0.034, -0.018, 0.005, -0.02, 0.016, -0.008, -0.154, 0.018, -0.05, 0.019, -0.166, 0.025, 0.411, -0.134, 0.418, -0.213, 0.002, -0.005, 0.01, 0.009, -0.007, -0.007]]},
 "mtime": 25.66506508685206,
 "numbers": {"__ndarray__": [[84], "int64", [25, 25, 25, 25, 25, 25, 25, 25, 25, 25, 25, 25, 25, 25, 25, 25, 25, 25, 25, 25, 25, 25, 25, 25, 25, 25, 8, 8, 8, 8, 8, 8, 8, 8, 8, 8, 8, 8, 8, 8, 8, 8, 8, 8, 8, 8, 8, 8, 8, 8, 8, 8, 8, 8, 8, 8, 8, 8, 8, 8, 8, 8, 8, 8, 8, 8, 8, 8, 8, 8, 8, 8, 8, 8, 8, 8, 8, 8, 19, 19, 1, 1, 1, 1]]},
 "pbc": {"__ndarray__": [[3], "bool", [true, true, true]]},
 "positions": {"__ndarray__": [[84, 3],