{"1": {
 "calculator": "vasp",
 "calculator_parameters": {"amix": 0.1, "amix_mag": 0.1, "bmix": 0.0001, "bmix_mag": 0.0001, "encut": 500, "sigma": 0.05, "ediff": 1e-05, "ediffg": -0.02, "algo": "Normal", "gga": "PE", "prec": "Normal", "ibrion": 2, "isif": 2, "ismear": 0, "ispin": 2, "istart": 1, "ldauprint": 2, "ldautype": 2, "lmaxmix": 4, "lorbit": 11, "nelm": 250, "npar": 6, "nsw": 199, "inimix": 0, "laechg": true, "lasph": true, "ldau": true, "lvtot": false, "lreal": "Auto", "ldau_luj": {"Mn": {"L": 2, "U": 2.75, "J": 0.0}, "O": {"L": -1, "U": 0.0, "J": 0.0}, "H": {"L": -1, "U": 0.0, "J": 0.0}}, "pp": "pbe", "txt": "-", "kpts": [3, 1, 1], "gamma": true, "reciprocal": false, "ignore_constraints": false, "custom": {}},
 "cell": {"array": {"__ndarray__": [[3, 3], "float64", [5.83582875918556, 0.0, 0.0, 0.0001274773434932, 14.046562130100185, 0.0, 0.0, 0.0, 25.602081270119807]]}, "__ase_objtype__": "cell"},
 "constraints": [{"name": "FixAtoms", "kwargs": {"indices": [0, 1, 2, 3, 4, 5, 6, 7, 8, 9, 10, 11, 12, 13, 14, 15, 16, 17, 18, 19, 20, 21, 22, 23, 24, 25, 26, 27, 28, 29, 30, 31]}}],
 "ctime": 25.663765562288837,
 "dipole": {"__ndarray__": [[1, 3], "float64", [0.0, 0.0, 0.0]]},
 "energy": -542.54901654,
 "forces": {"__ndarray__": [[76, 3], "float64", [-0.0638163, 1.24698235, 0.38237831, -0.01138204, 0.77583542, 0.6867734, 0.03181838, 1.06807097, 0.3696927, 0.03790561, 0.66215852, 0.61230664, 0.02410302, 0.74960989, -0.56277249, 0.00079261, 0.95666974, -0.35864113, 0.13300092, 0.71612318, -0.71375041, -0.12813174, 0.92893617, -0.49940176, 0.07243113, -0.02391125, 0.07851317, -0.08879629, 0.25596334, 0.07981292, -0.70450563, -2.06707989, 1.20624367, 0.33657854, -1.84005302, 1.01089837, -0.16683157, 0.34198174, 0.22963224, 0.15673507, 0.46822548, 0.14849438, -0.23654036, -1.53724304, 0.64353098, 0.35944615, -1.64212306, 0.63792966, 0.03313852, -0.45788514, -0.79367437, -0.04671363, -0.62338682, -0.3218571, 0.15639879, -0.30516437, -0.89518087, -0.09164772, -0.51838211, -0.47486594, -0.16691999, 0.22722327, 0.11754384, 0.16137733, -0.21553198, -0.37434747, -0.05730088, -0.26528896, -0.25133863, 0.03382118, -0.55689698, -0.50756537, -0.02333476, -0.03914673, 0.05543483, 0.03779619, 0.04137599, -0.28028378, -0.03213187, -0.05896913, 0.03073558, 0.02588823, 0.08370931, -0.33896123, -0.4382827, 0.1511464, 0.00192492, 0.32365339, 0.31540679, 0.10016889, 1.10200905, 0.59189828, -0.06883024, -0.76352969, 0.60988531, 0.0204877, 0.00865551, -0.00038202, 0.00595335, -0.00518713, -0.00779352, 0.00999899, -0.00452583, -0.00263223, 0.00411877, -0.00642647, -0.00226911, -0.00036471, -0.00087442, -0.00015886, 0.00596623, 0.00830592, -0.00017084, 0.00334043, 0.00072059, -0.00274969, 0.00223941, 0.00398341, -0.00320679, -0.00257249, 0.00536826, -0.00030835, 0.00281949, -0.0018345, 0.00078158, -0.00469056, 0.00550718, -0.00444712, 0.00076965, 0.00253294, -0.00832513, -0.00346013, -0.00307672, -0.00279682, -0.00173748, 0.00097749, -0.00122182, -0.00389703, 0.00322676, 0.00673094, -0.00438754, -0.00823684, -0.00497042, 0.00129297, -0.00161286, -0.0040902, 0.00834302, -0.00391151, -0.00993996, 0.00253364, -0.0029694, -0.0002675, -0.00039814, -0.00096717, 0.00315301, 0.00242115, 0.0021735, -0.00421387, 0.00176913, -0.000622, -0.00454107, -0.00012022, -0.00025965, 0.00461565, -0.00192923, 9.702e-05, 0.01435056, 0.00380094, 0.0007835, 0.0038822, -0.00172762, -0.00459876, -0.01095247, 0.00042367, -0.00083863, 0.00758129, 0.00587048, -0.00749278, -0.0018889, -0.00658232, 0.00040552, 0.00429633, -0.00110634, 0.00861606, -0.00287419, 0.00929802, -0.00469698, 0.0011763, 0.00974552, -0.00092067, 0.00069806, 0.0088147, -0.00403146, -0.00103064, 0.00164982, -0.00664408, 0.00502867, -0.00528634, -6.033e-05, 0.00277784, -0.00062111, 0.00860661, 0.00211468, -0.00664084, 0.00063468, 0.00132135, -0.00210456, 0.00290258, 0.00017756, 0.00436981, 0.0059058, -0.01139223, 0.00093322, 0.00753453, -0.00583175, -0.00335441, -0.00029881, 0.00450185, -0.00465101, -0.00103637, 0.00280752, -0.00670252, -0.0066624, -0.00104317, 0.00260036, -0.00618103, -0.00663638, -0.00776956]]},
 "free_energy": -542.56881389,
 "initial_magmoms": {"__ndarray__": [[76], "float64", [-2.8000000000000003, -2.9000000000000004, 2.8000000000000003, 2.9000000000000004, 0.0, 0.0, 0.0, 0.0, 0.0, 0.0, 0.0, 0.0, 0.0, 0.0, 0.0, 0.0, -2.9000000000000004, 2.9000000000000004, -2.9000000000000004, 2.9000000000000004, 2.9000000000000004, -2.9000000000000004, 3.6, -3.6, 0.0, 0.0, 0.0, 0.0, 0.0, 0.0, 0.0, 0.0, 0.0, 0.0, 0.0, 0.0, 2.9000000000000004, -2.9000000000000004, 2.9000000000000004, -2.9000000000000004, 0.0, 0.0, 0.0, 0.0, 0.0, 0.0, 0.0, 0.0, 0.0, 0.0, -2.8000000000000003, -2.9000000000000004, 2.8000000000000003, 2.9000000000000004, 0.0, 0.0, 0.0, 0.0, 0.0, 0.0, 0.0, 0.0, 0.0, 0.0, -2.9000000000000004, 2.9000000000000004, -2.9000000000000004, 2.9000000000000004, 2.9000000000000004, 3.6, 0.0, 0.0, 0.0, 0.0, 0.0, 0.0]]},
 "magmom": 7.5446484,
 "magmoms": {"__ndarray__": [[76], "float64", [-4.212, -4.251, 4.213, 4.261, -0.024, 0.023, -0.025, 0.026, 0.031, -0.008, -0.023, 0.007, 0.005, 0.015, 0.013, -0.013, -2.869, 2.898, -2.846, 2.869, 2.833, -2.854, 3.174, -3.369, -0.009, 0.025, -0.009, 0.024, -0.026, 0.035, -0.044, 0.028, 0.01, -0.002, 0.018, -0.0, 2.94, -2.94, 2.941, -2.937, -0.028, 0.108, -0.029, 0.108, 0.002, -0.003, 0.001, 0.008, 0.004, 0.004, -2.886, -2.888, 3.721, 3.733, -0.054, -0.03, -0.06, -0.031, -0.055, -0.215, -0.022, -0.057, -0.22, -0.026, -2.908, 3.301, -2.898, 3.178, 3.273, 3.248, -0.017, -0.315, -0.019, -0.319, -0.085, -0.082]]},
 "mtime": 25.663765562288837,
 "numbers": {"__ndarray__": [[76], "int64", [25, 25, 25, 25, 8, 8, 8, 8, 8, 8, 8, 8, 8, 8, 8, 8, 25, 25, 25, 25, 25, 25, 25, 25, 8, 8, 8, 8, 8, 8, 8, 8, 8, 8, 8, 8, 25, 25, 25, 25, 8, 8, 8, 8, 19, 19, 8, 8, 8, 8, 25, 25, 25, 25, 8, 8, 8, 8, 8, 8, 8, 8, 8, 8, 25, 25, 25, 25, 25, 25, 8, 8, 8, 8, 8, 8]]},
 "pbc": {"__ndarray__": [[3], "bool", [true, true, true]]},
 "positions": {"__ndarray__": [[76, 3],