{"1": {
 "calculator": "vasp",
 "calculator_parameters": {"amix": 0.1, "amix_mag": 0.1, "bmix": 0.0001, "bmix_mag": 0.0001, "encut": 500, "sigma": 0.05, "ediff": 1e-05, "ediffg": -0.02, "algo": "Normal", "gga": "PE", "prec": "Normal", "ibrion": 2, "isif": 2, "ismear": 0, "ispin": 2, "istart": 1, "ldauprint": 2, "ldautype": 2, "lmaxmix": 4, "lorbit": 11, "nelm": 250, "npar": 6, "nsw": 199, "inimix": 0, "laechg": true, "lasph": true, "ldau": true, "lvtot": false, "lreal": "Auto", "ldau_luj": {"Mn": {"L": 2, "U": 2.75, "J": 0.0}, "O": {"L": -1, "U": 0.0, "J": 0.0}, "H": {"L": -1, "U": 0.0, "J": 0.0}}, "pp": "pbe", "txt": "-", "kpts": [3, 1, 1], "gamma": true, "reciprocal": false, "ignore_constraints": false, "custom": {}},
 "cell": {"array": {"__ndarray__": [[3, 3], "float64", [5.83582875918556, 0.0, 0.0, 0.0001274773434932, 14.046562130100185, 0.0, 0.0, 0.0, 25.602081270119807]]}, "__ase_objtype__": "cell"},
 "constraints": [{"name": "FixAtoms", "kwargs": {"indices": [0, 1, 2, 3, 4, 5, 6, 7, 8, 9, 10, 11, 12, 13, 14, 15, 16, 17, 18, 19, 20, 21, 22, 23, 24, 25, 26, 27, 28, 29, 30, 31]}}],
 "ctime": 25.663998125516372,
 "dipole": {"__ndarray__": [[1, 3], "float64", [0.0, 0.0, 0.0]]},
 "energy": -559.93010015,
 "forces": {"__ndarray__": [[80, 3], "float64", [-0.08767518, 1.31512872, 0.34209807, -0.00174542, 0.79614524, 0.67730019, 0.08502605, 1.24870733, 0.29048668, 0.00967044, 0.74944893, 0.61623525, 0.03461628, 0.71653273, -0.57981461, -0.00808014, 0.81880568, -0.45342028, 0.13182284, 0.71715577, -0.71365192, -0.12894681, 0.83187839, -0.59673018, 0.07342681, 0.05123191, 0.05580313, -0.09280171, 0.2461879, 0.03293909, -1.0069764, -2.20794708, 1.35164164, 0.86982618, -2.13867785, 1.34360947, -0.18926435, 0.48100041, 0.2175426, 0.19398154, 0.64887342, 0.14861521, -0.47740768, -1.65505023, 0.68207648, 0.52373852, -1.71179454, 0.64972578, 0.05136326, -0.64407161, -0.63253107, -0.04074731, -0.80317058, -0.33547349, 0.16132572, -0.46988197, -0.6811159, -0.15543153, -0.63556971, -0.38564426, -0.16355042, 0.05888496, -0.04645927, 0.16710789, -0.19151127, -0.18716925, -0.04073524, -0.53114621, -0.57300162, 0.0537507, -0.71001408, -0.67214742, -0.03066111, 0.07498766, 0.03829249, 0.02926893, 0.22029519, -0.1825361, -0.03485381, 0.03553555, 0.00284237, 0.04197598, 0.18872348, -0.25179903, -0.55861451, 0.29554537, -0.04654684, 0.50925506, 0.39383592, 0.05741814, 1.36278417, 0.85374219, -0.13639311, -1.25191087, 0.89977019, -0.02931341, 0.0018247, 0.00669394, 9.23e-06, -0.00092818, 0.00040924, 0.00284078, 0.00043542, 0.00392097, -0.00790462, -0.00534146, 0.00148395, -9.23e-06, -0.00241095, 0.00013708, -0.00420163, -0.00225839, -0.0033804, -0.00604762, 0.00266744, -0.00279843, -0.0043017, -0.00338324, 0.00362973, -0.00546517, -0.00258104, 0.00159768, 0.00039742, 0.00381237, 0.00065339, -0.00917687, -0.00023595, 0.00610777, 0.00090083, 0.00055371, 0.00587056, -0.0013052, -0.00508373, -0.00394894, 0.00789733, -0.00019976, 0.0071471, 0.0031066, -0.0073018, 0.00099767, 0.00431206, 0.00126133, -0.01439842, -0.00236877, 0.00091466, 0.01283958, 0.00784992, 0.00212891, 0.0055544, -0.00489394, -0.00318419, -0.00754525, -0.00660417, -0.00048311, -0.00909362, 0.00154389, 0.00550111, -0.0021102, 0.00082453, 0.00434542, 0.00144178, -4.924e-05, -0.00903182, 0.00081651, -0.00114308, 0.00082616, -0.00146969, 0.00272707, -0.00182926, 0.00208434, 0.00942922, -0.00773175, 0.00362934, -0.00710381, -0.01103238, -0.00783762, 0.00792901, -0.00227643, 0.01243207, -0.00310358, -0.00705477, -0.00821399, -0.00515127, 0.0023838, 0.00066351, -0.00201586, -0.00569781, -0.00026121, -0.00877987, 0.00223292, 0.00904709, -0.00995227, 0.00749702, 0.00495601, 0.01082065, 0.00218478, -0.00144643, 0.00307218, 0.00704823, -0.00304208, 0.00597498, 0.000701, 0.0001669, -0.00111756, 0.00413287, -0.01165512, -0.00318811, 0.00010432, 0.0009771, -0.00104976, -0.0043166, 0.00431348, -0.01086446, 0.00012974, 0.00160193, 0.00153805, -0.00428398, 0.00661818, 0.01209799, 0.00329085, 0.00495106, 0.00177793, -0.00071231, 0.00306804, 0.00198333, 0.00252282, 0.00559081, 0.00258045, -0.00384617, 0.00578767, 0.00210474, 0.00175702, 0.0046651, -0.00110214, 0.00265837, 0.00620628, 0.00370864, 0.00075229, -0.00244065, 0.00859422]]},
 "free_energy": -559.94820101,
 "initial_magmoms": {"__ndarray__": [[80], "float64", [-2.8000000000000003, -2.9000000000000004, 2.8000000000000003, 2.9000000000000004, 0.0, 0.0, 0.0, 0.0, 0.0, 0.0, 0.0, 0.0, 0.0, 0.0, 0.0, 0.0, -2.9000000000000004, 2.9000000000000004, -2.9000000000000004, 2.9000000000000004, 2.9000000000000004, -2.9000000000000004, 3.6, -3.6, 0.0, 0.0, 0.0, 0.0, 0.0, 0.0, 0.0, 0.0, 0.0, 0.0, 0.0, 0.0, 2.9000000000000004, -2.9000000000000004, 2.9000000000000004, -2.9000000000000004, 0.0, 0.0, 0.0, 0.0, 0.0, 0.0, 0.0, 0.0, 0.0, 0.0, -2.8000000000000003, -2.9000000000000004, 2.8000000000000003, 2.9000000000000004, 0.0, 0.0, 0.0, 0.0, 0.0, 0.0, 0.0, 0.0, 0.0, 0.0, 2.9000000000000004, 2.9000000000000004, 2.9000000000000004, -2.9000000000000004, 3.6, -3.6, 0.0, 0.0, 0.0, 0.0, 0.0, 0.0, 0.0, 0.0, 0.0, 0.0]]},
 "magmom": 4.6305832,
 "magmoms": {"__ndarray__": [[80], "float64", [-4.218, -4.253, 4.223, 4.26, -0.027, 0.03, -0.027, 0.03, 0.029, -0.018, -0.029, 0.025, 0.009, 0.007, 0.01, -0.01, -2.882, 2.886, -2.865, 2.867, 2.821, -2.841, 2.997, -3.104, -0.019, 0.023, -0.014, 0.017, -0.022, 0.031, -0.052, 0.058, 0.005, 0.01, -0.004, 0.026, 2.954, -2.952, 2.954, -2.955, -0.036, 0.041, -0.032, 0.03, 0.003, -0.005, 0.007, -0.003, 0.01, -0.004, -2.968, -2.978, 2.929, 2.937, -0.021, -0.012, -0.016, -0.071, -0.066, -0.018, 0.012, -0.056, 0.021, -0.026, 2.959, 2.957, 2.486, -2.726, 2.456, -2.737, -0.247, -0.41, -0.102, -0.011, -0.062, 0.015, 0.702, -0.526, 0.709, -0.524]]},
 "mtime": 25.663998125516372,
 "numbers": {"__ndarray__": [[80], "int64", [25, 25, 25, 25, 8, 8, 8, 8, 8, 8, 8, 8, 8, 8, 8, 8, 25, 25, 25, 25, 25, 25, 25, 25, 8, 8, 8, 8, 8, 8, 8, 8, 8, 8, 8, 8, 25, 25, 25, 25, 8, 8, 8, 8, 19, 19, 8, 8, 8, 8, 25, 25, 25, 25, 8, 8, 8, 8, 8, 8, 8, 8, 8, 8, 25, 25, 25, 25, 25, 25, 8, 8, 8, 8, 8, 8, 8, 8, 8, 8]]},
 "pbc": {"__ndarray__": [[3], "bool", [true, true, true]]},
 "positions": {"__ndarray__": [[80, 3],