{"1": {
 "calculator": "vasp",
 "calculator_parameters": {"amix": 0.1, "amix_mag": 0.1, "bmix": 0.0001, "bmix_mag": 0.0001, "encut": 500, "sigma": 0.05, "ediff": 1e-05, "ediffg": -0.02, "algo": "Normal", "gga": "PE", "prec": "Normal", "ibrion": 2, "isif": 2, "ismear": 0, "ispin": 2, "istart": 1, "ldauprint": 2, "ldautype": 2, "lmaxmix": 4, "lorbit": 11, "nelm": 250, "npar": 6, "nsw": 199, "inimix": 0, "laechg": true, "lasph": true, "ldau": true, "lvtot": false, "lreal": "Auto", "ldau_luj": {"Mn": {"L": 2, "U": 2.75, "J": 0.0}, "O": {"L": -1, "U": 0.0, "J": 0.0}, "H": {"L": -1, "U": 0.0, "J": 0.0}}, "pp": "pbe", "txt": "-", "kpts": [3, 1, 1], "gamma": true, "reciprocal": false, "ignore_constraints": false, "custom": {}},
 "cell": {"array": {"__ndarray__": [[3, 3], "float64", [5.801699045203386, 0.0, 0.0, 0.0, 13.912083661090438, 0.0, 0.0, 0.0, 25.60045922505258]]}, "__ase_objtype__": "cell"},
 "constraints": [{"name": "FixAtoms", "kwargs": {"indices": [0, 1, 2, 3, 4, 5, 6, 7, 8, 9, 10, 11, 12, 13, 14, 15, 37, 38, 39, 40, 41, 42, 43, 44, 45, 46, 47, 48, 49, 50, 51, 52]}}],
 "ctime": 25.662674031336557,
 "dipole": {"__ndarray__": [[1, 3], "float64", [0.0, 0.0, 0.0]]},
 "energy": -532.51381894,
 "forces": {"__ndarray__": [[74, 3], "float64", [-0.0, -0.53716698, 0.80045558, -0.0, -0.53202527, 0.74935801, -0.0, -0.78197122, -0.73414981, 0.0, -0.74670281, -0.78998179, -0.0, -0.01692642, -0.23998848, 0.0, -0.14841974, -0.24956359, 0.0, 1.05969355, 0.00528317, 0.0, 1.05577019, 0.05532795, 0.0, 0.23728037, 0.09054563, -0.0, 0.10836679, -0.06389289, 0.0, 0.09815798, 0.19174465, -0.0, -0.10151585, 0.36811191, -0.0, 0.05775587, -0.08132594, 0.0, 0.00217263, -0.20790371, -0.0, 0.18139609, 0.03954979, 0.0, 0.08734454, 0.06481942, 0.0, 0.00552138, -0.01774508, -0.0, -0.00343155, -0.00054127, 0.0, 0.00348024, 0.00818995, -0.0, -0.01013768, 0.0166448, 0.0, 0.00680763, -0.00953512, 0.0, 0.00822907, 0.00244379, -0.0, 0.00191255, 0.0059754, -0.0, -0.01588267, 0.00325082, -0.0, 0.01156548, -0.00544492, -0.0, 0.00177558, -0.0064322, -0.0, 0.00261353, 0.01717189, 0.0, -0.01358199, 0.00024335, -0.0, -0.00397838, -0.00830002, -0.0, -0.00010249, -0.0057526, -0.0, 0.00704092, -0.00271319, -0.0, 0.00449588, -0.01011781, -0.0, -0.00396701, 0.01661089, 0.0, -0.01885671, -0.00637392, -0.0, -0.00912829, -0.00659839, 0.0, -0.00351901, 0.00560434, 0.0, 0.00593382, 0.00502942, -0.0, -0.53716698, 0.80045558, -0.0, -0.53202527, 0.74935801, -0.0, -0.78197122, -0.73414981, 0.0, -0.74670281, -0.78998179, 0.0, -0.01692642, -0.23998848, 0.0, -0.14841974, -0.24956359, -0.0, 1.05969355, 0.00528317, -0.0, 1.05577019, 0.05532795, -0.0, 0.23728037, 0.09054563, 0.0, 0.10836679, -0.06389289, 0.0, 0.09815798, 0.19174465, -0.0, -0.10151585, 0.36811191, -0.0, 0.05775587, -0.08132594, -0.0, 0.00217263, -0.20790371, -0.0, 0.18139609, 0.03954979, -0.0, 0.08734454, 0.06481942, -0.0, 0.00552138, -0.01774508, -0.0, -0.00343155, -0.00054127, 0.0, 0.00348024, 0.00818995, -0.0, -0.01013768, 0.0166448, 0.0, 0.00680763, -0.00953512, 0.0, 0.00822907, 0.00244379, 0.0, 0.00191255, 0.0059754, 0.0, -0.01588267, 0.00325082, -0.0, 0.01156548, -0.00544492, 0.0, 0.00177558, -0.0064322, 0.0, 0.00261353, 0.01717189, -0.0, -0.01358199, 0.00024335, -0.0, -0.00397838, -0.00830002, 0.0, -0.00010249, -0.0057526, -0.0, 0.00704092, -0.00271319, -0.0, 0.00449588, -0.01011781, -0.0, -0.00396701, 0.01661089, -0.0, -0.01885671, -0.00637392, -0.0, -0.00912829, -0.00659839, -0.0, -0.00351901, 0.00560434, -0.0, 0.00593382, 0.00502942]]},
 "free_energy": -532.5221079,
 "initial_magmoms": {"__ndarray__": [[74], "float64", [3.0, -3.0, 0.0, 0.0, 0.0, 0.0, 0.0, 0.0, -3.0, 3.0, 3.0, -3.0, 0.0, 0.0, 0.0, 0.0, 0.0, 0.0, -3.0, 3.0, 0.0, 0.0, 0.0, 0.0, 3.0, -3.0, 0.0, 0.0, 0.0, 0.0, 0.0, -3.0, 3.0, -3.0, 0.0, 0.0, 0.0, 3.0, -3.0, 0.0, 0.0, 0.0, 0.0, 0.0, 0.0, -3.0, 3.0, 3.0, -3.0, 0.0, 0.0, 0.0, 0.0, 0.0, 0.0, -3.0, 3.0, 0.0, 0.0, 0.0, 0.0, 3.0, -3.0, 0.0, 0.0, 0.0, 0.0, 0.0, -3.0, 3.0, -3.0, 0.0, 0.0, 0.0]]},
 "magmom": -6.2203351,
 "magmoms": {"__ndarray__": [[74], "float64", [4.26, -4.264, -0.039, 0.036, -0.019, 0.011, 0.004, -0.002, -2.872, 2.856, 2.889, -2.88, 0.016, -0.006, 0.015, -0.018, 0.011, -0.008, -2.932, 2.902, -0.017, 0.026, 0.045, -0.002, 2.881, -3.554, 0.037, 0.064, 0.058, 0.344, 0.014, -3.203, 2.888, -3.068, 0.023, 0.328, 0.066, 4.26, -4.264, -0.039, 0.036, -0.019, 0.011, 0.004, -0.002, -2.872, 2.856, 2.889, -2.88, 0.016, -0.006, 0.015, -0.018, 0.011, -0.008, -2.932, 2.902, -0.017, 0.026, 0.045, -0.002, 2.881, -3.554, 0.037, 0.064, 0.058, 0.344, 0.014, -3.203, 2.888, -3.068, 0.023, 0.328, 0.066]]},
 "mtime": 25.662674031336557,
 "numbers": {"__ndarray__": [[74], "int64", [25, 25, 8, 8, 8, 8, 8, 8, 25, 25, 25, 25, 8, 8, 8, 8, 8, 8, 25, 25, 8, 8, 8, 8, 25, 25, 8, 8, 8, 8, 8, 25, 25, 25, 8, 8, 8, 25, 25, 8, 8, 8, 8, 8, 8, 25, 25, 25, 25, 8, 8, 8, 8, 8, 8, 25, 25, 8, 8, 8, 8, 25, 25, 8, 8, 8, 8, 8, 25, 25, 25, 8, 8, 8]]},
 "pbc": {"__ndarray__": [[3], "bool", [true, true, true]]},
 "positions": {"__ndarray__": [[74, 3],