{"1": {
 "calculator": "vasp",
 "calculator_parameters": {"amix": 0.1, "amix_mag": 0.1, "bmix": 0.0001, "bmix_mag": 0.0001, "encut": 500, "sigma": 0.05, "ediff": 1e-05, "ediffg": -0.02, "algo": "Normal", "gga": "PE", "prec": "Normal", "ibrion": 2, "isif": 2, "ismear": 0, "ispin": 2, "istart": 1, "ldauprint": 2, "ldautype": 2, "lmaxmix": 4, "lorbit": 11, "nelm": 250, "npar": 6, "nsw": 199, "inimix": 0, "laechg": true, "lasph": true, "ldau": true, "lvtot": false, "lreal": "Auto", "ldau_luj": {"Mn": {"L": 2, "U": 2.75, "J": 0.0}, "O": {"L": -1, "U": 0.0, "J": 0.0}, "H": {"L": -1, "U": 0.0, "J": 0.0}}, "pp": "pbe", "txt": "-", "kpts": [3, 1, 1], "gamma": true, "reciprocal": false, "ignore_constraints": false, "custom": {}},
 "cell": {"array": {"__ndarray__": [[3, 3], "float64", [5.801699045203386, 0.0, 0.0, 0.0, 13.912083661090438, 0.0, 0.0, 0.0, 25.60045922505258]]}, "__ase_objtype__": "cell"},
 "constraints": [{"name": "FixAtoms", "kwargs": {"indices": [0, 1, 2, 3, 4, 5, 6, 7, 8, 9, 10, 11, 12, 13, 14, 15, 37, 38, 39, 40, 41, 42, 43, 44, 45, 46, 47, 48, 49, 50, 51, 52]}}],
 "ctime": 25.66284105441934,
 "dipole": {"__ndarray__": [[1, 3], "float64", [0.0, 0.0, 0.0]]},
 "energy": -533.49795878,
 "forces": {"__ndarray__": [[74, 3], "float64", [0.0, -0.63217798, 1.03476146, 0.0, -0.66055924, 1.07476527, -0.0, -0.30190115, -1.23121585, 0.0, -0.35045822, -1.17516598, -0.0, -0.13830001, -0.35800043, -0.0, -0.01601185, -0.33871599, 0.0, 0.9584168, -0.12615272, 0.0, 0.96892086, -0.14766971, 0.0, -0.09889569, 0.40868556, -0.0, 0.04110821, 0.57003018, 0.0, -0.11668086, 0.46722397, -0.0, 0.0344339, 0.33775686, 0.0, -0.02832858, -0.30948277, -0.0, -0.01361654, -0.18718546, 0.0, 0.13364114, 0.02247286, 0.0, 0.21652664, -0.00917566, 0.0, 0.00313164, 0.00512788, -0.0, 0.00226699, 0.00298829, 0.0, -0.00909228, 0.00778052, 0.0, 0.00682494, 0.00152677, 0.0, 0.00424897, -0.00158542, 0.0, -0.01483226, -0.0121065, -0.0, -0.00118125, -0.00847067, -0.0, 0.00756792, -0.01129338, 0.0, 0.00419981, -0.00230682, -0.0, 0.00577613, -0.01023045, -0.0, 0.00056667, -0.00100015, -0.0, 0.00784371, -0.00707473, 0.0, 0.00243867, -0.00845696, 0.0, -0.00691053, -0.00274461, -0.0, 0.00858797, 0.00448726, -0.0, 0.00918957, -0.00059407, 0.0, 0.00882823, 0.01592599, 0.0, -0.00163447, -0.01568536, -0.0, -0.01873466, 0.00246923, -0.0, -0.00877539, 0.0009666, -0.0, -0.00642783, 0.00734498, 0.0, -0.63217798, 1.03476146, 0.0, -0.66055924, 1.07476527, -0.0, -0.30190115, -1.23121585, 0.0, -0.35045822, -1.17516598, -0.0, -0.13830001, -0.35800043, -0.0, -0.01601185, -0.33871599, -0.0, 0.9584168, -0.12615272, -0.0, 0.96892086, -0.14766971, 0.0, -0.09889569, 0.40868556, 0.0, 0.04110821, 0.57003018, 0.0, -0.11668086, 0.46722397, 0.0, 0.0344339, 0.33775686, 0.0, -0.02832858, -0.30948277, -0.0, -0.01361654, -0.18718546, -0.0, 0.13364114, 0.02247286, 0.0, 0.21652664, -0.00917566, -0.0, 0.00313164, 0.00512788, 0.0, 0.00226699, 0.00298829, 0.0, -0.00909228, 0.00778052, 0.0, 0.00682494, 0.00152677, -0.0, 0.00424897, -0.00158542, -0.0, -0.01483226, -0.0121065, -0.0, -0.00118125, -0.00847067, -0.0, 0.00756792, -0.01129338, 0.0, 0.00419981, -0.00230682, 0.0, 0.00577613, -0.01023045, 0.0, 0.00056667, -0.00100015, 0.0, 0.00784371, -0.00707473, 0.0, 0.00243867, -0.00845696, -0.0, -0.00691053, -0.00274461, -0.0, 0.00858797, 0.00448726, -0.0, 0.00918957, -0.00059407, 0.0, 0.00882823, 0.01592599, 0.0, -0.00163447, -0.01568536, 0.0, -0.01873466, 0.00246923, 0.0, -0.00877539, 0.0009666, -0.0, -0.00642783, 0.00734498]]},
 "free_energy": -533.51308077,
 "initial_magmoms": {"__ndarray__": [[74], "float64", [3.0, -3.0, 0.0, 0.0, 0.0, 0.0, 0.0, 0.0, -3.0, 3.0, 3.0, -3.0, 0.0, 0.0, 0.0, 0.0, 0.0, 0.0, -3.0, 3.0, 0.0, 0.0, 0.0, 0.0, 3.0, -3.0, 0.0, 0.0, 0.0, 0.0, 0.0, 3.0, 3.0, -3.0, 0.0, 0.0, 0.0, 3.0, -3.0, 0.0, 0.0, 0.0, 0.0, 0.0, 0.0, -3.0, 3.0, 3.0, -3.0, 0.0, 0.0, 0.0, 0.0, 0.0, 0.0, -3.0, 3.0, 0.0, 0.0, 0.0, 0.0, 3.0, -3.0, 0.0, 0.0, 0.0, 0.0, 0.0, 3.0, 3.0, -3.0, 0.0, 0.0, 0.0]]},
 "magmom": 6.6158045,
 "magmoms": {"__ndarray__": [[74], "float64", [4.227, -4.223, -0.012, 0.015, -0.017, 0.022, 0.013, -0.014, -2.892, 2.89, 2.873, -2.882, 0.025, -0.022, 0.014, -0.01, 0.003, 0.006, -2.94, 2.946, -0.031, 0.028, 0.011, -0.013, 2.914, -2.932, -0.01, -0.155, 0.053, 0.012, -0.025, 2.898, 3.67, -3.06, -0.025, 0.056, -0.204, 4.227, -4.223, -0.012, 0.015, -0.017, 0.022, 0.013, -0.014, -2.892, 2.89, 2.873, -2.882, 0.025, -0.022, 0.014, -0.01, 0.003, 0.006, -2.94, 2.946, -0.031, 0.028, 0.011, -0.013, 2.914, -2.932, -0.01, -0.155, 0.053, 0.012, -0.025, 2.898, 3.67, -3.06, -0.025, 0.056, -0.204]]},
 "mtime": 25.66284105441934,
 "numbers": {"__ndarray__": [[74], "int64", [25, 25, 8, 8, 8, 8, 8, 8, 25, 25, 25, 25, 8, 8, 8, 8, 8, 8, 25, 25, 8, 8, 8, 8, 25, 25, 8, 8, 8, 8, 8, 25, 25, 25, 8, 8, 8, 25, 25, 8, 8, 8, 8, 8, 8, 25, 25, 25, 25, 8, 8, 8, 8, 8, 8, 25, 25, 8, 8, 8, 8, 25, 25, 8, 8, 8, 8, 8, 25, 25, 25, 8, 8, 8]]},
 "pbc": {"__ndarray__": [[3], "bool", [true, true, true]]},
 "positions": {"__ndarray__": [[74, 3],