{"1": {
 "calculator": "vasp",
 "calculator_parameters": {"amix": 0.1, "amix_mag": 0.1, "bmix": 0.0001, "bmix_mag": 0.0001, "encut": 500, "sigma": 0.05, "ediff": 1e-05, "ediffg": -0.02, "algo": "Normal", "gga": "PE", "prec": "Normal", "ibrion": 2, "isif": 2, "ismear": 0, "ispin": 2, "istart": 1, "ldauprint": 2, "ldautype": 2, "lmaxmix": 4, "lorbit": 11, "nelm": 250, "npar": 6, "nsw": 199, "inimix": 0, "laechg": true, "lasph": true, "ldau": true, "lvtot": false, "lreal": "Auto", "ldau_luj": {"Mn": {"L": 2, "U": 2.75, "J": 0.0}, "O": {"L": -1, "U": 0.0, "J": 0.0}, "H": {"L": -1, "U": 0.0, "J": 0.0}}, "pp": "pbe", "txt": "-", "kpts": [3, 1, 1], "gamma": true, "reciprocal": false, "ignore_constraints": false, "custom": {}},
 "cell": {"array": {"__ndarray__": [[3, 3], "float64", [5.801699045, 0.0, 0.0, 0.0, 13.912083661, 0.0, 0.0, 0.0, 25.600459225]]}, "__ase_objtype__": "cell"},
 "constraints": [{"name": "FixAtoms", "kwargs": {"indices": [0, 1, 2, 3, 4, 5, 13, 14, 15, 16, 17, 18, 26, 27, 28, 29, 30, 31, 32, 33, 34, 35, 52, 53, 54, 55, 56, 57, 58, 59, 60, 61]}}],
 "ctime": 25.664927117823012,
 "dipole": {"__ndarray__": [[1, 3], "float64", [0.0, 0.0, 0.0]]},
 "energy": -549.15572917,
 "forces": {"__ndarray__": [[78, 3], "float64", [0.0, -0.61840304, 0.97494494, -0.0, -0.64385202, 1.05409695, 0.0, -0.13725539, 0.28385158, -0.0, 0.11443311, 0.55367379, -0.0, -0.14780234, 0.43505822, 0.0, 0.11305657, 0.24770989, 0.0, -0.00107386, 0.00014943, 0.0, 0.00568715, -0.00304429, -0.0, -0.00389412, 0.00191547, -0.0, 0.00021816, 0.00464053, -0.0, -0.00799763, 0.00545192, -0.0, -0.0121247, 0.00717725, 0.0, 0.00219411, -0.00951848, -0.0, -0.61840304, 0.97494494, -0.0, -0.64385202, 1.05409695, -0.0, -0.13725539, 0.28385158, -0.0, 0.11443311, 0.55367379, 0.0, -0.14780234, 0.43505822, -0.0, 0.11305657, 0.24770989, -0.0, -0.00107386, 0.00014943, 0.0, 0.00568715, -0.00304429, -0.0, -0.00389412, 0.00191547, 0.0, 0.00021816, 0.00464053, 0.0, -0.00799763, 0.00545192, -0.0, -0.0121247, 0.00717725, -0.0, 0.00219411, -0.00951848, -0.0, -0.35259054, -1.18945839, -0.0, -0.41174364, -1.09996683, -0.0, -0.18508725, -0.34121629, -0.0, 0.04399369, -0.31475484, -0.0, 0.98191528, -0.08360654, -0.0, 0.99618936, -0.15781014, -0.0, -0.09115066, -0.28456632, 0.0, 0.01891368, -0.11100248, 0.0, 0.09653585, 0.03938598, -0.0, 0.23876571, -0.00581333, -0.0, 0.00660772, -0.00058188, 0.0, -0.00014787, -0.0026951, -0.0, -0.00603597, -0.0045361, 0.0, 0.00385272, 0.00471804, 0.0, 0.00175531, -0.00046509, -0.0, 0.00584266, -0.0025999, 0.0, -0.00110764, -0.01407997, -0.0, -0.00529723, 0.01355918, -0.0, -0.00294401, -0.00154123, 0.0, -0.00699279, 0.00466629, -0.0, -0.0042464, 0.01725787, -0.0, 0.00163892, -0.01313704, 0.0, -0.00387925, 0.00019926, -0.0, -0.00235316, 0.00284746, -0.0, 0.00257596, -0.01154787, 0.0, 0.01180357, 0.00063805, 0.0, -0.35259054, -1.18945839, -0.0, -0.41174364, -1.09996683, -0.0, -0.18508725, -0.34121629, 0.0, 0.04399369, -0.31475484, 0.0, 0.98191528, -0.08360654, -0.0, 0.99618936, -0.15781014, -0.0, -0.09115066, -0.28456632, 0.0, 0.01891368, -0.11100248, -0.0, 0.09653585, 0.03938598, -0.0, 0.23876571, -0.00581333, -0.0, 0.00660772, -0.00058188, 0.0, -0.00014787, -0.0026951, -0.0, -0.00603597, -0.0045361, 0.0, 0.00385272, 0.00471804, 0.0, 0.00175531, -0.00046509, -0.0, 0.00584266, -0.0025999, -0.0, -0.00110764, -0.01407997, -0.0, -0.00529723, 0.01355918, -0.0, -0.00294401, -0.00154123, -0.0, -0.00699279, 0.00466629, -0.0, -0.0042464, 0.01725787, -0.0, 0.00163892, -0.01313704, -0.0, -0.00387925, 0.00019926, -0.0, -0.00235316, 0.00284746, -0.0, 0.00257596, -0.01154787, -0.0, 0.01180357, 0.00063805]]},
 "free_energy": -549.1672013,
 "initial_magmoms": {"__ndarray__": [[78], "float64", [4.233, -4.226, -2.891, 2.886, 2.867, -2.886, -2.931, 2.934, 2.905, -2.956, 2.933, 2.197, -2.529, 4.233, -4.226, -2.891, 2.886, 2.867, -2.886, -2.931, 2.934, 2.905, -2.956, 2.933, 2.197, -2.529, -0.013, 0.018, -0.015, 0.025, 0.01, -0.013, 0.023, -0.019, 0.016, -0.008, 0.005, 0.009, -0.024, 0.024, 0.014, -0.012, -0.024, -0.191, -0.04, -0.002, -0.047, -0.353, 0.014, -0.132, 0.753, -0.388, -0.013, 0.018, -0.015, 0.025, 0.01, -0.013, 0.023, -0.019, 0.016, -0.008, 0.005, 0.009, -0.024, 0.024, 0.014, -0.012, -0.024, -0.191, -0.04, -0.002, -0.047, -0.353, 0.014, -0.132, 0.753, -0.388]]},
 "magmom": 4.5059238,
 "magmoms": {"__ndarray__": [[78], "float64", [4.235, -4.226, -2.89, 2.885, 2.867, -2.887, -2.934, 2.933, 2.912, -2.952, 2.929, 2.172, -2.472, 4.235, -4.226, -2.89, 2.885, 2.867, -2.887, -2.934, 2.933, 2.912, -2.952, 2.929, 2.172, -2.472, -0.013, 0.019, -0.014, 0.025, 0.01, -0.013, 0.024, -0.019, 0.016, -0.008, 0.005, 0.009, -0.025, 0.024, 0.014, -0.013, -0.022, -0.174, -0.029, -0.002, -0.047, -0.342, 0.021, -0.131, 0.724, -0.372, -0.013, 0.019, -0.014, 0.025, 0.01, -0.013, 0.024, -0.019, 0.016, -0.008, 0.005, 0.009, -0.025, 0.024, 0.014, -0.013, -0.022, -0.174, -0.029, -0.002, -0.047, -0.342, 0.021, -0.131, 0.724, -0.372]]},
 "mtime": 25.664927117823012,
 "numbers": {"__ndarray__": [[78], "int64", [25, 25, 25, 25, 25, 25, 25, 25, 25, 25, 25, 25, 25, 25, 25, 25, 25, 25, 25, 25, 25, 25, 25, 25, 25, 25, 8, 8, 8, 8, 8, 8, 8, 8, 8, 8, 8, 8, 8, 8, 8, 8, 8, 8, 8, 8, 8, 8, 8, 8, 8, 8, 8, 8, 8, 8, 8, 8, 8, 8, 8, 8, 8, 8, 8, 8, 8, 8, 8, 8, 8, 8, 8, 8, 8, 8, 8, 8]]},
 "pbc": {"__ndarray__": [[3], "bool", [true, true, true]]},
 "positions": {"__ndarray__": [[78, 3],