{"1": {
 "calculator": "vasp",
 "calculator_parameters": {"amix": 0.1, "amix_mag": 0.1, "bmix": 0.0001, "bmix_mag": 0.0001, "encut": 500, "sigma": 0.05, "ediff": 1e-05, "ediffg": -0.02, "algo": "Normal", "gga": "PE", "prec": "Normal", "ibrion": 2, "isif": 2, "ismear": 0, "ispin": 2, "istart": 1, "ldauprint": 2, "ldautype": 2, "lmaxmix": 4, "lorbit": 11, "nelm": 250, "npar": 6, "nsw": 199, "inimix": 0, "laechg": true, "lasph": true, "ldau": true, "lvtot": false, "lreal": "Auto", "ldau_luj": {"Mn": {"L": 2, "U": 2.75, "J": 0.0}, "O": {"L": -1, "U": 0.0, "J": 0.0}, "H": {"L": -1, "U": 0.0, "J": 0.0}}, "pp": "pbe", "txt": "-", "kpts": [3, 1, 1], "gamma": true, "reciprocal": false, "ignore_constraints": false, "custom": {}},
 "cell": {"array": {"__ndarray__": [[3, 3], "float64", [5.801699045203386, 0.0, 0.0, 0.0, 13.912083661090438, 0.0, 0.0, 0.0, 25.60045922505258]]}, "__ase_objtype__": "cell"},
 "constraints": [{"name": "FixAtoms", "kwargs": {"indices": [0, 1, 2, 3, 4, 5, 6, 7, 8, 9, 10, 11, 12, 13, 14, 15, 39, 40, 41, 42, 43, 44, 45, 46, 47, 48, 49, 50, 51, 52, 53, 54]}}],
 "ctime": 25.663255701064806,
 "dipole": {"__ndarray__": [[1, 3], "float64", [0.0, 0.0, 0.0]]},
 "energy": -571.98281422,
 "forces": {"__ndarray__": [[82, 3], "float64", [0.00067713, -0.64930979, 1.04296519, 0.00057536, -0.65345271, 1.07294016, 0.00061425, -0.31221779, -1.22511568, 0.00056221, -0.32217288, -1.19977586, 0.00097392, -0.11820686, -0.35651295, -0.00099859, -0.01776561, -0.34036043, -0.00291727, 0.96032905, -0.12243555, -0.00038491, 0.97010714, -0.16633088, 0.00301249, -0.10335827, 0.44390302, 0.00088431, 0.00777106, 0.531152, -0.00170157, -0.07707004, 0.41255759, -0.00915399, 0.03421562, 0.33743163, -0.00302189, -0.08823976, -0.2897696, -0.0128666, 0.0569902, -0.10087849, -0.0008718, 0.15366502, 0.01696601, 0.00028666, 0.20465111, -0.00874426, 0.0055828, 3.533e-05, 0.00123962, -0.00258611, -0.01540482, -0.01104409, -0.00032631, -0.00071259, 0.00320789, -0.00060195, 0.00209099, -0.00317426, 0.00813816, -0.0056596, -0.00134783, -0.00355898, -0.00273146, 0.00277847, 0.00482908, -0.00809243, 0.00740681, -0.00705359, -0.00902921, -0.00929, 0.00046377, -0.00333914, -0.00037561, 0.00047801, -0.00161431, 0.00075992, 0.00415463, -0.00211072, -0.00519501, 0.00341153, -0.00821819, -0.00505233, 0.00256212, 0.00238045, -0.00195729, -0.00272539, 0.00775069, -0.00937564, -0.01187078, 0.00207816, -0.00063784, 0.00600497, 0.00077575, 0.01795823, -0.00797151, 0.00272488, 8.278e-05, 0.00698459, -0.00127456, 0.00037484, 0.00692911, 0.00245386, -0.01752371, 0.00364706, 0.00467779, -5.237e-05, -0.00387264, -0.0021017, 0.00117663, -0.00039127, -0.00041317, 0.00423598, -0.0066135, -0.0076818, -0.00599914, 0.00067713, -0.64930979, 1.04296519, 0.00057536, -0.65345271, 1.07294016, 0.00061425, -0.31221779, -1.22511568, 0.00056221, -0.32217288, -1.19977586, 0.00097392, -0.11820686, -0.35651295, -0.00099859, -0.01776561, -0.34036043, -0.00291727, 0.96032905, -0.12243555, -0.00038491, 0.97010714, -0.16633088, 0.00301249, -0.10335827, 0.44390302, 0.00088431, 0.00777106, 0.531152, -0.00170157, -0.07707004, 0.41255759, -0.00915399, 0.03421562, 0.33743163, -0.00302189, -0.08823976, -0.2897696, -0.0128666, 0.0569902, -0.10087849, -0.0008718, 0.15366502, 0.01696601, 0.00028666, 0.20465111, -0.00874426, 0.0055828, 3.533e-05, 0.00123962, -0.00258611, -0.01540482, -0.01104409, -0.00032631, -0.00071259, 0.00320789, -0.00060195, 0.00209099, -0.00317426, 0.00813816, -0.0056596, -0.00134783, -0.00355898, -0.00273146, 0.00277847, 0.00482908, -0.00809243, 0.00740681, -0.00705359, -0.00902921, -0.00929, 0.00046377, -0.00333914, -0.00037561, 0.00047801, -0.00161431, 0.00075992, 0.00415463, -0.00211072, -0.00519501, 0.00341153, -0.00821819, -0.00505233, 0.00256212, 0.00238045, -0.00195729, -0.00272539, 0.00775069, -0.00937564, -0.01187078, 0.00207816, -0.00063784, 0.00600497, 0.00077575, 0.01795823, -0.00797151, 0.00272488, 8.278e-05, 0.00698459, -0.00127456, 0.00037484, 0.00692911, 0.00245386, -0.01752371, 0.00364706, 0.00467779, -5.237e-05, -0.00387264, -0.0021017, 0.00117663, -0.00039127, -0.00041317, 0.00423598, -0.0066135, -0.0076818, -0.00599914, 0.00736313, -0.00259193, -0.00429066, 0.00736313, -0.00259193, -0.00429066, 0.01135337, 7.225e-05, -0.01189735, 0.01135337, 7.225e-05, -0.01189735]]},
 "free_energy": -571.99972089,
 "initial_magmoms": {"__ndarray__": [[82], "float64", [3.0, -3.0, 0.0, 0.0, 0.0, 0.0, 0.0, 0.0, -3.0, 3.0, 3.0, -3.0, 0.0, 0.0, 0.0, 0.0, 0.0, 0.0, -3.0, 3.0, 0.0, 0.0, 0.0, 0.0, 3.0, -3.0, 0.0, 0.0, 0.0, 0.0, 0.0, 3.0, 3.0, -3.0, 0.0, 0.0, 0.0, 0.0, 0.0, 3.0, -3.0, 0.0, 0.0, 0.0, 0.0, 0.0, 0.0, -3.0, 3.0, 3.0, -3.0, 0.0, 0.0, 0.0, 0.0, 0.0, 0.0, -3.0, 3.0, 0.0, 0.0, 0.0, 0.0, 3.0, -3.0, 0.0, 0.0, 0.0, 0.0, 0.0, 3.0, 3.0, -3.0, 0.0, 0.0, 0.0, 0.0, 0.0, 0.0, 0.0, 0.0, 0.0]]},
 "magmom": 2.6219886,
 "magmoms": {"__ndarray__": [[82], "float64", [4.226, -4.223, -0.011, 0.013, -0.019, 0.022, 0.013, -0.014, -2.894, 2.89, 2.872, -2.88, 0.02, -0.023, 0.013, -0.01, 0.002, 0.005, -2.94, 2.95, -0.032, 0.022, 0.004, -0.01, 2.832, -2.931, -0.033, -0.329, -0.045, -0.038, -0.039, 2.916, 2.864, -2.902, -0.294, -0.013, -0.175, -0.195, -0.111, 4.226, -4.223, -0.011, 0.013, -0.019, 0.022, 0.013, -0.014, -2.894, 2.89, 2.872, -2.88, 0.02, -0.023, 0.013, -0.01, 0.002, 0.005, -2.94, 2.95, -0.032, 0.022, 0.004, -0.01, 2.832, -2.931, -0.033, -0.329, -0.045, -0.038, -0.039, 2.916, 2.864, -2.902, -0.294, -0.013, -0.175, -0.195, -0.111, 0.009, 0.009, -0.004, -0.004]]},
 "mtime": 25.663255701064806,
 "numbers": {"__ndarray__": [[82], "int64", [25, 25, 8, 8, 8, 8, 8, 8, 25, 25, 25, 25, 8, 8, 8, 8, 8, 8, 25, 25, 8, 8, 8, 8, 25, 25, 8, 8, 8, 8, 8, 25, 25, 25, 8, 8, 8, 8, 8, 25, 25, 8, 8, 8, 8, 8, 8, 25, 25, 25, 25, 8, 8, 8, 8, 8, 8, 25, 25, 8, 8, 8, 8, 25, 25, 8, 8, 8, 8, 8, 25, 25, 25, 8, 8, 8, 8, 8, 1, 1, 1, 1]]},
 "pbc": {"__ndarray__": [[3], "bool", [true, true, true]]},
 "positions": {"__ndarray__": [[82, 3],