{"1": {
 "calculator": "vasp",
 "calculator_parameters": {"amix": 0.1, "amix_mag": 0.1, "bmix": 0.0001, "bmix_mag": 0.0001, "encut": 500, "sigma": 0.05, "ediff": 1e-05, "ediffg": -0.02, "algo": "Normal", "gga": "PE", "prec": "Normal", "ibrion": 2, "isif": 2, "ismear": 0, "ispin": 2, "istart": 1, "ldauprint": 2, "ldautype": 2, "lmaxmix": 4, "lorbit": 11, "nelm": 250, "npar": 6, "nsw": 199, "inimix": 0, "laechg": true, "lasph": true, "ldau": true, "lvtot": false, "lreal": "Auto", "ldau_luj": {"Mn": {"L": 2, "U": 2.75, "J": 0.0}, "O": {"L": -1, "U": 0.0, "J": 0.0}, "H": {"L": -1, "U": 0.0, "J": 0.0}}, "pp": "pbe", "txt": "-", "kpts": [3, 1, 1], "gamma": true, "reciprocal": false, "ignore_constraints": false, "custom": {}},
 "cell": {"array": {"__ndarray__": [[3, 3], "float64", [5.801699045203386, 0.0, 0.0, 0.0, 13.912083661090438, 0.0, 0.0, 0.0, 25.60045922505258]]}, "__ase_objtype__": "cell"},
 "constraints": [{"name": "FixAtoms", "kwargs": {"indices": [0, 1, 2, 3, 4, 5, 6, 7, 8, 9, 10, 11, 12, 13, 14, 15, 37, 38, 39, 40, 41, 42, 43, 44, 45, 46, 47, 48, 49, 50, 51, 52]}}],
 "ctime": 25.66331486179594,
 "dipole": {"__ndarray__": [[1, 3], "float64", [0.0, 0.0, 0.0]]},
 "energy": -553.93875692,
 "forces": {"__ndarray__": [[78, 3], "float64", [0.0, -0.50695691, 0.82152326, -0.0, -0.53591908, 0.75569657, -0.0, -0.72766457, -0.76900084, 0.0, -0.74144329, -0.80981328, 0.0, 0.02307361, -0.26362886, -0.0, -0.20245283, -0.2651664, -0.0, 1.05511018, -0.03507654, 0.0, 1.03721397, 0.10089168, -0.0, 0.31258038, 0.1581515, -0.0, 0.07637536, -0.03162819, 0.0, -0.05321102, 0.4515919, 0.0, -0.12434837, 0.41037338, 0.0, 0.06299033, -0.30216231, -0.0, -0.01963468, -0.26327178, 0.0, 0.20631616, 0.02131558, 0.0, 0.08198689, 0.04660253, -0.0, -0.00392121, -0.00693787, 0.0, -0.00694494, -0.01038603, -0.0, 0.00395681, 0.00178477, 0.0, -0.00186832, 0.00200959, 0.0, 0.00092443, -0.0047708, 0.0, 0.00246617, -0.00218142, -0.0, 0.00481516, -0.00420329, -0.0, 0.00323838, -0.00719578, -0.0, 0.00656552, 0.00419094, -0.0, 0.00730234, 0.00284003, 0.0, -0.00198482, -0.01370867, -0.0, 0.00546559, 0.00532114, -0.0, 0.00643644, -0.01185079, -0.0, 0.00964949, 0.00337716, 0.0, -0.00109921, 0.007949, 0.0, 0.00395683, 0.00586154, 0.0, 0.00591192, 0.00612685, 0.0, 0.00447116, -0.00235505, -0.0, -0.01764479, 0.00516777, -0.0, 0.01590471, 0.00361333, 0.0, 0.0099102, -0.00030021, 0.0, -0.50695691, 0.82152326, -0.0, -0.53591908, 0.75569657, -0.0, -0.72766457, -0.76900084, 0.0, -0.74144329, -0.80981328, -0.0, 0.02307361, -0.26362886, -0.0, -0.20245283, -0.2651664, 0.0, 1.05511018, -0.03507654, 0.0, 1.03721397, 0.10089168, 0.0, 0.31258038, 0.1581515, 0.0, 0.07637536, -0.03162819, -0.0, -0.05321102, 0.4515919, 0.0, -0.12434837, 0.41037338, 0.0, 0.06299033, -0.30216231, 0.0, -0.01963468, -0.26327178, -0.0, 0.20631616, 0.02131558, -0.0, 0.08198689, 0.04660253, -0.0, -0.00392121, -0.00693787, -0.0, -0.00694494, -0.01038603, -0.0, 0.00395681, 0.00178477, 0.0, -0.00186832, 0.00200959, 0.0, 0.00092443, -0.0047708, -0.0, 0.00246617, -0.00218142, -0.0, 0.00481516, -0.00420329, -0.0, 0.00323838, -0.00719578, 0.0, 0.00656552, 0.00419094, -0.0, 0.00730234, 0.00284003, -0.0, -0.00198482, -0.01370867, -0.0, 0.00546559, 0.00532114, 0.0, 0.00643644, -0.01185079, 0.0, 0.00964949, 0.00337716, -0.0, -0.00109921, 0.007949, 0.0, 0.00395683, 0.00586154, 0.0, 0.00591192, 0.00612685, 0.0, 0.00447116, -0.00235505, 0.0, -0.01764479, 0.00516777, 0.0, 0.01590471, 0.00361333, -0.0, 0.0099102, -0.00030021, 0.0, -0.00850322, 0.00090341, 0.0, -0.00850322, 0.00090341, 0.0, 0.00697521, -0.0116538, 0.0, 0.00697521, -0.0116538]]},
 "free_energy": -553.95168927,
 "initial_magmoms": {"__ndarray__": [[78], "float64", [3.0, -3.0, 0.0, 0.0, 0.0, 0.0, 0.0, 0.0, -3.0, 3.0, 3.0, -3.0, 0.0, 0.0, 0.0, 0.0, 0.0, 0.0, -3.0, 3.0, 0.0, 0.0, 0.0, 0.0, 3.0, -3.0, 0.0, 0.0, 0.0, 0.0, 0.0, -3.0, 3.0, -3.0, 0.0, 0.0, 0.0, 3.0, -3.0, 0.0, 0.0, 0.0, 0.0, 0.0, 0.0, -3.0, 3.0, 3.0, -3.0, 0.0, 0.0, 0.0, 0.0, 0.0, 0.0, -3.0, 3.0, 0.0, 0.0, 0.0, 0.0, 3.0, -3.0, 0.0, 0.0, 0.0, 0.0, 0.0, -3.0, 3.0, -3.0, 0.0, 0.0, 0.0, 0.0, 0.0, 0.0, 0.0]]},
 "magmom": -10.2206717,
 "magmoms": {"__ndarray__": [[78], "float64", [4.257, -4.262, -0.039, 0.035, -0.021, 0.005, 0.005, -0.002, -2.872, 2.858, 2.906, -2.878, 0.018, -0.011, 0.014, -0.022, 0.01, -0.012, -2.944, 2.907, -0.04, 0.032, 0.041, -0.003, 2.882, -3.614, 0.019, 0.047, -0.113, 0.138, 0.025, -3.455, 2.992, -3.743, -0.029, 0.032, -0.009, 4.257, -4.262, -0.039, 0.035, -0.021, 0.005, 0.005, -0.002, -2.872, 2.858, 2.906, -2.878, 0.018, -0.011, 0.014, -0.022, 0.01, -0.012, -2.944, 2.907, -0.04, 0.032, 0.041, -0.003, 2.882, -3.614, 0.019, 0.047, -0.113, 0.138, 0.025, -3.455, 2.992, -3.743, -0.029, 0.032, -0.009, -0.005, -0.005, 0.005, 0.005]]},
 "mtime": 25.66331486179594,
 "numbers": {"__ndarray__": [[78], "int64", [25, 25, 8, 8, 8, 8, 8, 8, 25, 25, 25, 25, 8, 8, 8, 8, 8, 8, 25, 25, 8, 8, 8, 8, 25, 25, 8, 8, 8, 8, 8, 25, 25, 25, 8, 8, 8, 25, 25, 8, 8, 8, 8, 8, 8, 25, 25, 25, 25, 8, 8, 8, 8, 8, 8, 25, 25, 8, 8, 8, 8, 25, 25, 8, 8, 8, 8, 8, 25, 25, 25, 8, 8, 8, 1, 1, 1, 1]]},
 "pbc": {"__ndarray__": [[3], "bool", [true, true, true]]},
 "positions": {"__ndarray__": [[78, 3],