{"1": {
 "calculator": "vasp",
 "calculator_parameters": {"amix": 0.1, "amix_mag": 0.1, "bmix": 0.0001, "bmix_mag": 0.0001, "encut": 500, "sigma": 0.05, "ediff": 1e-05, "ediffg": -0.02, "algo": "normal", "gga": "PE", "prec": "Normal", "ibrion": 2, "isif": 2, "ismear": 0, "ispin": 2, "istart": 1, "kpar": 10, "ldauprint": 2, "ldautype": 2, "lmaxmix": 6, "lorbit": 11, "nelm": 250, "npar": 6, "nsw": 199, "inimix": 0, "laechg": true, "lasph": true, "ldau": true, "lvtot": false, "lreal": "Auto", "ldau_luj": {"Ti": {"L": 2, "U": 3.0, "J": 0.0}, "V": {"L": 2, "U": 3.25, "J": 0.0}, "Cr": {"L": 2, "U": 3.5, "J": 0.0}, "Mn": {"L": 2, "U": 2.75, "J": 0.0}, "Fe": {"L": 2, "U": 4.3, "J": 0.0}, "Co": {"L": 2, "U": 3.32, "J": 0.0}, "Ni": {"L": 2, "U": 6.45, "J": 0.0}, "Cu": {"L": 2, "U": 3.0, "J": 0.0}, "Mo": {"L": 2, "U": 4.38, "J": 0.0}, "W": {"L": 2, "U": 6.2, "J": 0.0}, "Ce": {"L": 3, "U": 4.5, "J": 0.0}, "O": {"L": -1, "U": 0.0, "J": 0.0}, "C": {"L": -1, "U": 0.0, "J": 0.0}, "Au": {"L": -1, "U": 0.0, "J": 0.0}, "Ir": {"L": -1, "U": 0.0, "J": 0.0}, "H": {"L": -1, "U": 0.0, "J": 0.0}}, "xc": "PBE", "pp": "PBE", "setups": {"base": "minimal"}, "txt": "-", "kpts": [3, 1, 1], "gamma": true, "reciprocal": false, "ignore_constraints": false},
 "cell": [[5.835828759, 0.0, 0.0], [0.000127477, 14.04656213, 0.0], [0.0, 0.0, 25.60208127]],
 "constraints": [{"name": "FixAtoms", "kwargs": {"indices": [0, 1, 2, 3, 4, 5, 6, 7, 8, 9, 10, 11, 28, 29, 30, 31, 32, 33, 34, 35, 36, 37, 38, 39, 40, 41, 42, 43, 44, 45, 46, 47]}}],
 "ctime": 23.020776561568837,
 "dipole": [[0.0, 0.0, 0.0]],
 "energy": -604.0682792,
 "forces": [[0.010566, 0.973229, 0.454524], [-0.05409, 0.649771, 0.643901], [-0.010959, 0.993098, 0.489702], [0.049939, 0.670243, 0.679482], [0.05534, -0.262989, -0.590081], [-0.054331, -0.200655, -0.712407], [0.028423, -0.189973, -0.84177], [-0.039289, -0.141252, -0.985666], [-0.149184, -0.113933, -0.426863], [0.145356, 0.013761, -0.405094], [-0.00627, -0.355307, -0.375781], [0.02506, -0.236507, -0.31075], [-0.000901, -0.000413, 0.000574], [0.000441, 0.000748, -0.000999], [-0.00034, 0.000998, 0.000343], [-0.000823, 0.001243, -0.001086], [0.001793, 0.002665, 0.002885], [-0.001197, 0.003659, -0.001155], [0.000933, 0.003892, -0.00291], [0.002153, 0.008136, -0.003272], [0.001805, 0.006441, 0.001937], [-0.001486, 0.00331, -0.000378], [-0.001603, 0.008402, 0.007041], [0.002774, 0.005634, 0.002267], [-0.001766, 0.004071, 0.002772], [-0.005071, -0.00164, 0.000471], [-0.000417, 0.002105, 0.002554], [0.001257, 0.000774, -0.001427], [0.013139, 1.005718, -0.338868], [0.020117, 0.96282, -0.385712], [0.127781, 0.928917, -0.488001], [-0.126516, 0.903084, -0.554644], [0.070218, 0.131154, 0.128759], [-0.085904, 0.053683, 0.155357], [0.018482, -1.647325, 0.759854], [-0.043466, -1.67858, 0.749464], [-0.110947, 0.196441, 0.200253], [0.124373, 0.146036, 0.217563], [-0.045564, -1.496955, 0.569715], [0.068229, -1.498344, 0.607037], [-0.075672, -0.173748, 0.074986], [0.069114, -0.221878, 0.14143], [-0.002276, -0.117169, 0.015793], [0.020811, -0.147411, 0.063828], [-0.207449, 0.165403, 0.133803], [0.204958, 0.092895, 0.137895], [0.42034, 0.254152, 0.089643], [-0.462312, 0.206852, 0.059408], [-0.003688, 0.003118, 0.004438], [0.001027, 0.003295, 0.001929], [0.003007, -0.000303, -4.9e-05], [-0.007839, 0.000881, -0.001618], [0.002409, 0.00105, -0.00146], [-0.003374, -0.00335, 0.006981], [0.002852, -0.004629, -0.001777], [-0.001628, 0.008954, -0.000358], [-0.002013, 0.001099, 0.005027], [-0.001509, -0.008167, 0.003943], [0.00596, 0.010474, -0.002892], [-0.001924, 0.010944, -0.000541], [-0.001161, 0.008722, 0.000652], [0.004581, 0.007064, 0.008334], [-0.002589, -0.000542, -0.007472], [-0.004508, -0.005261, 0.010071], [-0.000673, -0.001046, 0.001312], [0.004202, 0.001926, 0.00538], [-0.000972, 0.006624, 0.010025], [-0.010149, 0.012544, -0.003454], [0.005838, 0.005431, -0.001095], [0.009147, -0.002249, 0.004385], [0.004922, 0.007011, 0.002346], [0.00035, -0.001123, -0.007957], [0.003392, -0.006568, -6.2e-05], [-0.005403, 0.005019, -0.00464], [-0.003323, -0.001057, 0.004984], [0.004692, 0.002329, 0.005019], [0.000633, 0.000417, 0.007132], [0.003987, 0.002924, -0.006795], [0.002888, -0.001697, -0.008104], [-0.004219, -0.004302, -0.001356], [0.000204, 0.004037, -0.000796], [0.000582, 0.005116, 0.000337], [-0.002809, 0.006799, -0.000538], [0.002648, 0.006589, 0.002148], [-0.001112, 0.002669, 0.000145]],
 "initial_magmoms": [-4.203, -4.258, 4.198, 4.254, -2.867, 2.862, -2.83, 2.826, 2.848, -2.843, 3.506, -3.502, 2.937, -2.933, 2.939, -2.933, -2.966, -2.973, 2.966, 2.97, -2.974, 2.955, -2.987, 2.956, 3.714, -3.703, 3.715, -3.696, -0.019, 0.016, -0.023, 0.021, 0.016, -0.02, 0.014, -0.013, -0.001, -0.001, 0.012, -0.012, -0.004, 0.002, -0.009, 0.008, -0.033, 0.03, 0.002, -0.002, 0.008, -0.012, 0.025, -0.027, -0.021, 0.015, -0.02, 0.019, 0.013, -0.015, 0.013, -0.016, -0.021, 0.003, -0.025, 0.004, 0.11, -0.146, -0.012, 0.018, 0.112, -0.086, 0.02, -0.017, 0.036, 0.055, 0.036, -0.039, 0.005, -0.004, -0.004, -0.001, 0.003, -0.003, -0.006, -0.006, 0.006],
 "magmom": -0.0281495,
 "magmoms": [-4.203, -4.258, 4.198, 4.254, -2.867, 2.862, -2.83, 2.825, 2.849, -2.843, 3.505, -3.503, 2.938, -2.933, 2.939, -2.932, -2.968, -2.975, 2.965, 2.97, -2.974, 2.955, -2.987, 2.957, 3.716, -3.704, 3.716, -3.695, -0.019, 0.016, -0.023, 0.02, 0.016, -0.021, 0.013, -0.013, -0.001, -0.001, 0.012, -0.012, -0.004, 0.002, -0.009, 0.007, -0.033, 0.03, 0.002, -0.002, 0.008, -0.012, 0.025, -0.026, -0.021, 0.015, -0.02, 0.019, 0.013, -0.015, 0.014, -0.016, -0.02, 0.003, -0.025, 0.004, 0.11, -0.146, -0.012, 0.018, 0.112, -0.086, 0.02, -0.017, 0.036, 0.054, 0.036, -0.039, 0.005, -0.004, -0.004, -0.001, 0.003, -0.003, -0.006, -0.006, 0.006],
 "mtime": 23.020776561568837,
 "numbers": [25, 25, 25, 25, 25, 25, 25, 25, 25, 25, 25, 25, 25, 25, 25, 25, 25, 25, 25, 25, 25, 25, 25, 25, 25, 25, 25, 25, 8, 8, 8, 8, 8, 8, 8, 8, 8, 8, 8, 8, 8, 8, 8, 8, 8, 8, 8, 8, 8, 8, 8, 8, 8, 8, 8, 8, 8, 8, 8, 8, 8, 8, 8, 8, 8, 8, 8, 8, 8, 8, 8, 8, 8, 8, 8, 8, 8, 8, 8, 8, 19, 19, 1, 1, 1],
 "pbc": [true, true, true],