{"1": {
 "calculator": "vasp",
 "calculator_parameters": {"amix": 0.1, "amix_mag": 0.1, "bmix": 0.0001, "bmix_mag": 0.0001, "encut": 500, "sigma": 0.05, "ediff": 1e-05, "ediffg": -0.02, "algo": "Normal", "gga": "PE", "prec": "Normal", "ibrion": 2, "isif": 2, "ismear": 0, "ispin": 2, "istart": 1, "ldauprint": 2, "ldautype": 2, "lmaxmix": 4, "lorbit": 11, "nelm": 250, "npar": 6, "nsw": 199, "inimix": 0, "laechg": true, "lasph": true, "ldau": true, "lvtot": false, "lreal": "Auto", "ldau_luj": {"Mn": {"L": 2, "U": 2.75, "J": 0.0}, "O": {"L": -1, "U": 0.0, "J": 0.0}, "H": {"L": -1, "U": 0.0, "J": 0.0}}, "pp": "pbe", "txt": "-", "kpts": [3, 1, 1], "gamma": true, "reciprocal": false, "ignore_constraints": false, "custom": {}},
 "cell": {"array": {"__ndarray__": [[3, 3], "float64", [5.835828759, 0.0, 0.0, 0.000127477, 14.04656213, 0.0, 0.0, 0.0, 25.60208127]]}, "__ase_objtype__": "cell"},
 "constraints": [{"name": "FixAtoms", "kwargs": {"indices": [0, 1, 2, 3, 4, 5, 6, 7, 8, 9, 10, 11, 27, 28, 29, 30, 31, 32, 33, 34, 35, 36, 37, 38, 39, 40, 41, 42, 43, 44, 45, 46]}}],
 "ctime": 25.663966220685424,
 "dipole": {"__ndarray__": [[1, 3], "float64", [0.0, 0.0, 0.0]]},
 "energy": -596.06083709,
 "forces": {"__ndarray__": [[85, 3], "float64", [-0.02805932, 1.11789018, 0.43088973, -0.03204149, 0.71388914, 0.68001359, 0.01405846, 1.03913395, 0.44651617, 0.04223787, 0.67828259, 0.65575505, 0.03825082, -0.36697922, -0.61250166, -0.01988672, -0.43973444, -0.42035309, 0.10628074, -0.28279947, -0.80769993, -0.09065641, -0.36077482, -0.64166927, -0.12424671, 0.05946471, -0.15112503, 0.14685707, -0.00996878, -0.21589565, -0.06297418, -0.29688787, -0.28064948, 0.01352621, -0.23204601, -0.19041134, 0.00082843, -0.00090728, -0.00086547, -0.00164558, -0.00046455, -0.0017418, 0.00045381, -0.00179098, -0.00087812, -0.00177036, -0.00123515, -0.00092738, 0.00177311, -0.0022987, -0.00147129, -0.00024957, -0.0023986, -8.774e-05, 0.00022699, -0.003807, -0.0029483, -0.00030358, -0.00424607, -0.00234521, -0.00028457, 0.00062434, -0.00274681, -0.00047638, -0.00034493, 0.00101939, 0.00170287, -0.00102787, -0.00488533, -0.00026942, -0.00231515, -0.00215806, 0.0022684, -0.0043537, 0.00125714, -0.00078054, -0.00245985, -0.00015504, -0.00037984, 0.00258394, -0.00532966, 0.0163981, 0.84845687, -0.48753582, 0.00580775, 0.92049295, -0.40809449, 0.13022978, 0.78945726, -0.64155275, -0.12611477, 0.86490969, -0.5689283, 0.0682588, 0.05025099, 0.08220049, -0.08860264, 0.19016752, 0.09933268, -0.34222012, -1.86150938, 0.98553703, 0.1358617, -1.73318778, 0.90057021, -0.14585679, 0.30609069, 0.20415205, 0.14028496, 0.30860904, 0.14768394, -0.15694436, -1.50475364, 0.65558046, 0.19157299, -1.55903618, 0.60800409, -0.04678103, -0.15134085, -0.01629974, 0.07815403, -0.06716239, -0.19163272, -0.01468922, -0.1219739, -0.06565669, 0.01553923, -0.01256183, -0.24098449, -0.32571561, 0.13692028, 0.02982695, 0.29494627, 0.21933407, 0.06530021, 0.76544933, 0.41629822, -0.01367983, -0.60415717, 0.40036839, -0.00922891, 0.00069474, -0.00031893, -0.0022455, -0.00141882, 0.00895206, -0.00316036, 0.00144436, -0.00284167, 0.00344528, -0.00459316, -0.00043768, -0.00070514, -0.00186772, 0.00281665, 0.00259307, 0.00070376, 0.00027116, -0.00310477, -0.00547341, -0.00532462, -0.00819238, -0.0023594, 0.00090313, 0.00106907, -0.00157948, -0.00213411, -0.00680464, -0.01011843, 0.00057856, -0.00096304, 0.00161163, -0.00409707, -0.00108611, 0.0086047, 0.0012793, 0.00150524, 0.00706504, -0.00416443, 0.00603414, -0.00966019, 0.00391915, 0.00729669, -0.0057227, 9.005e-05, 0.00409889, -0.00458864, 0.00638452, 0.00548467, -0.00051341, -0.00475258, 0.01094731, -0.00155415, -0.00664329, 0.00098751, 0.00929532, -0.00403111, 0.00409757, 2.478e-05, -4.457e-05, -0.00045819, 0.00219237, -0.0014622, -0.00153491, -0.00418198, -0.00437829, 0.00256217, 0.01389632, 0.00165313, -0.0069348, -2.773e-05, -0.00387862, -0.00431892, -0.00291036, 0.00133479, -0.00076454, 0.00562266, 0.01774571, 0.00444021, -0.0014954, -0.00525783, -0.00353386, 0.00488551, -0.0001847, -0.00303952, -0.00077524, 9.07e-05, 0.00359868, 0.00026084, -0.00124273, 0.00687352, 0.00491234, -0.00329539, -0.01485306, -0.00106265, -0.00207253, 0.00692523, 0.00010145, -0.0011671, -0.00194334, 0.00223884, -0.00235987, -0.00078224, 0.00113418, -0.00205284, -0.00243958, 8.101e-05, -0.01048035, -0.00604211, -0.00099736, -0.00059109, 0.00140959, 0.00026905, -0.00766375, -0.00366159]]},
 "free_energy": -596.07830806,
 "initial_magmoms": {"__ndarray__": [[85], "float64", [-4.202, -4.257, 4.199, 4.254, -2.866, 2.863, -2.83, 2.827, 2.852, -2.841, 3.508, -3.505, 2.932, -2.935, 2.944, -2.932, -2.937, -2.943, 2.989, 2.973, -2.975, 2.992, -2.984, 3.729, 3.724, 3.724, -3.708, -0.019, 0.016, -0.022, 0.021, 0.014, -0.02, 0.014, -0.013, -0.001, -0.001, 0.012, -0.012, -0.005, 0.004, -0.008, 0.008, -0.034, 0.03, 0.001, -0.003, 0.008, -0.012, 0.024, -0.027, -0.017, 0.019, -0.021, 0.017, 0.033, -0.016, 0.003, -0.017, -0.012, -0.001, -0.012, -0.001, 0.112, -0.099, -0.013, 0.019, 0.115, -0.1, 0.011, -0.014, 0.038, -0.033, 0.037, -0.033, 0.001, 0.062, -0.001, -0.022, 0.003, -0.003, -0.006, -0.006, 0.006, 0.006]]},
 "magmom": 4.2792266,
 "magmoms": {"__ndarray__": [[85], "float64", [-4.205, -4.252, 4.203, 4.255, -2.871, 2.875, -2.842, 2.842, 2.842, -2.862, 3.353, -3.457, 2.949, -2.966, 2.945, -2.951, -2.951, -2.99, 2.894, 2.9, -2.976, 2.876, -2.987, 2.877, 3.727, 3.724, -2.84, -0.019, 0.019, -0.022, 0.022, 0.024, -0.011, -0.009, -0.002, -0.001, 0.009, 0.015, -0.015, -0.009, 0.014, -0.011, 0.015, -0.029, 0.036, -0.025, 0.013, 0.01, -0.009, 0.022, -0.018, -0.019, 0.031, -0.024, 0.033, 0.016, 0.006, 0.017, -0.008, -0.005, -0.0, -0.009, -0.029, 0.115, 0.009, -0.018, 0.027, 0.116, -0.003, 0.027, -0.019, 0.04, -0.049, 0.04, -0.018, 0.004, -0.168, 0.004, -0.176, 0.003, -0.003, -0.006, -0.006, 0.003, 0.005]]},
 "mtime": 25.663966220685424,
 "numbers": {"__ndarray__": [[85], "int64", [25, 25, 25, 25, 25, 25, 25, 25, 25, 25, 25, 25, 25, 25, 25, 25, 25, 25, 25, 25, 25, 25, 25, 25, 25, 25, 25, 8, 8, 8, 8, 8, 8, 8, 8, 8, 8, 8, 8, 8, 8, 8, 8, 8, 8, 8, 8, 8, 8, 8, 8, 8, 8, 8, 8, 8, 8, 8, 8, 8, 8, 8, 8, 8, 8, 8, 8, 8, 8, 8, 8, 8, 8, 8, 8, 8, 8, 8, 8, 19, 19, 1, 1, 1, 1]]},
 "pbc": {"__ndarray__": [[3], "bool", [true, true, true]]},
 "positions": {"__ndarray__": [[85, 3],