{"1": {
 "calculator": "vasp",
 "calculator_parameters": {"amix": 0.1, "amix_mag": 0.1, "bmix": 0.0001, "bmix_mag": 0.0001, "encut": 500, "sigma": 0.05, "ediff": 1e-05, "ediffg": -0.02, "algo": "normal", "gga": "PE", "prec": "Normal", "ibrion": 2, "isif": 2, "ismear": 0, "ispin": 2, "istart": 1, "kpar": 10, "ldauprint": 2, "ldautype": 2, "lmaxmix": 6, "lorbit": 11, "nelm": 250, "npar": 6, "nsw": 199, "inimix": 0, "laechg": true, "lasph": true, "ldau": true, "lvtot": false, "lreal": "Auto", "ldau_luj": {"Ti": {"L": 2, "U": 3.0, "J": 0.0}, "V": {"L": 2, "U": 3.25, "J": 0.0}, "Cr": {"L": 2, "U": 3.5, "J": 0.0}, "Mn": {"L": 2, "U": 2.75, "J": 0.0}, "Fe": {"L": 2, "U": 4.3, "J": 0.0}, "Co": {"L": 2, "U": 3.32, "J": 0.0}, "Ni": {"L": 2, "U": 6.45, "J": 0.0}, "Cu": {"L": 2, "U": 3.0, "J": 0.0}, "Mo": {"L": 2, "U": 4.38, "J": 0.0}, "W": {"L": 2, "U": 6.2, "J": 0.0}, "Ce": {"L": 3, "U": 4.5, "J": 0.0}, "O": {"L": -1, "U": 0.0, "J": 0.0}, "C": {"L": -1, "U": 0.0, "J": 0.0}, "Au": {"L": -1, "U": 0.0, "J": 0.0}, "Ir": {"L": -1, "U": 0.0, "J": 0.0}, "H": {"L": -1, "U": 0.0, "J": 0.0}}, "xc": "PBE", "pp": "PBE", "setups": {"base": "minimal"}, "txt": "-", "kpts": [3, 1, 1], "gamma": true, "reciprocal": false, "ignore_constraints": false},
 "cell": [[5.835828759, 0.0, 0.0], [0.000127477, 14.04656213, 0.0], [0.0, 0.0, 25.60208127]],
 "constraints": [{"name": "FixAtoms", "kwargs": {"indices": [0, 1, 2, 3, 4, 5, 6, 7, 8, 9, 10, 11, 28, 29, 30, 31, 32, 33, 34, 35, 36, 37, 38, 39, 40, 41, 42, 43, 44, 45, 46, 47]}}],
 "ctime": 23.020915604276194,
 "dipole": [[0.0, 0.0, 0.0]],
 "energy": -608.72837309,
 "forces": [[0.010585, 0.969009, 0.458553], [-0.05413, 0.651562, 0.642641], [-0.014249, 0.985154, 0.489099], [0.04828, 0.667796, 0.676521], [0.078644, -0.256278, -0.561045], [-0.059119, -0.212601, -0.69452], [-0.005156, -0.197492, -0.838102], [-0.038435, -0.14616, -0.964729], [-0.128352, -0.07854, -0.325067], [0.156365, 0.017635, -0.388418], [0.006653, -0.259774, -0.260776], [0.015624, -0.231254, -0.284584], [-0.000989, 0.000663, 0.002141], [0.001757, -0.000451, -0.000985], [0.000441, 0.003582, 0.000115], [0.000144, 0.000434, -0.000799], [0.000839, 0.00112, -0.001844], [-0.000731, 0.002103, -0.001728], [-0.000333, -0.000326, -0.001343], [0.000425, -0.000784, 0.000164], [0.000471, 0.0001, -0.001675], [0.000469, 0.003427, 0.001715], [-0.002179, -0.000956, 0.000553], [0.001216, 0.001307, 0.000376], [-0.00134, 0.000244, -8.9e-05], [0.002422, -0.00183, 0.0043], [0.000691, -0.00035, 2.1e-05], [0.002538, -0.000205, 0.00181], [0.011495, 0.995792, -0.347133], [0.02117, 0.962859, -0.388118], [0.126011, 0.92021, -0.495359], [-0.127825, 0.898876, -0.558297], [0.068087, 0.142968, 0.125558], [-0.085602, 0.06117, 0.150421], [0.030551, -1.629713, 0.767058], [-0.054889, -1.664749, 0.745559], [-0.106436, 0.180686, 0.190057], [0.122163, 0.141332, 0.207206], [-0.046787, -1.489881, 0.582665], [0.074204, -1.491774, 0.631076], [-0.069594, -0.215933, 0.048101], [0.084737, -0.230767, 0.065494], [0.005767, -0.146397, -0.022505], [0.042332, -0.140291, -0.01694], [-0.214793, 0.168548, 0.13188], [0.212559, 0.094398, 0.11311], [0.391823, 0.23503, 0.104079], [-0.455052, 0.203925, 0.037613], [0.000577, 0.002054, 0.001463], [-0.005556, 0.002268, 0.001959], [0.000268, 0.000581, -0.000333], [0.005197, -0.007365, 0.005874], [-0.002093, -0.001491, 0.0034], [-0.001588, 0.002906, -0.001658], [-0.00907, 0.002024, -0.003217], [0.002693, 0.001799, -0.001693], [0.004282, 0.004162, -0.003139], [-0.00432, 0.003857, 9e-06], [0.002113, 0.003045, 0.007905], [-0.005525, 0.002101, -0.004845], [0.006817, 0.002782, 0.008051], [-0.003041, 0.004698, -0.000693], [0.000716, 0.005924, -0.004081], [-0.006129, 0.010174, -0.001123], [-0.001478, 0.002775, -0.002114], [-0.002641, 0.006529, -0.002415], [-0.000464, 0.003747, -0.000787], [-0.006067, 0.003802, 0.000202], [0.000916, 0.005453, -0.002479], [0.001004, 0.004013, -0.006184], [-0.004155, -0.00038, -0.003104], [0.001551, 0.000316, -0.009273], [0.003395, -0.004579, -0.001307], [0.001652, -0.003183, -0.004274], [-0.00062, 0.004594, -0.003548], [-0.000301, 0.002186, 0.00028], [-0.003601, 0.002275, 0.000237], [-0.011578, 0.000955, -0.004771], [-0.003666, 0.001838, -0.00242], [-0.009464, -0.006708, 0.006163], [-0.001402, 0.003774, 0.001521], [0.000917, 0.004579, 0.000305], [-0.002338, 0.002981, -0.000968], [-8.9e-05, 0.008184, 0.002947], [0.000364, 0.001082, 0.001578], [0.00025, 0.002824, -0.001295]],
 "initial_magmoms": [-4.202, -4.257, 4.199, 4.254, -2.866, 2.863, -2.83, 2.827, 2.852, -2.841, 3.508, -3.505, 2.932, -2.935, 2.944, -2.932, -2.937, -2.943, 2.989, 2.973, -2.975, 2.992, -2.984, 3.729, 3.724, -3.708, 3.724, -3.708, -0.019, 0.016, -0.022, 0.021, 0.014, -0.02, 0.014, -0.013, -0.001, -0.001, 0.012, -0.012, -0.005, 0.004, -0.008, 0.008, -0.034, 0.03, 0.001, -0.003, 0.008, -0.012, 0.024, -0.027, -0.017, 0.019, -0.021, 0.017, 0.033, -0.016, 0.003, -0.017, -0.012, -0.001, -0.012, -0.001, 0.112, -0.099, -0.013, 0.019, 0.115, -0.1, 0.011, -0.014, 0.038, -0.033, 0.037, -0.033, 0.001, 0.062, -0.001, -0.022, 0.003, -0.003, -0.006, -0.006, 0.006, 0.006],
 "magmom": 0.9630828,
 "magmoms": [-4.202, -4.258, 4.198, 4.254, -2.866, 2.863, -2.829, 2.826, 2.855, -2.845, 3.515, -3.51, 2.933, -2.933, 2.947, -2.932, -2.941, -2.947, 2.988, 2.968, -2.977, 2.994, -2.985, 3.722, 3.726, -3.709, 3.726, -3.708, -0.018, 0.016, -0.022, 0.02, 0.013, -0.019, 0.014, -0.014, -0.001, -0.001, 0.012, -0.013, -0.005, 0.003, -0.009, 0.008, -0.035, 0.031, 0.002, -0.004, 0.009, -0.012, 0.024, -0.027, -0.017, 0.02, -0.021, 0.018, 0.033, -0.017, 0.003, -0.018, -0.01, -0.0, -0.012, -0.0, 0.112, -0.099, -0.015, 0.02, 0.115, -0.099, 0.012, -0.016, 0.038, -0.033, 0.037, -0.033, 0.002, 0.061, -0.0, -0.022, 0.003, -0.004, -0.006, -0.006, 0.006, 0.006],
 "mtime": 23.020915604276194,
 "numbers": [25, 25, 25, 25, 25, 25, 25, 25, 25, 25, 25, 25, 25, 25, 25, 25, 25, 25, 25, 25, 25, 25, 25, 25, 25, 25, 25, 25, 8, 8, 8, 8, 8, 8, 8, 8, 8, 8, 8, 8, 8, 8, 8, 8, 8, 8, 8, 8, 8, 8, 8, 8, 8, 8, 8, 8, 8, 8, 8, 8, 8, 8, 8, 8, 8, 8, 8, 8, 8, 8, 8, 8, 8, 8, 8, 8, 8, 8, 8, 8, 19, 19, 1, 1, 1, 1],
 "pbc": [true, true, true],