{"1": {
 "calculator": "vasp",
 "calculator_parameters": {"amix": 0.1, "amix_mag": 0.1, "bmix": 0.0001, "bmix_mag": 0.0001, "encut": 500, "sigma": 0.05, "ediff": 1e-05, "ediffg": -0.02, "algo": "Normal", "gga": "PE", "prec": "Normal", "ibrion": 2, "isif": 2, "ismear": 0, "ispin": 2, "istart": 1, "ldauprint": 2, "ldautype": 2, "lmaxmix": 4, "lorbit": 11, "nelm": 250, "npar": 6, "nsw": 199, "inimix": 0, "laechg": true, "lasph": true, "ldau": true, "lvtot": false, "lreal": "Auto", "ldau_luj": {"Mn": {"L": 2, "U": 2.75, "J": 0.0}, "O": {"L": -1, "U": 0.0, "J": 0.0}, "H": {"L": -1, "U": 0.0, "J": 0.0}}, "pp": "pbe", "txt": "-", "kpts": [3, 1, 1], "gamma": true, "reciprocal": false, "ignore_constraints": false, "custom": {}},
 "cell": {"array": {"__ndarray__": [[3, 3], "float64", [5.83582875918556, 0.0, 0.0, 0.0001274773434932, 14.046562130100185, 0.0, 0.0, 0.0, 25.602081270119807]]}, "__ase_objtype__": "cell"},
 "constraints": [{"name": "FixAtoms", "kwargs": {"indices": [0, 1, 2, 3, 4, 5, 6, 7, 8, 9, 10, 11, 12, 13, 14, 15, 16, 17, 18, 19, 20, 21, 22, 23, 24, 25, 26, 27, 28, 29, 30, 31]}}],
 "ctime": 25.663824279837996,
 "dipole": {"__ndarray__": [[1, 3], "float64", [0.0, 0.0, 0.0]]},
 "energy": -565.44186462,
 "forces": {"__ndarray__": [[79, 3], "float64", [-0.02180454, 1.09419608, 0.43858795, -0.04193007, 0.6969727, 0.68479203, 0.02486446, 1.09399444, 0.4231177, 0.03512211, 0.69751333, 0.66713517, 0.0193935, 0.87448259, -0.47118194, 0.00803776, 0.89118456, -0.44101158, 0.13142022, 0.81609699, -0.6130214, -0.12942716, 0.85570516, -0.59446525, 0.07212087, 0.10713359, 0.09238612, -0.0929827, 0.11622369, 0.10150887, -0.27827815, -1.83053337, 0.91140799, 0.30899838, -1.85298162, 0.95702799, -0.14274886, 0.33014906, 0.19829453, 0.15479323, 0.33558651, 0.17609028, -0.21226895, -1.54993353, 0.58985109, 0.17442352, -1.5608695, 0.57454493, 0.04169391, -0.39221025, -0.57073186, -0.14051134, -0.39603465, -0.52864588, 0.08778065, -0.29543683, -0.74985752, 0.00397327, -0.30258523, -0.70679116, -0.1774663, -0.04126203, -0.35258291, 0.15728274, -0.04218459, -0.24529822, -0.03406517, -0.42432363, -0.45152528, 0.04242355, -0.4252822, -0.41991297, -0.02560348, -0.05474046, 0.05285985, 0.0360877, -0.06301199, 0.04396601, -0.02996651, -0.02950936, 0.00171749, 0.01334684, -0.02313337, -0.02667764, -0.27415578, 0.16482921, 0.08935645, 0.30200489, 0.19748628, 0.08936699, 0.69968761, 0.43757253, 0.02319832, -0.74566224, 0.47175442, 0.00873617, -0.00289124, 0.00060037, -0.00131541, -0.00077555, -0.00346128, 0.00391768, -0.00087105, 0.00883973, 0.01075826, -0.01294628, 0.00630448, 0.00658726, 0.00221689, -0.00330521, -0.00188224, 0.00196523, -0.00842137, -0.00158007, 0.00505668, -0.00529685, 0.00021727, 0.00176441, -0.00607688, -0.00479342, -0.00326499, 0.0003324, 0.00178614, 0.00617216, 0.00826067, 0.00581595, -0.01405518, 0.00433689, -0.00365219, -0.00833101, -0.01346824, 0.00697784, -0.00025486, 0.00673021, 0.00283918, -0.00546384, 0.00948177, -0.00536089, -0.00473511, 0.00313212, -0.00785044, -0.00088528, -0.01273437, 0.00172513, -0.00161215, 0.00513999, 0.00419705, -0.00330308, 0.00116018, -0.00274084, -0.002065, 0.00841377, -0.0024111, 0.00261482, 0.0035432, 0.00019156, -0.00413543, -0.00313049, 0.00172903, 0.00305253, -0.01086882, 0.00671915, 0.00137138, 0.01450712, 0.00167716, 0.00359746, -0.01707784, -0.00083535, 0.00032651, 5.364e-05, 0.01503414, -0.00325039, 0.01178373, -0.00076501, 0.0064588, 0.00225518, 0.00866788, -0.00094216, 0.00745728, 0.00445422, -0.00394841, 0.01097646, 4.959e-05, 0.01057135, 0.00965527, -0.01272675, 0.00680948, -0.00020891, 0.00234316, 0.00720293, 0.01289543, -0.00510451, 0.00242843, 0.00848849, 0.00805878, 0.0147049, -0.00024252, 0.01128991, 0.01013983, 0.01006753, -0.00951837, 0.00595871, 0.00236867, 0.00360271, -0.00195719, 0.00470388, 0.00458701, 0.00071557, 0.00186449, 0.00295336, 0.00096002, 0.00160206, 0.00247783, 0.00315172, -0.00332014, -0.01482331, 0.00746303, 0.00533146, 0.00276514, -0.00153197, -0.00886614, 0.01266344, 0.00719811, 0.00985177, -0.00912583, -0.00316136, 0.00601002, 0.00033365, 0.00443961, 0.00368258, -0.01356011, 0.00212955, -0.00476999, 0.00905434, -0.00467255, 0.01456965, 0.00232972]]},
 "free_energy": -565.45893374,
 "initial_magmoms": {"__ndarray__": [[79], "float64", [-2.8000000000000003, -2.9000000000000004, 2.8000000000000003, 2.9000000000000004, 0.0, 0.0, 0.0, 0.0, 0.0, 0.0, 0.0, 0.0, 0.0, 0.0, 0.0, 0.0, -2.9000000000000004, 2.9000000000000004, -2.9000000000000004, 2.9000000000000004, 2.9000000000000004, -2.9000000000000004, 3.6, -3.6, 0.0, 0.0, 0.0, 0.0, 0.0, 0.0, 0.0, 0.0, 0.0, 0.0, 0.0, 0.0, 2.9000000000000004, -2.9000000000000004, 2.9000000000000004, -2.9000000000000004, 0.0, 0.0, 0.0, 0.0, 0.0, 0.0, 0.0, 0.0, 0.0, 0.0, -2.8000000000000003, -2.9000000000000004, 2.8000000000000003, 2.9000000000000004, 0.0, 0.0, 0.0, 0.0, 0.0, 0.0, 0.0, 0.0, 0.0, 0.0, 0.0, 0.0, -2.9000000000000004, 2.9000000000000004, 2.9000000000000004, 2.9000000000000004, -2.9000000000000004, 3.6, -3.6, 0.0, 0.0, 0.0, 0.0, 0.0, 0.0]]},
 "magmom": 1.5874895,
 "magmoms": {"__ndarray__": [[79], "float64", [-4.204, -4.252, 4.206, 4.254, -0.019, 0.02, -0.022, 0.023, 0.022, -0.017, -0.005, 0.007, -0.003, 0.002, 0.014, -0.014, -2.873, 2.874, -2.845, 2.846, 2.839, -2.845, 3.382, -3.374, -0.009, 0.01, -0.011, 0.011, -0.03, 0.031, -0.019, 0.023, 0.01, -0.005, 0.016, -0.015, 2.946, -2.928, 2.947, -2.95, -0.03, 0.023, -0.027, 0.025, 0.004, -0.004, 0.012, -0.042, 0.014, 0.012, -2.938, -2.925, 2.933, 2.938, -0.005, 0.028, -0.007, 0.004, -0.018, 0.032, -0.021, 0.024, -0.019, 0.034, 0.027, -0.013, -3.599, 2.917, 2.905, 2.872, -3.27, 2.872, -3.279, 0.023, 0.023, -0.05, 0.068, 0.001, 0.067]]},
 "mtime": 25.663824279837996,
 "numbers": {"__ndarray__": [[79], "int64", [25, 25, 25, 25, 8, 8, 8, 8, 8, 8, 8, 8, 8, 8, 8, 8, 25, 25, 25, 25, 25, 25, 25, 25, 8, 8, 8, 8, 8, 8, 8, 8, 8, 8, 8, 8, 25, 25, 25, 25, 8, 8, 8, 8, 19, 19, 8, 8, 8, 8, 25, 25, 25, 25, 8, 8, 8, 8, 8, 8, 8, 8, 8, 8, 8, 8, 25, 25, 25, 25, 25, 25, 25, 8, 8, 8, 8, 8, 8]]},
 "pbc": {"__ndarray__": [[3], "bool", [true, true, true]]},
 "positions": {"__ndarray__": [[79, 3],