{"1": {
 "calculator": "vasp",
 "calculator_parameters": {"amix": 0.1, "amix_mag": 0.1, "bmix": 0.0001, "bmix_mag": 0.0001, "encut": 500, "sigma": 0.05, "ediff": 1e-05, "ediffg": -0.02, "algo": "normal", "gga": "PE", "prec": "Normal", "ibrion": 2, "isif": 2, "ismear": 0, "ispin": 2, "istart": 1, "kpar": 10, "ldauprint": 2, "ldautype": 2, "lmaxmix": 6, "lorbit": 11, "nelm": 250, "npar": 6, "nsw": 199, "inimix": 0, "laechg": true, "lasph": true, "ldau": true, "lvtot": false, "lreal": "Auto", "ldau_luj": {"Ti": {"L": 2, "U": 3.0, "J": 0.0}, "V": {"L": 2, "U": 3.25, "J": 0.0}, "Cr": {"L": 2, "U": 3.5, "J": 0.0}, "Mn": {"L": 2, "U": 2.75, "J": 0.0}, "Fe": {"L": 2, "U": 4.3, "J": 0.0}, "Co": {"L": 2, "U": 3.32, "J": 0.0}, "Ni": {"L": 2, "U": 6.45, "J": 0.0}, "Cu": {"L": 2, "U": 3.0, "J": 0.0}, "Mo": {"L": 2, "U": 4.38, "J": 0.0}, "W": {"L": 2, "U": 6.2, "J": 0.0}, "Ce": {"L": 3, "U": 4.5, "J": 0.0}, "O": {"L": -1, "U": 0.0, "J": 0.0}, "C": {"L": -1, "U": 0.0, "J": 0.0}, "Au": {"L": -1, "U": 0.0, "J": 0.0}, "Ir": {"L": -1, "U": 0.0, "J": 0.0}, "H": {"L": -1, "U": 0.0, "J": 0.0}}, "xc": "PBE", "pp": "PBE", "setups": {"base": "minimal"}, "txt": "-", "kpts": [3, 1, 1], "gamma": true, "reciprocal": false, "ignore_constraints": false},
 "cell": [[5.835828759, 0.0, 0.0], [0.000127477, 14.04656213, 0.0], [0.0, 0.0, 25.60208127]],
 "constraints": [{"name": "FixAtoms", "kwargs": {"indices": [0, 1, 2, 3, 4, 5, 6, 7, 8, 9, 10, 11, 28, 29, 30, 31, 32, 33, 34, 35, 36, 37, 38, 39, 40, 41, 42, 43, 44, 45, 46, 47]}}],
 "ctime": 23.01855621612654,
 "dipole": [[0.0, 0.0, 0.0]],
 "energy": -649.96329741,
 "forces": [[0.013474, 0.967264, 0.461931], [-0.053796, 0.64178, 0.65341], [-0.01163, 0.977489, 0.487272], [0.051991, 0.655176, 0.677808], [0.072942, -0.243518, -0.60819], [-0.057298, -0.208036, -0.696819], [0.016226, -0.186346, -0.874918], [-0.031104, -0.151222, -0.970314], [-0.151856, -0.088543, -0.438576], [0.156462, -0.002422, -0.452904], [-0.019047, -0.373703, -0.416591], [0.022441, -0.296149, -0.374036], [-0.00051, -0.001615, -0.004496], [0.002363, 0.002129, -0.000392], [-0.002363, -0.002638, -0.003158], [0.000768, 0.002633, -0.001099], [-0.002712, 0.001514, -5.4e-05], [-0.000803, 0.001628, -0.000536], [0.001004, 0.003812, -0.00374], [-8.6e-05, 0.003969, -0.005002], [0.001843, 0.000637, 0.002255], [0.003671, 0.003932, -0.000644], [0.002783, 0.000376, 0.001309], [-0.001904, 0.004008, 0.000852], [-0.00179, 0.000687, 0.000831], [-0.000519, 0.010125, 0.004833], [0.000352, 0.002875, 0.001387], [-0.000207, 0.006127, 0.001499], [0.012625, 0.990023, -0.358276], [0.020863, 0.963969, -0.385334], [0.129249, 0.915699, -0.502865], [-0.126278, 0.902418, -0.550348], [0.070151, 0.109106, 0.128141], [-0.086551, 0.063711, 0.154022], [0.001089, -1.672886, 0.737225], [-0.033957, -1.692371, 0.72953], [-0.110538, 0.189683, 0.199725], [0.123946, 0.148633, 0.205566], [-0.06052, -1.516827, 0.552289], [0.074085, -1.520452, 0.574224], [-0.061902, -0.138748, 0.167905], [0.055824, -0.138475, 0.158934], [-0.021512, -0.077281, 0.103967], [0.027525, -0.054194, 0.070859], [-0.187613, 0.14511, 0.171152], [0.188572, 0.105587, 0.162516], [0.408544, 0.245397, 0.142733], [-0.45198, 0.224954, 0.07908], [-0.010221, -0.001971, 0.003095], [-0.001043, 0.002404, -0.001379], [0.001935, -0.000284, 0.00474], [-0.004264, -0.005226, -0.007033], [0.003548, 0.007613, 0.00406], [0.006247, 0.005373, -0.004437], [0.000326, -0.000956, -0.003355], [-0.004326, 0.001289, -0.000252], [-0.000743, 0.002223, 0.002861], [0.002018, -0.002538, -0.000615], [-0.001243, 0.002089, 0.001841], [-0.001709, -0.001199, 0.001283], [-0.010977, 0.003136, 0.001119], [0.005216, 0.010438, 0.002206], [0.00351, 0.002297, -0.002903], [-0.000925, 0.004388, -0.003931], [-0.003951, 0.000641, 0.004159], [0.001337, 4.3e-05, -0.006042], [0.000732, 0.006781, 0.006376], [0.003974, 0.010322, -0.004064], [0.003328, 0.005636, 0.004863], [-0.002802, 0.000119, -0.009158], [0.00704, 0.002537, 0.008811], [0.000918, -0.002766, 0.003261], [0.00254, 0.004336, -0.003773], [-0.002017, 0.007975, -0.002237], [-0.000879, 0.01017, 0.000326], [-0.006649, -1.6e-05, 0.005002], [0.005391, 0.004211, -0.000688], [-0.002939, -0.01214, 0.002969], [0.000813, 0.002835, 0.002239], [0.006728, 0.000958, 0.001697], [0.005814, -0.007158, 0.00012], [0.006923, -0.000855, -0.002249], [0.000624, 0.003005, -2.4e-05], [0.001189, 0.006652, -0.01151], [-0.001751, -0.001407, 0.00154], [0.000776, -0.000689, 7.5e-05], [0.008444, 0.003659, 0.002197], [-0.013624, 0.006821, 0.001629], [0.008414, 0.004879, 0.005534], [0.006865, -0.00173, 0.005426], [-0.008235, -0.003626, 0.000441], [0.000845, 0.002208, 0.001428], [-0.004998, 0.002874, -0.002183], [0.005482, -0.010377, 0.003572]],
 "initial_magmoms": [-4.202, -4.257, 4.198, 4.254, -2.867, 2.864, -2.831, 2.827, 2.845, -2.841, 3.496, -3.504, 2.926, -2.927, 2.937, -2.928, -2.906, -2.921, 2.942, 2.93, -2.996, 3.013, -2.996, 3.733, 2.948, -2.978, 2.949, -2.963, -0.019, 0.017, -0.023, 0.021, 0.017, -0.021, 0.012, -0.013, 0.0, -0.002, 0.012, -0.012, -0.001, -0.0, -0.006, 0.005, -0.031, 0.03, 0.001, -0.004, 0.009, -0.013, 0.023, -0.024, -0.016, 0.018, -0.02, 0.021, 0.038, -0.019, 0.007, -0.022, -0.016, -0.001, -0.007, -0.0, 0.028, 0.011, 0.004, 0.012, 0.031, -0.035, 0.006, 0.005, 0.018, -0.031, 0.016, -0.005, -0.016, 0.098, -0.016, 0.016, 0.021, 0.005, 0.024, 0.004, 0.003, -0.003, 0.004, 0.005, -0.005, -0.004, -0.006, -0.007, 0.007, 0.006],
 "magmom": 0.9688673,
 "magmoms": [-4.202, -4.257, 4.198, 4.254, -2.867, 2.864, -2.831, 2.828, 2.845, -2.841, 3.498, -3.503, 2.926, -2.926, 2.936, -2.927, -2.907, -2.922, 2.944, 2.93, -2.996, 3.016, -2.996, 3.735, 2.948, -2.978, 2.949, -2.963, -0.019, 0.017, -0.023, 0.021, 0.017, -0.02, 0.012, -0.013, 0.0, -0.002, 0.012, -0.012, -0.001, -0.0, -0.005, 0.004, -0.032, 0.03, 0.001, -0.003, 0.009, -0.013, 0.023, -0.024, -0.016, 0.018, -0.019, 0.022, 0.039, -0.02, 0.007, -0.022, -0.015, -0.0, -0.006, 0.001, 0.028, 0.005, 0.003, 0.01, 0.033, -0.03, 0.003, 0.004, 0.017, -0.03, 0.014, -0.008, -0.016, 0.098, -0.016, 0.015, 0.022, 0.005, 0.025, 0.004, 0.003, -0.003, 0.004, 0.005, -0.004, -0.004, -0.006, -0.006, 0.007, 0.007],
 "mtime": 23.01855621612654,
 "numbers": [25, 25, 25, 25, 25, 25, 25, 25, 25, 25, 25, 25, 25, 25, 25, 25, 25, 25, 25, 25, 25, 25, 25, 25, 25, 25, 25, 25, 8, 8, 8, 8, 8, 8, 8, 8, 8, 8, 8, 8, 8, 8, 8, 8, 8, 8, 8, 8, 8, 8, 8, 8, 8, 8, 8, 8, 8, 8, 8, 8, 8, 8, 8, 8, 8, 8, 8, 8, 8, 8, 8, 8, 8, 8, 8, 8, 8, 8, 8, 8, 8, 8, 8, 8, 19, 19, 1, 1, 1, 1, 1, 1, 1, 1],
 "pbc": [true, true, true],