{"1": {
 "calculator": "vasp",
 "calculator_parameters": {"amix": 0.1, "amix_mag": 0.1, "bmix": 0.0001, "bmix_mag": 0.0001, "encut": 500, "sigma": 0.05, "ediff": 1e-05, "ediffg": -0.02, "algo": "Normal", "gga": "PE", "prec": "Normal", "ibrion": 2, "isif": 2, "ismear": 0, "ispin": 2, "istart": 1, "ldauprint": 2, "ldautype": 2, "lmaxmix": 4, "lorbit": 11, "nelm": 250, "npar": 6, "nsw": 199, "inimix": 0, "laechg": true, "lasph": true, "ldau": true, "lvtot": false, "lreal": "Auto", "ldau_luj": {"Mn": {"L": 2, "U": 2.75, "J": 0.0}, "O": {"L": -1, "U": 0.0, "J": 0.0}, "H": {"L": -1, "U": 0.0, "J": 0.0}}, "pp": "pbe", "txt": "-", "kpts": [3, 1, 1], "gamma": true, "reciprocal": false, "ignore_constraints": false, "custom": {}},
 "cell": {"array": {"__ndarray__": [[3, 3], "float64", [5.83582875918556, 0.0, 0.0, 0.0001274773434932, 14.046562130100185, 0.0, 0.0, 0.0, 25.602081270119807]]}, "__ase_objtype__": "cell"},
 "constraints": [{"name": "FixAtoms", "kwargs": {"indices": [0, 1, 2, 3, 4, 5, 6, 7, 8, 9, 10, 11, 12, 13, 14, 15, 16, 17, 18, 19, 20, 21, 22, 23, 24, 25, 26, 27, 28, 29, 30, 31]}}],
 "ctime": 25.66411614524594,
 "dipole": {"__ndarray__": [[1, 3], "float64", [0.0, 0.0, 0.0]]},
 "energy": -588.46044885,
 "forces": {"__ndarray__": [[85, 3], "float64", [-0.0759083, 1.25471361, 0.31846532, -0.00928791, 0.75502899, 0.64164058, 0.08078809, 1.23638174, 0.28819481, 0.00711632, 0.73970094, 0.6086233, 0.03271021, 0.79762569, -0.49965393, -0.00023934, 0.84438068, -0.43438656, 0.13506506, 0.78687347, -0.63098275, -0.13133814, 0.85666551, -0.57753355, 0.07663232, 0.11289602, 0.06362316, -0.09186288, 0.16795845, 0.06497794, -0.84631251, -2.13805296, 1.2900594, 0.86733264, -2.14762196, 1.32941848, -0.17752352, 0.50526539, 0.21036667, 0.19117966, 0.5586169, 0.18060857, -0.47223539, -1.66718069, 0.67124917, 0.44668299, -1.6827138, 0.66196388, 0.04861426, -0.67130978, -0.58106535, -0.11584912, -0.7126358, -0.45811996, 0.14817833, -0.50566789, -0.65296239, -0.08021659, -0.54520985, -0.51488717, -0.17745223, -0.02788284, -0.14864907, 0.16593495, -0.14257626, -0.11541687, -0.03718875, -0.56995439, -0.57730687, 0.05466175, -0.66028944, -0.60811139, -0.04205788, 0.12333917, -0.04967465, 0.025539, 0.11041659, -0.05832147, -0.01490483, 0.10212823, -0.09625166, 0.04129597, 0.10445157, -0.13415905, -0.4916952, 0.29213823, -0.00020974, 0.5167387, 0.36028822, 0.00771403, 1.22154188, 0.79729716, -0.07996304, -1.25579119, 0.85954275, -0.08274823, 0.00848359, 0.00310196, 0.00141506, 0.00924354, -0.00695665, -0.00609401, -0.002799, -0.00731995, -0.00753833, -0.00650656, 0.00439904, 0.00024988, -0.00120897, 0.00340654, 0.00202476, 0.00038594, -0.00349529, -0.00362405, -0.00054358, 0.00551289, -0.00365496, 0.00058414, -0.00749373, 0.00141512, -0.00132708, -0.00429348, 0.00414206, -8.293e-05, 0.00840568, -0.00207142, -0.00156338, 0.00791802, -0.00494406, -0.00907808, 0.00366349, 0.01062166, -0.00256645, 0.00538029, 0.00121423, 9.193e-05, 0.00123382, 0.00073846, 0.00853103, -0.00032444, -0.01752407, -0.00484415, 0.0043241, 0.01048597, -0.00056551, 0.0026886, -0.00535949, -0.00663176, 0.00579965, -0.00840162, 0.00334793, 0.00204633, -0.0031469, 0.00103621, 0.00129636, 0.00188831, -0.00023953, 0.00198356, -0.00336922, 0.00269201, 0.00386469, 0.0020413, 0.00178704, 0.00742048, -0.00193079, -0.00961443, -0.00475814, -0.0041516, -0.00906041, 0.00451514, 0.00955813, 0.00682278, 0.00049788, 0.00044473, -0.00564958, 0.00678037, -0.00394117, 0.00511629, -0.00345795, -0.01796939, -0.00596382, -0.00542428, -0.00438605, -0.00926474, -0.00160007, 0.01195571, -0.00244056, 0.01136672, 0.00071943, -0.00760839, 0.00096642, -0.00224704, -0.01270817, 0.00879029, 0.00375197, -0.00284823, -0.00032218, -0.00086331, 0.01607219, 0.00190407, -0.00443364, 0.00077252, -0.000958, 0.0003107, 0.00105954, 0.00084288, 0.00377739, -0.00087385, 0.00478533, -0.00614894, 0.00095895, 0.00404656, 0.00252703, 0.00017848, 0.00710312, -0.00314395, 0.00319693, 0.00242055, 0.001541, -0.00806298, 0.00155668, 0.00441259, -0.00139556, 0.00293622, -0.00239473, -0.01187057, 0.00996343, -0.00656545, -0.00818071, -0.00282114, -0.0014184, 0.00313717, 0.00325966, 0.00536962, -0.00083253, -0.00045844, -0.00424206, 0.00566654, 0.0041882, 0.00705684, 0.00367837, 0.00472921, -0.00606884, 0.00779516, 4.305e-05, 0.01083958, 0.00061734, 0.00161555, 0.00399298, 0.00131129, 0.00749827, 0.00010027, 0.00161619, -0.00718499, -0.00346289]]},
 "free_energy": -588.47582151,
 "initial_magmoms": {"__ndarray__": [[85], "float64", [-2.8000000000000003, -2.9000000000000004, 2.8000000000000003, 2.9000000000000004, 0.0, 0.0, 0.0, 0.0, 0.0, 0.0, 0.0, 0.0, 0.0, 0.0, 0.0, 0.0, -2.9000000000000004, 2.9000000000000004, -2.9000000000000004, 2.9000000000000004, 2.9000000000000004, -2.9000000000000004, 3.6, -3.6, 0.0, 0.0, 0.0, 0.0, 0.0, 0.0, 0.0, 0.0, 0.0, 0.0, 0.0, 0.0, 2.9000000000000004, -2.9000000000000004, 2.9000000000000004, -2.9000000000000004, 0.0, 0.0, 0.0, 0.0, 0.0, 0.0, 0.0, 0.0, 0.0, 0.0, -2.8000000000000003, -2.9000000000000004, 2.8000000000000003, 2.9000000000000004, 0.0, 0.0, 0.0, 0.0, 0.0, 0.0, 0.0, 0.0, 0.0, 0.0, 0.0, 0.0, -2.9000000000000004, 2.9000000000000004, 2.9000000000000004, 2.9000000000000004, -2.9000000000000004, 3.6, -3.6, 0.0, 0.0, 0.0, 0.0, 0.0, 0.0, 0.0, 0.0, 0.0, 0.0, 0.0, 0.0]]},
 "magmom": 2.3840598,
 "magmoms": {"__ndarray__": [[85], "float64", [-4.221, -4.258, 4.225, 4.262, -0.028, 0.03, -0.029, 0.031, 0.025, -0.019, -0.025, 0.024, 0.001, 0.002, 0.009, -0.01, -2.875, 2.879, -2.856, 2.859, 2.83, -2.838, 3.103, -3.1, -0.018, 0.021, -0.013, 0.015, -0.027, 0.03, -0.052, 0.057, 0.003, 0.002, -0.005, 0.009, 2.96, -2.949, 2.96, -2.961, -0.034, 0.034, -0.03, 0.027, 0.004, -0.004, 0.005, -0.03, 0.008, 0.02, -2.929, -2.892, 2.944, 2.939, -0.025, 0.011, -0.018, -0.016, -0.453, -0.063, -0.021, 0.016, -0.485, -0.046, 0.026, -0.147, -1.188, 2.949, 2.956, 2.512, -2.74, 2.777, -2.775, 0.243, -0.197, 0.205, -0.408, -0.213, -0.002, -0.099, 0.026, 0.76, -0.904, 0.763, -0.916]]},
 "mtime": 25.66411614524594,
 "numbers": {"__ndarray__": [[85], "int64", [25, 25, 25, 25, 8, 8, 8, 8, 8, 8, 8, 8, 8, 8, 8, 8, 25, 25, 25, 25, 25, 25, 25, 25, 8, 8, 8, 8, 8, 8, 8, 8, 8, 8, 8, 8, 25, 25, 25, 25, 8, 8, 8, 8, 19, 19, 8, 8, 8, 8, 25, 25, 25, 25, 8, 8, 8, 8, 8, 8, 8, 8, 8, 8, 8, 8, 25, 25, 25, 25, 25, 25, 25, 8, 8, 8, 8, 8, 8, 8, 8, 8, 8, 8, 8]]},
 "pbc": {"__ndarray__": [[3], "bool", [true, true, true]]},
 "positions": {"__ndarray__": [[85, 3],