{"1": {
 "calculator": "vasp",
 "calculator_parameters": {"amix": 0.1, "amix_mag": 0.1, "bmix": 0.0001, "bmix_mag": 0.0001, "encut": 500, "sigma": 0.05, "ediff": 1e-05, "ediffg": -0.02, "algo": "normal", "gga": "PE", "prec": "Normal", "ibrion": 2, "isif": 2, "ismear": 0, "ispin": 2, "istart": 1, "kpar": 10, "ldauprint": 2, "ldautype": 2, "lmaxmix": 6, "lorbit": 11, "nelm": 250, "npar": 6, "nsw": 199, "inimix": 0, "laechg": true, "lasph": true, "ldau": true, "lvtot": false, "lreal": "Auto", "ldau_luj": {"Ti": {"L": 2, "U": 3.0, "J": 0.0}, "V": {"L": 2, "U": 3.25, "J": 0.0}, "Cr": {"L": 2, "U": 3.5, "J": 0.0}, "Mn": {"L": 2, "U": 2.75, "J": 0.0}, "Fe": {"L": 2, "U": 4.3, "J": 0.0}, "Co": {"L": 2, "U": 3.32, "J": 0.0}, "Ni": {"L": 2, "U": 6.45, "J": 0.0}, "Cu": {"L": 2, "U": 3.0, "J": 0.0}, "Mo": {"L": 2, "U": 4.38, "J": 0.0}, "W": {"L": 2, "U": 6.2, "J": 0.0}, "Ce": {"L": 3, "U": 4.5, "J": 0.0}, "O": {"L": -1, "U": 0.0, "J": 0.0}, "C": {"L": -1, "U": 0.0, "J": 0.0}, "Au": {"L": -1, "U": 0.0, "J": 0.0}, "Ir": {"L": -1, "U": 0.0, "J": 0.0}, "H": {"L": -1, "U": 0.0, "J": 0.0}}, "xc": "PBE", "pp": "PBE", "setups": {"base": "minimal"}, "txt": "-", "kpts": [3, 1, 1], "gamma": true, "reciprocal": false, "ignore_constraints": false},
 "cell": [[5.83582875918556, 0.0, 0.0], [0.0001274773434932, 14.046562130100185, 0.0], [0.0, 0.0, 25.602081270119807]],
 "constraints": [{"name": "FixAtoms", "kwargs": {"indices": [0, 1, 2, 3, 4, 5, 6, 7, 8, 9, 10, 11, 12, 13, 14, 15, 16, 17, 18, 19, 20, 21, 22, 23, 24, 25, 26, 27, 28, 29, 30, 31]}}],
 "ctime": 22.87857064403902,
 "dipole": [[0.0, 0.0, 0.0]],
 "energy": -604.61945692,
 "forces": [[-0.047688, 1.167178, 0.379819], [-0.028047, 0.721758, 0.65731], [0.050068, 1.166724, 0.37666], [0.023063, 0.723733, 0.654895], [0.027118, 0.845767, -0.470056], [0.003547, 0.852465, -0.456628], [0.13131, 0.808881, -0.608425], [-0.130003, 0.832156, -0.611639], [0.071153, 0.115074, 0.087305], [-0.090419, 0.103153, 0.100497], [-0.520346, -1.971856, 1.083216], [0.520121, -1.991324, 1.099609], [-0.161745, 0.418187, 0.210508], [0.175503, 0.406617, 0.19651], [-0.303299, -1.611456, 0.605159], [0.291044, -1.619972, 0.608077], [0.045273, -0.503738, -0.545], [-0.047961, -0.50555, -0.546359], [0.119452, -0.372792, -0.67034], [-0.12258, -0.374025, -0.671003], [-0.157089, -0.061939, -0.261688], [0.1615, -0.066343, -0.259601], [-0.046488, -0.49819, -0.517751], [0.048148, -0.505316, -0.525511], [-0.044319, 0.05378, 0.017912], [0.051406, 0.049289, 0.01602], [-0.025795, 0.051055, -0.024876], [0.033583, 0.065581, -0.043651], [-0.361404, 0.239074, 0.067167], [0.373346, 0.241071, 0.071965], [0.917134, 0.597258, 0.003055], [-0.953803, 0.615882, -0.020498], [0.000844, 0.001207, -0.000214], [-0.000232, 0.002975, 0.003796], [-0.003016, 0.006954, -0.005701], [-0.003605, -0.000368, -0.0], [-0.000435, 0.002223, -0.000687], [-0.000816, 0.0033, -0.001161], [-0.000923, 0.001939, 0.000426], [0.001002, 0.00204, 0.00019], [-0.001589, -0.008706, -0.000999], [-0.000909, -0.005657, -0.003303], [0.004892, 0.001759, 0.00567], [0.000912, -0.007147, -0.006268], [0.000167, 0.000692, 6e-05], [-0.000539, 0.001104, -0.000462], [0.000196, 0.003217, -0.00295], [0.006766, 0.002229, 0.002732], [-0.001572, -0.004764, -0.001074], [0.005588, -0.002109, -0.001174], [-0.001867, 0.000587, -0.000261], [-0.000278, 0.001758, -0.002947], [0.005812, -0.004007, -0.004179], [0.001993, -0.00178, -0.002861], [0.004968, 0.001577, -0.001407], [-0.01188, 0.005785, 0.001077], [0.004836, 0.002361, -0.002409], [-0.003695, 0.002506, -5.5e-05], [-0.003066, 0.005443, 0.001565], [0.002131, -0.002734, 0.003227], [0.000298, -0.004013, -0.002591], [-0.00587, -0.005845, -0.000768], [-6e-06, 0.008944, 0.002594], [0.002932, 3e-05, -0.00137], [0.00102, -0.000956, 0.004214], [0.003098, 0.002037, -0.004263], [-0.002206, 0.000577, 0.00265], [-0.002939, 0.000502, -0.002066], [-0.006924, -0.00168, 0.002468], [0.001489, -0.000519, 0.000295], [-0.002293, 0.001162, -0.000977], [0.001204, 0.000246, -0.002264], [0.001898, -0.002604, -0.001285], [0.000666, -0.00099, 0.001165], [-0.005819, -1.6e-05, -0.006486], [0.001239, -2.4e-05, 0.006145], [0.004718, 0.005933, -0.002761], [0.004508, 0.004135, 0.002506], [-0.004183, -0.003752, 0.003027], [-0.008956, 0.005154, 0.003177], [0.005888, -0.000859, 0.00123], [0.011615, 0.001481, 0.009803], [-0.017512, -0.004636, 0.002699], [0.005513, -0.002872, -0.008192], [-0.00615, -0.005867, 0.00085], [0.009305, -0.000138, 0.006914]],
 "initial_magmoms": [-2.8000000000000003, -2.9000000000000004, 2.8000000000000003, 2.9000000000000004, 0.0, 0.0, 0.0, 0.0, 0.0, 0.0, 0.0, 0.0, 0.0, 0.0, 0.0, 0.0, -2.9000000000000004, 2.9000000000000004, -2.9000000000000004, 2.9000000000000004, 2.9000000000000004, -2.9000000000000004, 3.6, -3.6, 0.0, 0.0, 0.0, 0.0, 0.0, 0.0, 0.0, 0.0, 0.0, 0.0, 0.0, 0.0, 2.9000000000000004, -2.9000000000000004, 2.9000000000000004, -2.9000000000000004, 0.0, 0.0, 0.0, 0.0, 0.0, 0.0, 0.0, 0.0, 0.0, 0.0, -2.8000000000000003, -2.9000000000000004, 2.8000000000000003, 2.9000000000000004, 0.0, 0.0, 0.0, 0.0, 0.0, 0.0, 0.0, 0.0, 0.0, 0.0, 0.0, 0.0, -2.9000000000000004, 2.9000000000000004, -2.9000000000000004, 2.9000000000000004, 2.9000000000000004, -2.9000000000000004, 3.6, -3.6, 0.0, 0.0, 0.0, 0.0, 0.0, 0.0, 0.0, 0.0, 0.0, 0.0, 0.0, 0.0],
 "magmom": 0.0071968,
 "magmoms": [-4.213, -4.256, 4.213, 4.256, -0.021, 0.022, -0.024, 0.024, 0.023, -0.023, -0.016, 0.016, -0.003, 0.003, 0.013, -0.013, -2.876, 2.876, -2.851, 2.852, 2.837, -2.837, 3.273, -3.271, -0.011, 0.012, -0.011, 0.011, -0.03, 0.03, -0.036, 0.037, 0.005, -0.005, 0.008, -0.008, 2.949, -2.949, 2.948, -2.948, -0.028, 0.028, -0.026, 0.026, 0.004, -0.004, 0.01, -0.01, 0.013, -0.013, -2.934, -2.928, 2.934, 2.928, -0.023, 0.023, -0.02, 0.02, 0.06, -0.061, -0.018, 0.018, 0.04, -0.04, 0.031, -0.031, -2.955, 2.955, -2.953, 2.953, 2.771, -2.769, 2.789, -2.791, 0.103, -0.1, 0.402, -0.402, -0.003, 0.003, -0.031, 0.031, 0.793, -0.795, 0.819, -0.818],
 "mtime": 22.87857064403902,
 "numbers": [25, 25, 25, 25, 8, 8, 8, 8, 8, 8, 8, 8, 8, 8, 8, 8, 25, 25, 25, 25, 25, 25, 25, 25, 8, 8, 8, 8, 8, 8, 8, 8, 8, 8, 8, 8, 25, 25, 25, 25, 8, 8, 8, 8, 19, 19, 8, 8, 8, 8, 25, 25, 25, 25, 8, 8, 8, 8, 8, 8, 8, 8, 8, 8, 8, 8, 25, 25, 25, 25, 25, 25, 25, 25, 8, 8, 8, 8, 8, 8, 8, 8, 8, 8, 8, 8],
 "pbc": [true, true, false],