{"1": {
 "calculator": "vasp",
 "calculator_parameters": {"amix": 0.1, "amix_mag": 0.1, "bmix": 0.0001, "bmix_mag": 0.0001, "encut": 500, "sigma": 0.05, "ediff": 1e-05, "ediffg": -0.02, "algo": "Normal", "gga": "PE", "prec": "Normal", "ibrion": 2, "isif": 2, "ismear": 0, "ispin": 2, "istart": 1, "ldauprint": 2, "ldautype": 2, "lmaxmix": 4, "lorbit": 11, "nelm": 250, "npar": 6, "nsw": 199, "inimix": 0, "laechg": true, "lasph": true, "ldau": true, "lvtot": false, "lreal": "Auto", "ldau_luj": {"Mn": {"L": 2, "U": 2.75, "J": 0.0}, "O": {"L": -1, "U": 0.0, "J": 0.0}, "H": {"L": -1, "U": 0.0, "J": 0.0}}, "pp": "pbe", "txt": "-", "kpts": [3, 1, 1], "gamma": true, "reciprocal": false, "ignore_constraints": false, "custom": {}},
 "cell": {"array": {"__ndarray__": [[3, 3], "float64", [5.801699045203386, 0.0, 0.0, 0.0, 13.912083661090438, 0.0, 0.0, 0.0, 25.60045922505258]]}, "__ase_objtype__": "cell"},
 "constraints": [{"name": "FixAtoms", "kwargs": {"indices": [0, 1, 2, 3, 4, 5, 6, 7, 8, 9, 10, 11, 12, 13, 14, 15, 39, 40, 41, 42, 43, 44, 45, 46, 47, 48, 49, 50, 51, 52, 53, 54]}}],
 "ctime": 25.662820008913616,
 "dipole": {"__ndarray__": [[1, 3], "float64", [0.0, 0.0, 0.0]]},
 "energy": -554.42794359,
 "forces": {"__ndarray__": [[77, 3], "float64", [-0.0, -0.49068918, 0.64801357, -0.00037017, -0.492088, 0.65834846, -0.0, -0.95298109, -0.58915602, -0.00201602, -0.95408938, -0.58440322, 0.00140754, -0.10231703, -0.21890562, -0.0, -0.08621755, -0.19271217, -0.0, 1.08660571, 0.10094434, 0.00733625, 1.08800638, 0.08360542, 0.21492733, 0.29103676, -0.16634409, -0.0, 0.31679309, -0.17391927, -0.0, 0.01257707, 0.23177143, -0.00085453, -0.03086778, 0.22405439, 0.00265549, 0.03566709, -0.0942866, -0.0, 0.16642208, 0.07385546, -0.0, 0.12058465, 0.09968244, -0.00447651, 0.106833, 0.05530098, -0.00313116, 0.00204656, -0.00594554, -0.0, -0.00305488, -0.00652609, -0.00101576, 0.00064847, 0.00081566, -0.0, 0.001588, 0.00067216, -0.00382371, -0.00210771, 0.00781404, -0.0, -0.00496191, 0.00034463, -0.0, 0.00351113, 0.00242672, 0.00361423, 0.00185565, 0.0003028, -0.0, -0.00017992, -4.065e-05, -0.0022751, 0.00188539, -0.00112755, -0.0, 0.00186801, 0.00093073, -0.00370983, -0.00434518, 0.00680765, 0.00293408, 0.00841388, -0.00068104, -0.0, 0.00633244, -0.0034206, -0.0, 0.00154519, -0.00237212, -0.00180931, 0.00458293, 0.00179232, 0.00059795, 0.00111571, -0.00214622, -0.0, 0.00236313, 0.00028175, -0.0, -0.0013103, -0.00148872, -0.00026318, 0.00120453, -0.0016643, -0.00093024, -0.00908924, -0.0005901, -0.0, -0.00146582, 0.0088229, -0.0, 0.00230937, -0.00140705, -0.0, -0.48742105, 0.6602874, 0.00037017, -0.492088, 0.65834846, -0.0, -0.95496128, -0.58593004, 0.00201602, -0.95408938, -0.58440322, -0.00140754, -0.10231703, -0.21890562, -0.0, -0.08132705, -0.21205405, -0.0, 1.08767841, 0.09543211, -0.00733625, 1.08800638, 0.08360542, -0.21492733, 0.29103676, -0.16634409, -0.0, 0.31236979, -0.16899126, -0.0, 0.0019376, 0.2439023, 0.00085453, -0.03086778, 0.22405439, -0.00265549, 0.03566709, -0.0942866, -0.0, -0.0665206, -0.24538134, -0.0, 0.09496402, 0.09210004, 0.00447651, 0.106833, 0.05530098, 0.00313116, 0.00204656, -0.00594554, -0.0, 0.00012967, -0.00332143, 0.00101576, 0.00064847, 0.00081566, -0.0, 0.00054631, -0.00144585, 0.00382371, -0.00210771, 0.00781404, -0.0, 0.00496255, 0.00126653, -0.0, -0.00732873, -0.00091841, -0.00361423, 0.00185565, 0.0003028, -0.0, 0.00142377, -0.00076493, 0.0022751, 0.00188539, -0.00112755, -0.0, -0.00401849, -0.00043594, 0.00370983, -0.00434518, 0.00680765, -0.00293408, 0.00841388, -0.00068104, -0.0, 0.0077414, 0.00567873, -0.0, 0.01272966, -0.00299727, 0.00180931, 0.00458293, 0.00179232, -0.00059795, 0.00111571, -0.00214622, -0.0, 0.00113016, -0.00159195, 0.00026318, 0.00120453, -0.0016643, 0.00093024, -0.00908924, -0.0005901, -0.0, 0.00533061, 0.00322697, -0.0, -0.00779003, -0.00025996]]},
 "free_energy": -554.42980301,
 "initial_magmoms": {"__ndarray__": [[77], "float64", [3.0, -3.0, 0.0, 0.0, 0.0, 0.0, 0.0, 0.0, -3.0, 3.0, 3.0, -3.0, 0.0, 0.0, 0.0, 0.0, 0.0, 0.0, -3.0, 3.0, 0.0, 0.0, 0.0, 0.0, 3.0, -3.0, 0.0, 0.0, 0.0, 0.0, 0.0, 0.0, -3.0, 3.0, 3.0, -3.0, 0.0, 0.0, 0.0, 3.0, -3.0, 0.0, 0.0, 0.0, 0.0, 0.0, 0.0, -3.0, 3.0, 3.0, -3.0, 0.0, 0.0, 0.0, 0.0, 0.0, 0.0, -3.0, 3.0, 0.0, 0.0, 0.0, 0.0, 3.0, -3.0, 0.0, 0.0, 0.0, 0.0, 0.0, 0.0, -3.0, 3.0, -3.0, 0.0, 0.0, 0.0]]},
 "magmom": -3.0233471,
 "magmoms": {"__ndarray__": [[77], "float64", [4.277, -4.276, -0.046, 0.046, -0.012, 0.004, -0.002, 0.002, -2.833, 2.838, 2.89, -2.89, 0.017, -0.03, 0.019, -0.02, 0.004, -0.008, -2.934, 2.985, -0.033, 0.027, 0.04, -0.001, 2.898, -2.888, -0.005, 0.056, 0.048, 0.004, 0.015, -0.06, -3.252, 2.898, 2.811, -3.039, 0.02, 0.258, 0.054, 4.277, -4.276, -0.046, 0.046, -0.012, 0.014, -0.001, 0.002, -2.833, 2.836, 2.889, -2.89, 0.017, -0.019, 0.019, -0.02, 0.004, -0.008, -2.934, 2.96, -0.033, 0.027, 0.005, -0.001, 2.892, -2.888, -0.038, 0.056, 0.048, 0.205, 0.006, -0.06, -3.252, 2.891, -3.039, 0.02, 0.146, 0.057]]},
 "mtime": 25.662820008913616,
 "numbers": {"__ndarray__": [[77], "int64", [25, 25, 8, 8, 8, 8, 8, 8, 25, 25, 25, 25, 8, 8, 8, 8, 8, 8, 25, 25, 8, 8, 8, 8, 25, 25, 8, 8, 8, 8, 8, 8, 25, 25, 25, 25, 8, 8, 8, 25, 25, 8, 8, 8, 8, 8, 8, 25, 25, 25, 25, 8, 8, 8, 8, 8, 8, 25, 25, 8, 8, 8, 8, 25, 25, 8, 8, 8, 8, 8, 8, 25, 25, 25, 8, 8, 8]]},
 "pbc": {"__ndarray__": [[3], "bool", [true, true, true]]},
 "positions": {"__ndarray__": [[77, 3],