{"1": {
 "calculator": "vasp",
 "calculator_parameters": {"amix": 0.1, "amix_mag": 0.1, "bmix": 0.0001, "bmix_mag": 0.0001, "encut": 500, "sigma": 0.05, "ediff": 1e-05, "ediffg": -0.02, "algo": "Normal", "gga": "PE", "prec": "Normal", "ibrion": 2, "isif": 2, "ismear": 0, "ispin": 2, "istart": 1, "ldauprint": 2, "ldautype": 2, "lmaxmix": 4, "lorbit": 11, "nelm": 250, "npar": 6, "nsw": 199, "inimix": 0, "laechg": true, "lasph": true, "ldau": true, "lvtot": false, "lreal": "Auto", "ldau_luj": {"Mn": {"L": 2, "U": 2.75, "J": 0.0}, "O": {"L": -1, "U": 0.0, "J": 0.0}, "H": {"L": -1, "U": 0.0, "J": 0.0}}, "pp": "pbe", "txt": "-", "kpts": [3, 1, 1], "gamma": true, "reciprocal": false, "ignore_constraints": false, "custom": {}},
 "cell": {"array": {"__ndarray__": [[3, 3], "float64", [5.801699045203386, 0.0, 0.0, 0.0, 13.912083661090438, 0.0, 0.0, 0.0, 25.60045922505258]]}, "__ase_objtype__": "cell"},
 "constraints": [{"name": "FixAtoms", "kwargs": {"indices": [0, 1, 2, 3, 4, 5, 6, 7, 8, 9, 10, 11, 12, 13, 14, 15, 40, 41, 42, 43, 44, 45, 46, 47, 48, 49, 50, 51, 52, 53, 54, 55]}}],
 "ctime": 25.66355427457788,
 "dipole": {"__ndarray__": [[1, 3], "float64", [0.0, 0.0, 0.0]]},
 "energy": -570.62291693,
 "forces": {"__ndarray__": [[81, 3], "float64", [0.00110827, -0.62090256, 0.96022045, -0.0, -0.63617372, 0.97031953, 0.00140086, -0.43682579, -1.10111182, 0.0, -0.45817654, -1.07471219, 0.0, -0.09684933, -0.31948439, -0.00355983, -0.06620005, -0.31255275, -0.00567271, 0.98542601, -0.08048503, 0.0, 0.99818132, -0.09514273, 0.0, 0.0034925, 0.31765587, -0.11542419, 0.03121273, 0.3704939, 0.01360531, -0.00670789, 0.32218254, -0.0, -0.01100962, 0.35420605, -0.0, 0.05063672, -0.0724429, 0.01214614, -0.02533586, -0.25295584, -0.00301033, 0.158705, 0.01866873, -0.0, 0.17612297, 0.00432329, 0.0, -0.0080164, 0.00266195, 0.00099204, -0.00069381, 0.00414692, 0.0, -0.00089602, -0.00228782, 0.00229163, 0.00067526, -0.00676481, -0.0, 0.00030054, -0.00925567, -0.00664375, -0.00480138, 0.00386523, -0.0013252, -0.00554246, -0.00029673, -0.0, -0.00680703, 0.00598457, 0.00017461, 0.004646, 0.00051928, -0.0, -0.00089972, -0.00350724, 0.00071686, -0.00037949, -0.00224876, 0.0, -0.0052651, -0.00396597, 0.0, -0.00064, 0.00297669, -0.00455981, 0.0017578, -0.0049778, -0.00328914, 0.00614986, 0.00068689, 0.0, 0.0002006, -0.00345313, 0.00014143, -0.00112083, 0.00360171, -0.00086487, -0.00103399, -0.00384495, -0.0, -0.00502027, 0.01118915, 0.0, 0.00158672, 0.00775733, -0.01094909, 0.00226928, -0.00887778, -0.0, -0.00236542, -0.00084728, -0.0, -0.00321976, -0.01530239, 0.00027603, 0.00634633, 0.00014306, -0.00110827, -0.62090256, 0.96022045, 0.0, -0.63452126, 0.9786351, -0.00140086, -0.43682579, -1.10111182, 0.0, -0.46300768, -1.0685154, -0.0, -0.08941583, -0.3227375, 0.00355983, -0.06620005, -0.31255275, 0.00567271, 0.98542601, -0.08048503, -0.0, 0.99518733, -0.09254291, 0.0, -0.0015975, 0.33091209, 0.11542419, 0.03121273, 0.3704939, -0.01360531, -0.00670789, 0.32218254, 0.0, -0.00244607, 0.34120372, 0.0, 0.02084825, -0.11245882, -0.01214614, -0.02533586, -0.25295584, 0.00301033, 0.158705, 0.01866873, 0.0, 0.1551147, 0.01075182, -0.0, 0.00459507, 0.01119617, -0.00099204, -0.00069381, 0.00414692, -0.0, -0.00588399, -0.00373781, -0.00229163, 0.00067526, -0.00676481, 0.0, 0.00821641, 0.01130532, 0.00664375, -0.00480138, 0.00386523, 0.0013252, -0.00554246, -0.00029673, 0.0, 0.00338733, 0.00802345, -0.00017461, 0.004646, 0.00051928, -0.0, -0.00118765, -0.00831829, -0.00071686, -0.00037949, -0.00224876, -0.0, -0.01452655, -0.00097018, 0.0, -0.01560675, 0.00034342, 0.00455981, 0.0017578, -0.0049778, 0.00328914, 0.00614986, 0.00068689, -0.0, 0.00677864, 0.01262968, -0.0, -0.00506535, -0.00274682, -0.00014143, -0.00112083, 0.00360171, 0.00086487, -0.00103399, -0.00384495, 0.0, 0.00333491, -0.00044794, -0.0, -0.00234909, 0.00220794, 0.01094909, 0.00226928, -0.00887778, -0.0, -0.01084275, 0.00253098, -0.0, -0.00148298, 0.00523839, -0.00027603, 0.00634633, 0.00014306]]},
 "free_energy": -570.63345201,
 "initial_magmoms": {"__ndarray__": [[81], "float64", [3.0, -3.0, 0.0, 0.0, 0.0, 0.0, 0.0, 0.0, -3.0, 3.0, 3.0, -3.0, 0.0, 0.0, 0.0, 0.0, 0.0, 0.0, -3.0, 3.0, 0.0, 0.0, 0.0, 0.0, 3.0, -3.0, 0.0, 0.0, 0.0, 0.0, 0.0, 0.0, 3.0, 3.0, -3.0, 0.0, 0.0, 0.0, 0.0, 0.0, 3.0, -3.0, 0.0, 0.0, 0.0, 0.0, 0.0, 0.0, -3.0, 3.0, 3.0, -3.0, 0.0, 0.0, 0.0, 0.0, 0.0, 0.0, -3.0, 3.0, 0.0, 0.0, 0.0, 0.0, 3.0, -3.0, 0.0, 0.0, 0.0, 0.0, 0.0, 0.0, -3.0, 3.0, 3.0, -3.0, 0.0, 0.0, 0.0, 0.0, 0.0]]},
 "magmom": 3.4286733,
 "magmoms": {"__ndarray__": [[81], "float64", [4.237, -4.235, -0.019, 0.02, -0.016, 0.02, 0.01, -0.01, -2.883, 2.884, 2.877, -2.881, 0.023, -0.021, 0.014, -0.013, 0.005, -0.0, -2.93, 2.942, -0.026, 0.022, 0.011, -0.043, 2.936, -2.927, -0.021, 0.062, -0.022, 0.054, 0.009, -0.038, 2.904, 2.578, -2.531, -0.237, 0.029, -0.112, 0.746, -0.691, 4.237, -4.235, -0.019, 0.02, -0.021, 0.02, 0.01, -0.01, -2.88, 2.884, 2.877, -2.881, 0.021, -0.021, 0.014, -0.013, 0.003, -0.0, -2.954, 2.942, -0.032, 0.022, 0.011, 0.028, 2.936, -2.884, -0.021, -0.007, -0.004, 0.054, 0.009, -0.054, -1.998, 2.904, 2.578, -2.476, -0.369, 0.029, -0.015, 0.725, -0.691]]},
 "mtime": 25.66355427457788,
 "numbers": {"__ndarray__": [[81], "int64", [25, 25, 8, 8, 8, 8, 8, 8, 25, 25, 25, 25, 8, 8, 8, 8, 8, 8, 25, 25, 8, 8, 8, 8, 25, 25, 8, 8, 8, 8, 8, 8, 25, 25, 25, 8, 8, 8, 8, 8, 25, 25, 8, 8, 8, 8, 8, 8, 25, 25, 25, 25, 8, 8, 8, 8, 8, 8, 25, 25, 8, 8, 8, 8, 25, 25, 8, 8, 8, 8, 8, 8, 25, 25, 25, 25, 8, 8, 8, 8, 8]]},
 "pbc": {"__ndarray__": [[3], "bool", [true, true, true]]},
 "positions": {"__ndarray__": [[81, 3],