{"1": {
 "calculator": "vasp",
 "calculator_parameters": {"amix": 0.1, "amix_mag": 0.1, "bmix": 0.0001, "bmix_mag": 0.0001, "encut": 500, "sigma": 0.05, "ediff": 1e-05, "ediffg": -0.02, "algo": "Normal", "gga": "PE", "prec": "Normal", "ibrion": 2, "isif": 2, "ismear": 0, "ispin": 2, "istart": 1, "ldauprint": 2, "ldautype": 2, "lmaxmix": 4, "lorbit": 11, "nelm": 250, "npar": 6, "nsw": 199, "inimix": 0, "laechg": true, "lasph": true, "ldau": true, "lvtot": false, "lreal": "Auto", "ldau_luj": {"Mn": {"L": 2, "U": 2.75, "J": 0.0}, "O": {"L": -1, "U": 0.0, "J": 0.0}, "H": {"L": -1, "U": 0.0, "J": 0.0}}, "pp": "pbe", "txt": "-", "kpts": [3, 1, 1], "gamma": true, "reciprocal": false, "ignore_constraints": false, "custom": {}},
 "cell": {"array": {"__ndarray__": [[3, 3], "float64", [5.801699045203386, 0.0, 0.0, 0.0, 13.912083661090438, 0.0, 0.0, 0.0, 25.60045922505258]]}, "__ase_objtype__": "cell"},
 "constraints": [{"name": "FixAtoms", "kwargs": {"indices": [0, 1, 2, 3, 4, 5, 6, 7, 8, 9, 10, 11, 12, 13, 14, 15, 39, 40, 41, 42, 43, 44, 45, 46, 47, 48, 49, 50, 51, 52, 53, 54]}}],
 "ctime": 25.662790886722014,
 "dipole": {"__ndarray__": [[1, 3], "float64", [0.0, 0.0, 0.0]]},
 "energy": -563.48476574,
 "forces": {"__ndarray__": [[79, 3], "float64", [0.00051224, -0.62172152, 0.98696264, -0.0, -0.63778182, 1.0137192, 0.00101554, -0.38886975, -1.14820676, -0.0, -0.41800673, -1.10770159, -0.0, -0.11912835, -0.33427321, 0.00058084, -0.03103488, -0.32436874, -0.00354068, 0.97028783, -0.09348278, -0.0, 0.98347083, -0.12258487, -0.0, -0.04941873, 0.35874199, -0.09811421, 0.03390903, 0.45806716, 0.00839873, -0.06712901, 0.39479408, -0.0, 0.03844218, 0.34919367, -0.0, -0.01474178, -0.24592872, -0.01679808, 0.0270983, -0.1630516, 0.00109592, 0.14453468, 0.00855912, -0.0, 0.20249652, -0.00011102, -0.0, 0.00149618, 0.00438072, -0.00158258, -0.00281203, 0.00297386, -0.0, 0.00148415, 0.0022129, 0.00236608, 0.00014721, -0.00079521, -0.0, 0.00241446, -0.00694559, 0.00081705, -0.0012829, 0.00183773, 0.01070781, -0.00305864, -0.00031827, -0.0, -0.00525359, 0.00202596, 0.00095195, 0.00209597, -0.0012171, -0.0, 0.00095561, -0.00034875, -0.00189112, 0.00448795, -0.00082058, -0.0, -0.00538959, 0.00181964, -0.0, -0.00415584, -0.00560217, 0.0144363, 0.00666708, -0.00637258, -0.0019204, -0.01026689, 0.00161389, -0.0, 0.01212797, 0.00309258, 0.00055983, -0.00127757, -0.00265509, 0.0027113, -0.00455187, -0.00019047, -0.0, -0.00153438, -0.00154577, -0.0, -0.00829922, -0.00220219, 0.0086419, 0.00178737, -1.183e-05, 0.00254925, -0.0043849, 0.00224634, -0.0, 0.00467199, -0.01448883, -0.00051224, -0.62172152, 0.98696264, -0.0, -0.63619158, 1.02101786, -0.00101554, -0.38886975, -1.14820676, -0.0, -0.42206912, -1.10460924, -0.0, -0.11279771, -0.33547941, -0.00058084, -0.03103488, -0.32436874, 0.00354068, 0.97028783, -0.09348278, -0.0, 0.9827783, -0.12346277, -0.0, -0.04119411, 0.34347068, 0.09811421, 0.03390903, 0.45806716, -0.00839873, -0.06712901, 0.39479408, -0.0, 0.02924414, 0.35270036, -0.0, -0.04389283, -0.28309929, 0.01679808, 0.0270983, -0.1630516, -0.00109592, 0.14453468, 0.00855912, -0.0, 0.1888063, 0.00595525, -0.0, -0.00160048, -0.00341847, 0.00158258, -0.00281203, 0.00297386, -0.0, 0.002493, 0.00211858, -0.00236608, 0.00014721, -0.00079521, -0.0, -0.01399811, -0.00402142, -0.00081705, -0.0012829, 0.00183773, -0.01070781, -0.00305864, -0.00031827, -0.0, -0.00322168, 0.01176064, -0.00095195, 0.00209597, -0.0012171, -0.0, 0.00066105, -0.0038311, 0.00189112, 0.00448795, -0.00082058, -0.0, -0.00353882, 0.00735245, -0.0, -0.00316281, -0.00314537, -0.0144363, 0.00666708, -0.00637258, 0.0019204, -0.01026689, 0.00161389, -0.0, -0.00289139, 0.00111313, -0.0, -0.01187152, -0.01250604, -0.00055983, -0.00127757, -0.00265509, -0.0027113, -0.00455187, -0.00019047, -0.0, -0.0031244, -0.00153022, -0.0, 0.00183942, -0.00331722, -0.0086419, 0.00178737, -1.183e-05, -0.00254925, -0.0043849, 0.00224634, -0.0, 0.00063157, 0.00835006]]},
 "free_energy": -563.49184019,
 "initial_magmoms": {"__ndarray__": [[79], "float64", [3.0, -3.0, 0.0, 0.0, 0.0, 0.0, 0.0, 0.0, -3.0, 3.0, 3.0, -3.0, 0.0, 0.0, 0.0, 0.0, 0.0, 0.0, -3.0, 3.0, 0.0, 0.0, 0.0, 0.0, 3.0, -3.0, 0.0, 0.0, 0.0, 0.0, 0.0, 0.0, 3.0, 3.0, -3.0, 0.0, 0.0, 0.0, 0.0, 3.0, -3.0, 0.0, 0.0, 0.0, 0.0, 0.0, 0.0, -3.0, 3.0, 3.0, -3.0, 0.0, 0.0, 0.0, 0.0, 0.0, 0.0, -3.0, 3.0, 0.0, 0.0, 0.0, 0.0, 3.0, -3.0, 0.0, 0.0, 0.0, 0.0, 0.0, 0.0, -3.0, 3.0, 3.0, -3.0, 0.0, 0.0, 0.0, 0.0]]},
 "magmom": 3.5559916,
 "magmoms": {"__ndarray__": [[79], "float64", [4.234, -4.23, -0.016, 0.019, -0.015, 0.021, 0.011, -0.012, -2.886, 2.885, 2.874, -2.883, 0.024, -0.022, 0.015, -0.011, 0.004, 0.002, -2.928, 2.946, -0.035, 0.026, 0.011, -0.042, 2.929, -2.902, -0.018, 0.021, 0.049, -0.319, 0.009, -0.013, 2.893, 2.781, -3.045, -0.026, 0.048, 0.051, -0.169, 4.234, -4.23, -0.016, 0.019, -0.02, 0.021, 0.011, -0.012, -2.886, 2.885, 2.874, -2.882, 0.023, -0.022, 0.015, -0.011, 0.005, 0.002, -2.946, 2.946, -0.024, 0.026, 0.011, 0.015, 2.929, -2.931, -0.018, -0.025, 0.046, -0.319, 0.009, -0.044, -0.953, 2.893, 2.781, -3.053, -0.039, 0.048, 0.051, -0.103]]},
 "mtime": 25.662790886722014,
 "numbers": {"__ndarray__": [[79], "int64", [25, 25, 8, 8, 8, 8, 8, 8, 25, 25, 25, 25, 8, 8, 8, 8, 8, 8, 25, 25, 8, 8, 8, 8, 25, 25, 8, 8, 8, 8, 8, 8, 25, 25, 25, 8, 8, 8, 8, 25, 25, 8, 8, 8, 8, 8, 8, 25, 25, 25, 25, 8, 8, 8, 8, 8, 8, 25, 25, 8, 8, 8, 8, 25, 25, 8, 8, 8, 8, 8, 8, 25, 25, 25, 25, 8, 8, 8, 8]]},
 "pbc": {"__ndarray__": [[3], "bool", [true, true, true]]},
 "positions": {"__ndarray__": [[79, 3],