{"1": {
 "calculator": "vasp",
 "calculator_parameters": {"amix": 0.1, "amix_mag": 0.1, "bmix": 0.0001, "bmix_mag": 0.0001, "encut": 500, "sigma": 0.05, "ediff": 1e-05, "ediffg": -0.02, "algo": "Normal", "gga": "PE", "prec": "Normal", "ibrion": 2, "isif": 2, "ismear": 0, "ispin": 2, "istart": 1, "ldauprint": 2, "ldautype": 2, "lmaxmix": 4, "lorbit": 11, "nelm": 250, "npar": 6, "nsw": 199, "inimix": 0, "laechg": true, "lasph": true, "ldau": true, "lvtot": false, "lreal": "Auto", "ldau_luj": {"Mn": {"L": 2, "U": 2.75, "J": 0.0}, "O": {"L": -1, "U": 0.0, "J": 0.0}, "H": {"L": -1, "U": 0.0, "J": 0.0}}, "pp": "pbe", "txt": "-", "kpts": [3, 1, 1], "gamma": true, "reciprocal": false, "ignore_constraints": false, "custom": {}},
 "cell": {"array": {"__ndarray__": [[3, 3], "float64", [5.801699045203386, 0.0, 0.0, 0.0, 13.912083661090438, 0.0, 0.0, 0.0, 25.60045922505258]]}, "__ase_objtype__": "cell"},
 "constraints": [{"name": "FixAtoms", "kwargs": {"indices": [0, 1, 2, 3, 4, 5, 6, 7, 8, 9, 10, 11, 12, 13, 14, 15, 38, 39, 40, 41, 42, 43, 44, 45, 46, 47, 48, 49, 50, 51, 52, 53]}}],
 "ctime": 25.662850086154886,
 "dipole": {"__ndarray__": [[1, 3], "float64", [0.0, 0.0, 0.0]]},
 "energy": -555.24340029,
 "forces": {"__ndarray__": [[77, 3], "float64", [0.00084878, -0.53591959, 0.7713374, 0.0, -0.54538454, 0.78837573, 0.0017549, -0.75244827, -0.79260045, -0.0, -0.76916868, -0.76460081, 0.0, -0.1316299, -0.25916993, -0.0002928, -0.06715672, -0.25316983, -0.0065293, 1.04820686, 0.02911781, -0.0, 1.05632808, 0.00271474, -0.0, 0.1572023, 0.01728274, -0.12134672, 0.22040096, 0.08322546, 0.00930899, 0.00022524, 0.25120377, -0.0, 0.03474487, 0.24521575, -0.0, 0.00741797, -0.13192347, -0.01419936, 0.05640072, -0.0594296, -0.00086013, 0.10560183, 0.05573266, 0.0, 0.15037345, 0.03934668, -0.0, -0.0081601, 0.00718769, -0.00090584, -0.0061766, 0.00182093, 0.0, 0.00144182, -0.00103647, 0.00146457, 0.00174114, 0.00024956, 0.0, -0.00994887, -0.00043412, 0.00089083, -0.00672883, -0.00150362, 0.00726677, 0.00144883, -0.00077956, -0.0, -0.01016548, 0.00034977, 2.153e-05, 0.00346046, -0.00106841, 0.0, -0.00160962, -0.00235386, 0.00041537, -0.00631983, 0.00048014, -0.0, -0.01455347, 0.00919035, -0.0, 0.00092051, -0.00636305, 0.00651506, -0.00556141, -0.00226993, -0.0015393, -0.00488281, -0.00994993, 0.0, -0.00712519, -0.00778636, 0.0003983, -0.0016079, 0.00091101, 0.00821787, -7.189e-05, 0.00066713, -0.0, 0.012447, 0.01202787, 0.0, -0.00042525, -0.00293059, 0.0002983, 0.01139795, 0.00287911, -0.0, -0.005135, -0.00132426, -0.00084878, -0.53591959, 0.7713374, 0.0, -0.54323874, 0.79803935, -0.0017549, -0.75244827, -0.79260045, -0.0, -0.77356817, -0.75988262, -0.0, -0.12421787, -0.25994807, 0.0002928, -0.06715672, -0.25316983, 0.0065293, 1.04820686, 0.02911781, 0.0, 1.05557598, 0.00157234, -0.0, 0.1593137, 0.01302401, 0.12134672, 0.22040096, 0.08322546, -0.00930899, 0.00022524, 0.25120377, -0.0, 0.04679319, 0.22560032, -0.0, 0.00904067, -0.13323635, 0.01419936, 0.05640072, -0.0594296, 0.00086013, 0.10560183, 0.05573266, 0.0, 0.13076996, 0.04641778, 0.0, -0.0053643, -0.00560335, 0.00090584, -0.0061766, 0.00182093, -0.0, -0.00071455, -0.00581083, -0.00146457, 0.00174114, 0.00024956, -0.0, -0.00588863, 0.00372312, -0.00089083, -0.00672883, -0.00150362, -0.00726677, 0.00144883, -0.00077956, -0.0, 0.0083512, -0.00865439, -2.153e-05, 0.00346046, -0.00106841, -0.0, 0.00135026, 0.00225155, -0.00041537, -0.00631983, 0.00048014, 0.0, -0.00382972, 0.00616994, -0.0, -0.01281254, -0.00092495, -0.00651506, -0.00556141, -0.00226993, 0.0015393, -0.00488281, -0.00994993, -0.0, 0.00016365, -0.01852264, -0.0, 0.00391245, 0.00112573, -0.0003983, -0.0016079, 0.00091101, -0.00821787, -7.189e-05, 0.00066713, -0.0, 0.0142664, 0.00458778, -0.0, -0.0002138, -0.00436129, -0.0002983, 0.01139795, 0.00287911, -0.0, -0.00127933, -0.00304316]]},
 "free_energy": -555.25149284,
 "initial_magmoms": {"__ndarray__": [[77], "float64", [3.0, -3.0, 0.0, 0.0, 0.0, 0.0, 0.0, 0.0, -3.0, 3.0, 3.0, -3.0, 0.0, 0.0, 0.0, 0.0, 0.0, 0.0, -3.0, 3.0, 0.0, 0.0, 0.0, 0.0, 3.0, -3.0, 0.0, 0.0, 0.0, 0.0, 0.0, 0.0, 3.0, 3.0, -3.0, 0.0, 0.0, 0.0, 3.0, -3.0, 0.0, 0.0, 0.0, 0.0, 0.0, 0.0, -3.0, 3.0, 3.0, -3.0, 0.0, 0.0, 0.0, 0.0, 0.0, 0.0, -3.0, 3.0, 0.0, 0.0, 0.0, 0.0, 3.0, -3.0, 0.0, 0.0, 0.0, 0.0, 0.0, 0.0, -3.0, 3.0, 3.0, -3.0, 0.0, 0.0, 0.0]]},
 "magmom": 2.819745,
 "magmoms": {"__ndarray__": [[77], "float64", [4.262, -4.26, -0.037, 0.038, -0.011, 0.017, 0.002, -0.003, -2.857, 2.857, 2.88, -2.887, 0.02, -0.018, 0.018, -0.016, 0.009, -0.004, -2.914, 2.935, -0.026, 0.02, 0.016, -0.053, 2.934, -2.932, -0.022, 0.05, 0.047, 0.01, 0.01, 0.002, 2.897, 2.95, -3.038, 0.018, 0.052, -0.039, 4.262, -4.259, -0.037, 0.038, -0.016, 0.017, 0.002, -0.003, -2.856, 2.857, 2.88, -2.887, 0.02, -0.018, 0.018, -0.016, 0.008, -0.004, -2.944, 2.935, -0.019, 0.02, 0.016, 0.012, 2.934, -2.932, -0.022, -0.026, 0.044, 0.01, 0.01, -0.009, -3.013, 2.897, 2.95, -3.051, 0.02, 0.052, -0.033]]},
 "mtime": 25.662850086154886,
 "numbers": {"__ndarray__": [[77], "int64", [25, 25, 8, 8, 8, 8, 8, 8, 25, 25, 25, 25, 8, 8, 8, 8, 8, 8, 25, 25, 8, 8, 8, 8, 25, 25, 8, 8, 8, 8, 8, 8, 25, 25, 25, 8, 8, 8, 25, 25, 8, 8, 8, 8, 8, 8, 25, 25, 25, 25, 8, 8, 8, 8, 8, 8, 25, 25, 8, 8, 8, 8, 25, 25, 8, 8, 8, 8, 8, 8, 25, 25, 25, 25, 8, 8, 8]]},
 "pbc": {"__ndarray__": [[3], "bool", [true, true, true]]},
 "positions": {"__ndarray__": [[77, 3],