{"1": {
 "calculator": "vasp",
 "calculator_parameters": {"amix": 0.1, "amix_mag": 0.1, "bmix": 0.0001, "bmix_mag": 0.0001, "encut": 500, "sigma": 0.05, "ediff": 1e-05, "ediffg": -0.02, "algo": "normal", "gga": "PE", "prec": "Normal", "ibrion": 2, "isif": 2, "ismear": 0, "ispin": 2, "istart": 1, "kpar": 10, "ldauprint": 2, "ldautype": 2, "lmaxmix": 6, "lorbit": 11, "nelm": 250, "npar": 6, "nsw": 199, "inimix": 0, "laechg": true, "lasph": true, "ldau": true, "lvtot": false, "lreal": "Auto", "ldau_luj": {"Ti": {"L": 2, "U": 3.0, "J": 0.0}, "V": {"L": 2, "U": 3.25, "J": 0.0}, "Cr": {"L": 2, "U": 3.5, "J": 0.0}, "Mn": {"L": 2, "U": 2.75, "J": 0.0}, "Fe": {"L": 2, "U": 4.3, "J": 0.0}, "Co": {"L": 2, "U": 3.32, "J": 0.0}, "Ni": {"L": 2, "U": 6.45, "J": 0.0}, "Cu": {"L": 2, "U": 3.0, "J": 0.0}, "Mo": {"L": 2, "U": 4.38, "J": 0.0}, "W": {"L": 2, "U": 6.2, "J": 0.0}, "Ce": {"L": 3, "U": 4.5, "J": 0.0}, "O": {"L": -1, "U": 0.0, "J": 0.0}, "C": {"L": -1, "U": 0.0, "J": 0.0}, "Au": {"L": -1, "U": 0.0, "J": 0.0}, "Ir": {"L": -1, "U": 0.0, "J": 0.0}, "H": {"L": -1, "U": 0.0, "J": 0.0}}, "xc": "PBE", "pp": "PBE", "setups": {"base": "minimal"}, "txt": "-", "kpts": [3, 1, 1], "gamma": true, "reciprocal": false, "ignore_constraints": false},
 "cell": [[5.801699045, 0.0, 0.0], [0.0, 13.912083661, 0.0], [0.0, 0.0, 25.600459225]],
 "constraints": [{"name": "FixAtoms", "kwargs": {"indices": [0, 1, 2, 3, 4, 5, 14, 15, 16, 17, 18, 19, 28, 29, 30, 31, 32, 33, 34, 35, 36, 37, 56, 57, 58, 59, 60, 61, 62, 63, 64, 65]}}],
 "ctime": 23.067474815409067,
 "dipole": [[0.0, 0.0, 0.0]],
 "energy": -640.49878946,
 "forces": [[-0.00177, -0.477295, 0.654763], [-0.001878, -0.478977, 0.653117], [-0.001583, 0.297514, -0.169616], [-0.001126, 0.302842, -0.173977], [-0.002461, 0.032896, 0.189658], [-0.002617, 0.038934, 0.183899], [-0.002381, 0.001217, 0.000996], [-0.004554, 0.003993, 0.002527], [-0.001063, -0.006874, 0.002624], [-0.002336, 0.008552, -0.007348], [-0.001098, -0.001517, -8.1e-05], [0.01245, -0.007318, 0.000542], [0.004824, -0.001097, 0.003594], [0.006779, -0.015337, -0.003086], [-0.00177, -0.477295, 0.654763], [-0.001878, -0.478977, 0.653117], [-0.001583, 0.297514, -0.169616], [-0.001126, 0.302842, -0.173977], [-0.002461, 0.032896, 0.189658], [-0.002617, 0.038934, 0.183899], [-0.002381, 0.001217, 0.000996], [-0.004554, 0.003993, 0.002527], [-0.001063, -0.006874, 0.002624], [-0.002336, 0.008552, -0.007348], [-0.001098, -0.001517, -8.1e-05], [0.01245, -0.007318, 0.000542], [0.004824, -0.001097, 0.003594], [0.006779, -0.015337, -0.003086], [-0.001762, -0.968309, -0.5723], [-0.001872, -0.966692, -0.572181], [-0.002234, -0.098615, -0.214642], [-0.001946, -0.095669, -0.216861], [-0.002121, 1.095074, 0.077506], [-0.002258, 1.096424, 0.078931], [-0.004802, 0.046769, -0.037143], [-0.00331, 0.051939, -0.028719], [-0.001862, 0.100368, 0.070536], [-0.001953, 0.102994, 0.068184], [0.003182, 0.002204, 0.00253], [-0.003631, 0.000231, -0.008322], [0.001697, 0.002459, -0.006995], [0.010972, 0.003014, -0.004741], [-0.004486, -0.004342, -0.0037], [-0.009191, 0.001101, 0.002832], [-0.00305, -0.000225, 0.006937], [-0.000398, -0.005748, -0.004532], [0.006632, 0.001961, 0.008012], [-0.0016, -0.003599, -0.001395], [0.005604, -0.007325, 0.008906], [-0.002364, 0.001452, 0.00134], [0.001833, -0.012096, 0.008523], [-0.003293, 0.005354, -0.003648], [0.007069, -0.012598, -0.007652], [0.004891, -0.005272, 0.002247], [-0.007252, -0.012562, 0.001956], [0.005288, -0.005791, -0.003056], [-0.001762, -0.968309, -0.5723], [-0.001872, -0.966692, -0.572181], [-0.002234, -0.098615, -0.214642], [-0.001946, -0.095669, -0.216861], [-0.002121, 1.095074, 0.077506], [-0.002258, 1.096424, 0.078931], [-0.004802, 0.046769, -0.037143], [-0.00331, 0.051939, -0.028719], [-0.001862, 0.100368, 0.070536], [-0.001953, 0.102994, 0.068184], [0.003182, 0.002204, 0.00253], [-0.003631, 0.000231, -0.008322], [0.001697, 0.002459, -0.006995], [0.010972, 0.003014, -0.004741], [-0.004486, -0.004342, -0.0037], [-0.009191, 0.001101, 0.002832], [-0.00305, -0.000225, 0.006937], [-0.000398, -0.005748, -0.004532], [0.006632, 0.001961, 0.008012], [-0.0016, -0.003599, -0.001395], [0.005604, -0.007325, 0.008906], [-0.002364, 0.001452, 0.00134], [0.001833, -0.012096, 0.008523], [-0.003293, 0.005354, -0.003648], [0.007069, -0.012598, -0.007652], [0.004891, -0.005272, 0.002247], [-0.007252, -0.012562, 0.001956], [0.005288, -0.005791, -0.003056], [0.001886, -0.011853, 0.009817], [0.001886, -0.011853, 0.009817], [-0.000419, 0.00132, -0.00032], [-0.000419, 0.00132, -0.00032], [0.006298, -0.000278, -0.002104], [0.006298, -0.000278, -0.002104], [0.003265, 0.000774, 0.002444], [0.003265, 0.000774, 0.002444]],
 "initial_magmoms": [4.277, -4.277, -2.835, 2.835, 2.888, -2.888, -2.931, 2.931, 2.931, -2.931, -2.986, 2.986, 2.931, -2.93, 4.277, -4.277, -2.835, 2.835, 2.888, -2.888, -2.931, 2.931, 2.931, -2.931, -2.986, 2.986, 2.931, -2.93, -0.048, 0.048, -0.012, 0.012, -0.002, 0.002, 0.016, -0.016, 0.019, -0.019, 0.01, -0.01, -0.019, 0.019, 0.019, -0.019, -0.004, 0.004, -0.032, 0.032, -0.001, 0.001, -0.022, 0.022, 0.012, -0.012, -0.004, 0.004, -0.048, 0.048, -0.012, 0.012, -0.002, 0.002, 0.016, -0.016, 0.019, -0.019, 0.01, -0.01, -0.019, 0.019, 0.019, -0.019, -0.004, 0.004, -0.032, 0.032, -0.001, 0.001, -0.022, 0.022, 0.012, -0.012, -0.004, 0.004, 0.005, 0.005, -0.005, -0.005, -0.006, -0.006, 0.006, 0.006],
 "magmom": 4.46e-05,
 "magmoms": [4.277, -4.277, -2.835, 2.835, 2.888, -2.888, -2.931, 2.931, 2.931, -2.931, -2.986, 2.986, 2.931, -2.931, 4.277, -4.277, -2.835, 2.835, 2.888, -2.888, -2.931, 2.931, 2.931, -2.931, -2.986, 2.986, 2.931, -2.931, -0.048, 0.048, -0.012, 0.012, -0.002, 0.002, 0.016, -0.016, 0.019, -0.019, 0.01, -0.01, -0.019, 0.019, 0.019, -0.019, -0.004, 0.004, -0.032, 0.032, -0.001, 0.001, -0.022, 0.022, 0.012, -0.012, -0.004, 0.004, -0.048, 0.048, -0.012, 0.012, -0.002, 0.002, 0.016, -0.016, 0.019, -0.019, 0.01, -0.01, -0.019, 0.019, 0.019, -0.019, -0.004, 0.004, -0.032, 0.032, -0.001, 0.001, -0.022, 0.022, 0.012, -0.012, -0.004, 0.004, 0.005, 0.005, -0.005, -0.005, -0.006, -0.006, 0.006, 0.006],
 "mtime": 23.067474815409067,
 "numbers": [25, 25, 25, 25, 25, 25, 25, 25, 25, 25, 25, 25, 25, 25, 25, 25, 25, 25, 25, 25, 25, 25, 25, 25, 25, 25, 25, 25, 8, 8, 8, 8, 8, 8, 8, 8, 8, 8, 8, 8, 8, 8, 8, 8, 8, 8, 8, 8, 8, 8, 8, 8, 8, 8, 8, 8, 8, 8, 8, 8, 8, 8, 8, 8, 8, 8, 8, 8, 8, 8, 8, 8, 8, 8, 8, 8, 8, 8, 8, 8, 8, 8, 8, 8, 1, 1, 1, 1, 1, 1, 1, 1],
 "pbc": [true, true, true],