{"1": {
 "calculator": "vasp",
 "calculator_parameters": {"amix": 0.1, "amix_mag": 0.1, "bmix": 0.0001, "bmix_mag": 0.0001, "encut": 500, "sigma": 0.05, "ediff": 1e-05, "ediffg": -0.02, "algo": "normal", "gga": "PE", "prec": "Normal", "ibrion": 2, "isif": 2, "ismear": 0, "ispin": 2, "istart": 1, "kpar": 10, "ldauprint": 2, "ldautype": 2, "lmaxmix": 6, "lorbit": 11, "nelm": 250, "npar": 6, "nsw": 199, "inimix": 0, "laechg": true, "lasph": true, "ldau": true, "lvtot": false, "lreal": "Auto", "ldau_luj": {"Ti": {"L": 2, "U": 3.0, "J": 0.0}, "V": {"L": 2, "U": 3.25, "J": 0.0}, "Cr": {"L": 2, "U": 3.5, "J": 0.0}, "Mn": {"L": 2, "U": 2.75, "J": 0.0}, "Fe": {"L": 2, "U": 4.3, "J": 0.0}, "Co": {"L": 2, "U": 3.32, "J": 0.0}, "Ni": {"L": 2, "U": 6.45, "J": 0.0}, "Cu": {"L": 2, "U": 3.0, "J": 0.0}, "Mo": {"L": 2, "U": 4.38, "J": 0.0}, "W": {"L": 2, "U": 6.2, "J": 0.0}, "Ce": {"L": 3, "U": 4.5, "J": 0.0}, "O": {"L": -1, "U": 0.0, "J": 0.0}, "C": {"L": -1, "U": 0.0, "J": 0.0}, "Au": {"L": -1, "U": 0.0, "J": 0.0}, "Ir": {"L": -1, "U": 0.0, "J": 0.0}, "H": {"L": -1, "U": 0.0, "J": 0.0}}, "xc": "PBE", "pp": "PBE", "setups": {"base": "minimal"}, "txt": "-", "kpts": [3, 2, 1], "gamma": true, "reciprocal": false, "ignore_constraints": false},
 "cell": [[5.835828759, 0.0, 0.0], [0.000177915, 9.967130154, 0.0], [0.0, 0.0, 28.15797]],
 "constraints": [{"name": "FixAtoms", "kwargs": {"indices": [0, 1, 2, 3, 4, 5, 6, 7, 8, 9, 10, 11, 12, 13, 42, 43, 44, 45, 46, 47, 48, 49, 62]}}],
 "ctime": 22.874717357775264,
 "dipole": [[0.0, 0.0, 0.0]],
 "energy": -458.14880201,
 "forces": [[0.043327, -2.59829, 0.01309], [-0.095047, -2.678996, -0.095443], [-1.096595, -0.527158, -1.073741], [0.585971, 0.029113, -1.234918], [0.68082, 2.31253, -0.474622], [-0.419991, 2.000818, -0.438067], [0.035756, -0.049175, 0.147409], [-0.041237, -0.048183, 0.166244], [-0.023008, 0.112586, 0.580479], [0.00696, 0.084496, 0.929357], [-0.012149, -0.153571, 0.378462], [0.118389, 0.135343, 0.226529], [-0.088727, 0.127154, 0.350195], [0.055468, 0.002586, 0.053379], [0.009934, 0.001354, 0.002665], [0.002123, -0.010186, 0.001737], [-0.001312, 0.004468, -0.001105], [0.000395, -0.003229, 0.003497], [-0.000397, -0.003582, 0.001633], [-0.001112, 0.001114, 0.002922], [-0.009351, 0.002898, -0.007454], [0.003564, -0.002422, -0.000246], [-0.008255, -0.002631, 0.001742], [0.005446, -0.011956, -0.001457], [-0.001704, -0.001565, 0.00624], [0.017485, 0.003407, -0.007868], [-0.005747, -0.001417, 0.001788], [-0.000689, 0.001176, -0.01145], [0.008751, -0.00191, 0.009234], [-0.011119, 0.003902, 0.001031], [0.001085, -0.004946, -0.006038], [-0.002618, -0.009493, -0.01274], [-0.001587, 0.005182, -0.007799], [-0.018111, 0.001254, -0.005059], [-0.005246, 0.007699, -0.01758], [-0.007197, -0.004935, 0.009675], [-0.008623, 0.013813, -0.004038], [-0.015726, 0.005746, -0.001213], [-0.009162, -0.003062, -0.002862], [-0.014664, 0.002724, -0.000129], [-0.003678, -0.013533, -0.008847], [0.001244, 0.006558, -0.000738], [0.05908, 2.910108, 0.999235], [0.113488, 3.186936, 0.912], [-0.01261, -2.730401, 1.242894], [0.270978, -1.890134, -0.247836], [-0.270279, 0.132091, -0.797851], [-0.07921, -0.061797, -0.690494], [-0.038069, -0.259434, -0.178857], [0.27184, -0.060595, -0.201266], [0.003254, -0.001419, 0.00214], [0.003381, -0.000475, -0.000128], [0.001955, -0.001054, 0.003545], [0.001775, 0.000369, -0.000463], [0.00417, 0.002335, -0.001808], [0.002817, -0.001655, 0.001128], [0.002679, 0.000934, -0.001293], [-0.000118, 0.001072, 0.003888], [-0.001743, 0.00082, 0.001349], [0.000641, 0.001955, 0.001597], [0.001023, 0.000708, 0.003934], [0.00365, 0.00478, 8.6e-05], [-0.004592, 0.018258, -0.531074], [-0.003567, 0.000654, 0.000912], [0.003793, 0.004241, 0.001802], [-0.007998, 0.006021, 0.002666]],
 "initial_magmoms": [0.809, 0.792, -0.006, -0.006, -0.33, -0.259, 0.04, 0.042, -0.069, -0.035, -0.024, -0.023, 0.011, 0.009, -0.02, -0.023, -0.005, 0.004, -0.005, -0.007, 0.008, 0.011, 0.024, 0.029, -0.02, -0.023, 0.052, 0.053, -0.015, -0.016, 0.006, 0.006, -0.031, -0.024, -0.007, -0.027, -0.012, 0.016, 0.239, 0.24, -0.635, -0.636, -3.735, -3.691, 3.315, 3.678, 2.91, 2.9, -2.89, -2.891, 2.957, 2.956, -2.934, -2.928, -2.962, -2.984, 2.941, 2.941, -2.913, -2.9, 2.732, 2.731, -0.005, 0.004, 0.0, 0.0],
 "magmom": 1.4267583,
 "magmoms": [0.813, 0.797, -0.003, -0.004, -0.327, -0.255, 0.036, 0.037, -0.068, -0.035, -0.022, -0.021, 0.011, 0.009, -0.023, -0.024, -0.006, 0.004, -0.005, -0.007, 0.01, 0.012, 0.027, 0.024, -0.017, -0.02, 0.04, 0.039, -0.014, -0.014, 0.005, 0.005, -0.03, -0.029, -0.001, 0.003, 0.004, 0.005, 0.236, 0.239, 0.083, 0.081, -3.741, -3.694, 3.319, 3.684, 2.903, 2.891, -2.887, -2.886, 2.955, 2.954, -2.94, -2.935, -2.975, -2.975, 2.946, 2.946, -2.914, -2.894, 2.906, 2.905, -0.005, 0.004, 0.007, 0.007],
 "mtime": 22.874717357775264,
 "numbers": [8, 8, 8, 8, 8, 8, 8, 8, 8, 8, 8, 8, 8, 8, 8, 8, 8, 8, 8, 8, 8, 8, 8, 8, 8, 8, 8, 8, 8, 8, 8, 8, 8, 8, 8, 8, 8, 8, 8, 8, 8, 8, 25, 25, 25, 25, 25, 25, 25, 25, 25, 25, 25, 25, 25, 25, 25, 25, 25, 25, 25, 25, 19, 19, 1, 1],
 "pbc": [true, true, false],