{"1": {
 "calculator": "vasp",
 "calculator_parameters": {"amix": 0.1, "amix_mag": 0.1, "bmix": 0.0001, "bmix_mag": 0.0001, "encut": 500, "sigma": 0.05, "ediff": 1e-05, "ediffg": -0.02, "algo": "normal", "gga": "PE", "prec": "Normal", "ibrion": 2, "isif": 2, "ismear": 0, "ispin": 2, "istart": 1, "kpar": 10, "ldauprint": 2, "ldautype": 2, "lmaxmix": 6, "lorbit": 11, "nelm": 250, "npar": 6, "nsw": 199, "inimix": 0, "laechg": true, "lasph": true, "ldau": true, "lvtot": false, "lreal": "Auto", "ldau_luj": {"Ti": {"L": 2, "U": 3.0, "J": 0.0}, "V": {"L": 2, "U": 3.25, "J": 0.0}, "Cr": {"L": 2, "U": 3.5, "J": 0.0}, "Mn": {"L": 2, "U": 2.75, "J": 0.0}, "Fe": {"L": 2, "U": 4.3, "J": 0.0}, "Co": {"L": 2, "U": 3.32, "J": 0.0}, "Ni": {"L": 2, "U": 6.45, "J": 0.0}, "Cu": {"L": 2, "U": 3.0, "J": 0.0}, "Mo": {"L": 2, "U": 4.38, "J": 0.0}, "W": {"L": 2, "U": 6.2, "J": 0.0}, "Ce": {"L": 3, "U": 4.5, "J": 0.0}, "O": {"L": -1, "U": 0.0, "J": 0.0}, "C": {"L": -1, "U": 0.0, "J": 0.0}, "Au": {"L": -1, "U": 0.0, "J": 0.0}, "Ir": {"L": -1, "U": 0.0, "J": 0.0}, "H": {"L": -1, "U": 0.0, "J": 0.0}}, "xc": "PBE", "pp": "PBE", "setups": {"base": "minimal"}, "txt": "-", "kpts": [3, 2, 1], "gamma": true, "reciprocal": false, "ignore_constraints": false},
 "cell": [[5.835828759, 0.0, 0.0], [0.000177915, 9.967130154, 0.0], [0.0, 0.0, 27.15797]],
 "constraints": [{"name": "FixAtoms", "kwargs": {"indices": [0, 1, 2, 3, 4, 5, 6, 7, 8, 9, 10, 11, 12, 13, 42, 43, 44, 45, 46, 47, 48, 49, 62]}}],
 "ctime": 22.874491370090194,
 "dipole": [[0.0, 0.0, 0.0]],
 "energy": -446.45300783,
 "forces": [[0.067922, -2.618556, 0.056977], [-0.112005, -2.648197, -0.079267], [-1.100709, -0.529961, -1.087995], [0.583609, 0.018763, -1.210109], [0.671928, 2.293678, -0.45607], [-0.409188, 2.055671, -0.480857], [0.004867, -0.014415, 0.078909], [-0.062751, -0.0882, 0.079137], [-0.03087, 0.130807, 0.486328], [0.00519, 0.05722, 0.80362], [-0.004701, -0.143968, 0.268278], [0.150345, 0.125609, 0.125277], [-0.094491, 0.10529, 0.350467], [0.053668, 0.068029, 0.026027], [-0.007286, 0.00388, 0.00255], [-0.002458, 0.000161, -0.001738], [0.00092, -0.000201, 0.000982], [-0.001, -0.001899, -0.001664], [-0.000748, -0.002355, -0.001531], [0.000856, 0.000593, 0.002123], [-6.2e-05, -0.001634, 0.002257], [-0.001963, -0.006972, -0.002993], [-0.004537, -0.002618, 0.001489], [0.000263, -0.002152, -0.010259], [-0.000338, -0.002127, 0.001449], [0.004365, -0.009002, 6.5e-05], [-0.001877, -0.002906, -0.008755], [-0.004595, 0.007117, -0.011488], [0.004496, -0.006507, 0.010566], [-0.004219, -0.000332, -0.005675], [-0.005106, 0.003984, 0.004687], [-0.002153, 0.001397, 0.000633], [-0.00735, 0.004787, 0.003494], [-0.00091, -0.002658, 0.007957], [-0.001031, 0.008599, 0.001479], [0.006218, 0.005463, -0.002872], [0.0053, -0.000294, 0.001346], [-0.004062, -0.000629, -0.004762], [0.001587, 0.002755, -0.002401], [-0.000467, -0.001434, 0.004472], [-0.008923, -0.002473, 0.001816], [-0.000977, 0.003102, -0.005092], [0.057395, 2.915113, 1.055091], [0.124984, 3.180713, 0.957779], [-0.010699, -2.720338, 1.293927], [0.270963, -1.895479, -0.169121], [-0.263284, 0.139927, -0.689738], [-0.074703, -0.052866, -0.588662], [-0.034559, -0.280333, -0.14411], [0.257864, -0.096257, -0.160677], [-0.000584, -0.002635, -0.003886], [-0.0027, -0.000461, -0.00417], [0.001129, -0.002309, 0.004545], [-0.000384, -0.003636, 0.00458], [-0.000774, -0.001621, -0.002145], [-0.005965, -0.000267, 0.002992], [-0.008444, -0.000499, 0.002535], [0.001856, -0.004637, 0.002233], [-0.000588, 0.00296, -0.001821], [0.000132, -0.002336, -0.002365], [-0.005747, 0.002718, 0.000411], [0.006216, 0.001386, -0.002024], [-0.000328, 0.01502, -0.505948], [0.001464, -0.00158, 0.001713]],
 "initial_magmoms": [0.809, 0.792, -0.006, -0.006, -0.33, -0.259, 0.04, 0.042, -0.069, -0.035, -0.024, -0.023, 0.011, 0.009, -0.02, -0.023, -0.005, 0.004, -0.005, -0.007, 0.008, 0.011, 0.024, 0.029, -0.02, -0.023, 0.052, 0.053, -0.015, -0.016, 0.006, 0.006, -0.031, -0.024, -0.007, -0.027, -0.012, 0.016, 0.239, 0.24, -0.635, -0.636, -3.735, -3.691, 3.315, 3.678, 2.91, 2.9, -2.89, -2.891, 2.957, 2.956, -2.934, -2.928, -2.962, -2.984, 2.941, 2.941, -2.913, -2.9, 2.732, 2.731, -0.005, 0.004],
 "magmom": -0.6640382,
 "magmoms": [0.817, 0.8, -0.004, -0.005, -0.331, -0.26, 0.038, 0.04, -0.069, -0.036, -0.024, -0.024, 0.011, 0.009, -0.02, -0.023, -0.006, 0.004, -0.005, -0.007, 0.008, 0.011, 0.024, 0.029, -0.021, -0.024, 0.051, 0.052, -0.016, -0.016, 0.006, 0.006, -0.03, -0.024, -0.006, -0.026, -0.013, 0.015, 0.236, 0.234, -0.636, -0.638, -3.735, -3.689, 3.315, 3.677, 2.911, 2.899, -2.889, -2.889, 2.956, 2.955, -2.931, -2.926, -2.961, -2.98, 2.942, 2.941, -2.915, -2.906, 2.736, 2.737, -0.005, 0.004],
 "mtime": 22.874491370090194,
 "numbers": [8, 8, 8, 8, 8, 8, 8, 8, 8, 8, 8, 8, 8, 8, 8, 8, 8, 8, 8, 8, 8, 8, 8, 8, 8, 8, 8, 8, 8, 8, 8, 8, 8, 8, 8, 8, 8, 8, 8, 8, 8, 8, 25, 25, 25, 25, 25, 25, 25, 25, 25, 25, 25, 25, 25, 25, 25, 25, 25, 25, 25, 25, 19, 19],
 "pbc": [true, true, false],