{"1": {
 "calculator": "vasp",
 "calculator_parameters": {"amix": 0.1, "amix_mag": 0.1, "bmix": 0.0001, "bmix_mag": 0.0001, "encut": 500, "sigma": 0.05, "ediff": 1e-05, "ediffg": -0.02, "algo": "normal", "gga": "PE", "prec": "Normal", "ibrion": 2, "isif": 2, "ismear": 0, "ispin": 2, "istart": 1, "kpar": 10, "ldauprint": 2, "ldautype": 2, "lmaxmix": 6, "lorbit": 11, "nelm": 250, "npar": 6, "nsw": 199, "inimix": 0, "laechg": true, "lasph": true, "ldau": true, "lvtot": false, "lreal": "Auto", "ldau_luj": {"Ti": {"L": 2, "U": 3.0, "J": 0.0}, "V": {"L": 2, "U": 3.25, "J": 0.0}, "Cr": {"L": 2, "U": 3.5, "J": 0.0}, "Mn": {"L": 2, "U": 2.75, "J": 0.0}, "Fe": {"L": 2, "U": 4.3, "J": 0.0}, "Co": {"L": 2, "U": 3.32, "J": 0.0}, "Ni": {"L": 2, "U": 6.45, "J": 0.0}, "Cu": {"L": 2, "U": 3.0, "J": 0.0}, "Mo": {"L": 2, "U": 4.38, "J": 0.0}, "W": {"L": 2, "U": 6.2, "J": 0.0}, "Ce": {"L": 3, "U": 4.5, "J": 0.0}, "O": {"L": -1, "U": 0.0, "J": 0.0}, "C": {"L": -1, "U": 0.0, "J": 0.0}, "Au": {"L": -1, "U": 0.0, "J": 0.0}, "Ir": {"L": -1, "U": 0.0, "J": 0.0}, "H": {"L": -1, "U": 0.0, "J": 0.0}}, "xc": "PBE", "pp": "PBE", "setups": {"base": "minimal"}, "txt": "-", "kpts": [3, 2, 1], "gamma": true, "reciprocal": false, "ignore_constraints": false},
 "cell": [[5.835828759, 0.0, 0.0], [0.000177915, 9.967130154, 0.0], [0.0, 0.0, 27.42447]],
 "constraints": [{"name": "FixAtoms", "kwargs": {"indices": [0, 1, 2, 3, 4, 5, 6, 7, 8, 9, 10, 11, 12, 13, 42, 43, 44, 45, 46, 47, 48, 49, 62]}}],
 "ctime": 22.97187218408368,
 "dipole": [[0.0, 0.0, 0.0]],
 "energy": -464.05935517,
 "forces": [[0.056914, -2.648689, 0.033142], [-0.078947, -2.689191, -0.088197], [-1.118387, -0.494589, -1.071484], [0.572048, 0.092567, -1.180687], [0.666849, 2.290905, -0.430317], [-0.389039, 1.98867, -0.457374], [0.041321, -0.018461, 0.581196], [-0.044483, -0.01334, 0.59913], [-0.039322, 0.068365, 0.764174], [0.016247, 0.088452, 1.149857], [-0.044881, -0.121281, 0.363626], [0.145343, 0.15935, 0.232963], [-0.080292, 0.111804, 0.337815], [0.051098, 0.083063, 0.120262], [0.000694, 0.002608, 0.001487], [0.000447, -0.00494, 0.008644], [0.002143, 0.000368, -0.0019], [0.001845, -0.000581, 0.0012], [-0.009285, -0.000478, -0.002069], [0.007322, 0.001278, -0.00043], [0.002883, 0.00864, 0.000653], [-0.000392, -0.000123, 0.001002], [0.001016, 0.002973, -0.002543], [-0.00626, 0.00316, -0.00978], [-0.002851, 0.00273, -0.001454], [-0.00256, -0.004494, -0.001464], [0.001694, -0.007209, 0.005534], [-0.005334, 0.009583, 0.002315], [-0.002208, -0.002416, 0.001876], [0.004775, -0.006333, -0.002031], [0.004428, -0.000596, -0.002226], [0.005504, -0.001394, -0.005341], [0.006386, 0.003935, 0.008858], [-0.007924, -0.004475, 0.001355], [-0.003429, -0.002531, 0.01045], [0.009931, -0.005533, -0.00079], [-0.005512, 0.00095, 0.002226], [-0.002348, -0.003552, 0.003255], [-0.002021, -0.010208, -0.000374], [-0.011045, 0.00127, -0.005022], [-0.012599, -0.005316, 0.00297], [-0.006814, -0.002213, 0.001639], [0.071904, 2.842731, 0.822237], [0.103632, 3.153431, 0.766412], [-0.012628, -2.762508, 1.118461], [0.277704, -1.901788, -0.424479], [-0.269959, 0.072084, -1.084265], [-0.088084, -0.129892, -0.977618], [-0.060742, -0.160034, -0.28675], [0.281423, 0.031855, -0.277103], [0.001382, 0.002306, -0.002722], [0.001722, 0.001198, -0.005805], [0.000543, 0.004555, -0.004864], [0.000399, 0.004147, -0.008494], [0.002884, -0.000534, -0.004874], [-0.001058, -0.002818, -0.005762], [-0.002031, -0.005425, -0.007915], [-0.004819, 0.001232, -0.006968], [-0.007058, -0.00268, -0.015723], [-0.001353, -0.006172, -0.010284], [-0.000832, -0.010353, 0.006883], [-0.005697, -0.002794, 0.014422], [-0.00443, 0.0218, -0.574297], [-0.001357, -0.001331, -0.002138], [-0.006109, -0.002817, 9e-05], [-0.000424, -0.004375, -0.001837], [0.002035, -0.014548, 0.001245]],
 "initial_magmoms": [0.808, 0.798, 0.003, 0.005, -0.309, -0.217, 0.027, 0.025, -0.064, -0.034, 0.001, 0.002, 0.011, 0.011, -0.028, -0.029, -0.005, 0.004, -0.007, -0.009, 0.022, 0.024, 0.016, 0.015, -0.012, 0.002, 0.031, 0.03, -0.015, -0.014, -0.004, 0.021, -0.025, -0.005, -0.007, 0.012, -0.015, -0.008, 0.014, 0.032, 0.001, 0.0, -3.786, -3.733, 3.342, 3.722, 2.817, 2.804, -2.865, -2.87, 2.971, 2.971, -2.987, -2.997, -2.946, -2.96, 2.922, 2.907, -3.536, -2.979, 2.951, 2.954, -0.004, 0.003, -0.007, 0.006, 0.005],
 "magmom": 0.5903761,
 "magmoms": [0.815, 0.802, 0.001, 0.0, -0.319, -0.241, 0.026, 0.026, -0.067, -0.034, -0.015, -0.014, 0.011, 0.01, -0.025, -0.025, -0.005, 0.004, -0.005, -0.007, 0.013, 0.016, 0.024, 0.022, -0.011, -0.013, 0.035, 0.036, -0.014, -0.018, 0.034, -0.013, -0.03, -0.03, -0.002, -0.006, -0.004, 0.0, 0.046, -0.041, 0.002, 0.044, -3.76, -3.708, 3.329, 3.7, 2.873, 2.862, -2.879, -2.881, 2.958, 2.957, -2.951, -2.948, -2.959, -2.97, 2.929, 2.955, -2.959, -2.956, 2.9, 2.955, -0.004, 0.004, -0.006, 0.006, 0.008],
 "mtime": 22.97187218408368,
 "numbers": [8, 8, 8, 8, 8, 8, 8, 8, 8, 8, 8, 8, 8, 8, 8, 8, 8, 8, 8, 8, 8, 8, 8, 8, 8, 8, 8, 8, 8, 8, 8, 8, 8, 8, 8, 8, 8, 8, 8, 8, 8, 8, 25, 25, 25, 25, 25, 25, 25, 25, 25, 25, 25, 25, 25, 25, 25, 25, 25, 25, 25, 25, 19, 19, 1, 1, 1],
 "pbc": [true, true, true],