{"1": {
 "calculator": "vasp",
 "calculator_parameters": {"amix": 0.1, "amix_mag": 0.1, "bmix": 0.0001, "bmix_mag": 0.0001, "encut": 500, "sigma": 0.05, "ediff": 1e-05, "ediffg": -0.02, "algo": "Normal", "gga": "PE", "prec": "Normal", "ibrion": 2, "isif": 2, "ismear": 0, "ispin": 2, "istart": 1, "ldauprint": 2, "ldautype": 2, "lmaxmix": 4, "lorbit": 11, "nelm": 250, "npar": 6, "nsw": 199, "inimix": 0, "laechg": true, "lasph": true, "ldau": true, "lvtot": false, "lreal": "Auto", "ldau_luj": {"Mn": {"L": 2, "U": 2.75, "J": 0.0}, "O": {"L": -1, "U": 0.0, "J": 0.0}, "H": {"L": -1, "U": 0.0, "J": 0.0}}, "pp": "pbe", "txt": "-", "kpts": [3, 2, 1], "gamma": true, "reciprocal": false, "ignore_constraints": false, "custom": {}},
 "cell": {"array": {"__ndarray__": [[3, 3], "float64", [5.835828759, 0.0, 0.0, 0.000177915, 9.967130154, 0.0, 0.0, 0.0, 27.42447]]}, "__ase_objtype__": "cell"},
 "constraints": [{"name": "FixAtoms", "kwargs": {"indices": [0, 1, 2, 3, 4, 5, 6, 7, 8, 9, 10, 11, 12, 13, 40, 41, 42, 43, 44, 45, 46, 47, 59]}}],
 "ctime": 25.66372851177453,
 "dipole": {"__ndarray__": [[1, 3], "float64", [0.0, 0.0, 0.0]]},
 "energy": -434.88558899,
 "forces": {"__ndarray__": [[63, 3], "float64", [0.06140732, -2.65992951, 0.01604849, -0.08054461, -2.70441037, -0.10341754, -1.11453472, -0.53409162, -1.09835623, 0.57072348, 0.06369108, -1.21068568, 0.67588233, 2.30475274, -0.46847881, -0.39565101, 1.99968106, -0.498839, 0.03984065, -0.03051731, 0.35720671, -0.03353587, -0.03334756, 0.37371424, -0.0428365, 0.10840473, 0.62549793, 0.0117919, 0.11540609, 0.95163154, -0.04870581, -0.12309302, 0.39672188, 0.13862893, 0.16704546, 0.26277001, -0.08639421, 0.16546707, 0.29751963, 0.05340133, 0.1354858, 0.0838736, 0.00547009, 0.00158109, 0.00650201, -0.00042165, -0.00050561, -0.00478454, 0.00141989, -0.00023861, -0.00123975, 0.00294039, -0.00239822, 0.0001546, 0.00622583, 0.00367378, -0.00178088, -0.00938926, -0.00795557, 0.00266702, 0.00055047, 0.00299431, -0.00231081, -0.00239916, -0.00226936, 0.00211937, 0.00302937, -0.00313661, 0.00131748, 0.00326871, -0.00594709, 0.00284649, 0.00142711, 0.00223126, -0.00583897, -0.00619803, 0.00418897, 0.00641934, 0.00707344, -0.00472058, 0.00086397, -0.00399264, -0.00216732, -0.00158524, 0.00200606, -0.01318616, -0.00559326, -0.00216233, -0.00369985, -0.00029757, 0.0016277, 0.000146, -0.00296223, -0.0102888, 0.0011888, 0.00694169, -0.00180307, -0.00648966, -0.00512553, -0.00182611, -0.00448235, -0.00098001, 0.00458624, 0.00256317, 0.00865823, -0.00330055, 0.00038057, -0.00160819, 0.00424914, 0.00055349, -0.00788704, -0.00547552, -0.00160218, 0.00203692, -0.0065856, -0.00135431, 0.00389864, 0.00362668, -0.00444961, -0.00246073, 0.05959529, 2.89205212, 0.93207877, 0.09882292, 3.20422744, 0.86749139, -0.01300656, -2.74104823, 1.23787003, 0.27457795, -1.90063134, -0.25513954, -0.27283985, 0.07114944, -0.93118243, -0.09062808, -0.12855176, -0.77915652, -0.02718342, -0.2727533, -0.23563055, 0.23286422, -0.08085477, -0.24055964, 0.001586, 0.00436566, -0.00559044, 0.00016547, 0.00692448, -0.00288083, -0.00161173, 0.00111315, -0.00080624, -0.00186572, 0.00383867, -0.0062631, -0.00053772, -0.00090229, -0.00125024, 0.0025887, -0.00680075, -0.00462351, -0.00653023, 0.00487924, 0.00152, 0.00977669, 0.00154148, -0.00193209, 0.00120348, -0.00293596, 0.00085992, -0.00257275, -0.0014782, 0.00012691, 0.00238283, -0.00199448, -0.00240062, -0.00542575, 0.02238114, -0.54466001, -0.00082486, -0.00128506, -0.00130039, -0.00268988, -2e-07, -0.00360076, -0.00097861, -0.00267947, -0.00814791]]},
 "free_energy": -434.90095271,
 "initial_magmoms": {"__ndarray__": [[63], "float64", [0.816, 0.802, 0.002, 0.001, -0.316, -0.235, 0.025, 0.025, -0.065, -0.034, -0.015, -0.015, 0.011, 0.009, -0.023, -0.024, -0.006, 0.003, -0.004, -0.005, 0.015, 0.017, 0.013, 0.013, -0.009, -0.013, -0.029, 0.096, -0.043, -0.007, -0.005, -0.002, -0.043, -0.042, -0.018, -0.028, -0.032, -0.029, -0.022, -0.006, -3.76, -3.708, 3.333, 3.706, 2.869, 2.858, -2.876, -2.877, 2.967, 2.973, -2.951, -2.946, -2.915, -2.916, 2.967, 2.97, -2.941, -2.927, 3.144, -0.004, 0.004, 0.0, 0.0]]},
 "magmom": -3.3225854,
 "magmoms": {"__ndarray__": [[63], "float64", [0.808, 0.794, -0.002, -0.003, -0.324, -0.251, 0.033, 0.033, -0.067, -0.034, -0.016, -0.015, 0.011, 0.009, -0.022, -0.024, -0.007, 0.003, -0.007, -0.01, 0.013, 0.015, 0.014, 0.01, -0.007, -0.009, -0.022, -0.273, -0.008, -0.007, 0.01, 0.004, -0.035, -0.033, -0.066, -0.07, -0.293, -0.261, 0.048, 0.057, -3.751, -3.702, 3.321, 3.687, 2.89, 2.879, -2.884, -2.885, 2.956, 2.97, -2.956, -2.953, -2.803, -2.81, 2.927, 2.947, -2.896, -2.893, 2.831, -0.005, 0.002, -0.006, -0.007]]},
 "mtime": 25.66372851177453,
 "numbers": {"__ndarray__": [[63], "int64", [8, 8, 8, 8, 8, 8, 8, 8, 8, 8, 8, 8, 8, 8, 8, 8, 8, 8, 8, 8, 8, 8, 8, 8, 8, 8, 8, 8, 8, 8, 8, 8, 8, 8, 8, 8, 8, 8, 8, 8, 25, 25, 25, 25, 25, 25, 25, 25, 25, 25, 25, 25, 25, 25, 25, 25, 25, 25, 25, 19, 19, 1, 1]]},
 "pbc": {"__ndarray__": [[3], "bool", [true, true, true]]},
 "positions": {"__ndarray__": [[63, 3],