{"1": {
 "calculator": "vasp",
 "calculator_parameters": {"amix": 0.1, "amix_mag": 0.1, "bmix": 0.0001, "bmix_mag": 0.0001, "encut": 500, "sigma": 0.05, "ediff": 1e-05, "ediffg": -0.02, "algo": "Normal", "gga": "PE", "prec": "Normal", "ibrion": 2, "isif": 2, "ismear": 0, "ispin": 2, "istart": 1, "ldauprint": 2, "ldautype": 2, "lmaxmix": 4, "lorbit": 11, "nelm": 250, "npar": 6, "nsw": 199, "inimix": 0, "laechg": true, "lasph": true, "ldau": true, "lvtot": false, "lreal": "Auto", "ldau_luj": {"Mn": {"L": 2, "U": 2.75, "J": 0.0}, "O": {"L": -1, "U": 0.0, "J": 0.0}, "H": {"L": -1, "U": 0.0, "J": 0.0}}, "pp": "pbe", "txt": "-", "kpts": [3, 2, 1], "gamma": true, "reciprocal": false, "ignore_constraints": false, "custom": {}},
 "cell": {"array": {"__ndarray__": [[3, 3], "float64", [5.835828759, 0.0, 0.0, 0.000177915, 9.967130154, 0.0, 0.0, 0.0, 27.42447]]}, "__ase_objtype__": "cell"},
 "constraints": [{"name": "FixAtoms", "kwargs": {"indices": [0, 1, 2, 3, 4, 5, 6, 7, 8, 9, 10, 11, 12, 13, 38, 39, 40, 41, 42, 43, 44, 45, 57]}}],
 "ctime": 25.663675532208284,
 "dipole": {"__ndarray__": [[1, 3], "float64", [0.0, 0.0, 0.0]]},
 "energy": -424.59347418,
 "forces": {"__ndarray__": [[61, 3], "float64", [0.05974927, -2.668115, 0.01595417, -0.07181581, -2.69477633, -0.10207671, -1.11246038, -0.55729258, -1.10463736, 0.56932653, 0.05548868, -1.21263105, 0.67278693, 2.30903569, -0.4786473, -0.39505331, 2.00342636, -0.50857678, 0.05492464, 0.01187283, 0.65455755, -0.04329081, 0.01453674, 0.66152131, -0.05706296, 0.16411209, 0.60354639, 0.01240978, 0.17464481, 0.93007442, -0.03994898, -0.01661035, 0.61050089, 0.16048955, 0.29616551, 0.45753507, -0.10305158, 0.26655481, 0.29761273, 0.06637619, 0.23837729, 0.09569213, -0.00219462, -0.00056183, -0.0065637, 0.00112505, -0.00362029, 2.408e-05, 0.00329024, -0.00080934, -0.00238555, 0.00231844, 0.00058529, 0.00171368, 0.00281621, -0.00041902, 0.00979886, -0.00548857, -0.00590104, 0.0060888, 0.00542324, -0.00050167, 0.00300307, 0.00359249, -0.00203992, 0.0013222, -0.00174409, 0.00734459, -0.00187396, 0.0059608, -0.00255484, 0.00605774, -0.00567738, -0.01045309, -0.00534001, -0.00157786, -0.00520559, -0.00195, -0.00204548, -0.00501253, 0.00476734, 0.00828853, -0.0093619, -0.00385059, -0.00028047, 0.00688529, 0.00218404, -0.00334188, 0.00764681, -0.0001718, 0.00085038, -0.00371142, 0.00139402, 0.00094816, 0.01584511, -0.00109617, -0.00040132, 0.00021128, 0.00425456, -0.00210848, 0.00055712, 0.00610035, 0.00755012, -0.00094687, 0.00836225, 0.00021472, -0.00288632, -0.00035563, 0.01140578, -0.00890169, -0.0037683, -0.00288122, -0.00711963, 0.01517348, 0.05338684, 2.87876079, 0.81585466, 0.08155274, 3.22555199, 0.774354, -0.01939597, -2.74307338, 1.26861836, 0.274895, -1.90439751, -0.22573607, -0.25970019, -0.14623212, -1.18931332, -0.08917907, -0.34775767, -1.04064758, -0.01746424, -0.34529137, -0.39595632, 0.19013518, -0.18539379, -0.41374166, -0.00106391, 0.0023437, 0.00406085, -0.00234378, 0.00185415, 0.00563681, 0.00129132, -0.00048469, 0.00237859, 6.31e-05, 0.00134789, 0.00074157, -0.00647411, -0.01002944, -0.00038185, 0.00168232, -0.00462235, 0.00024698, -0.0026438, -0.01689277, -0.00270019, -0.00177649, -0.00343297, -0.00393706, 0.00068907, -0.00338143, 0.0073354, -0.000234, -0.00512224, 0.00867853, 0.01078988, -0.00530762, 0.00041755, -0.00827393, 0.03603168, -0.57256307, -0.0020158, -0.00286002, 0.00161417, 0.00066942, 0.01336742, -0.00761351, -0.00401142, -0.00146732, -0.00066105]]},
 "free_energy": -424.60643884,
 "initial_magmoms": {"__ndarray__": [[61], "float64", [0.816, 0.802, 0.002, 0.001, -0.316, -0.235, 0.025, 0.025, -0.065, -0.034, -0.015, -0.015, 0.011, 0.009, -0.023, -0.024, -0.006, 0.003, -0.004, -0.005, 0.015, 0.017, 0.013, 0.013, -0.009, -0.013, -0.029, 0.096, -0.043, -0.007, -0.005, -0.002, -0.043, -0.042, -0.018, -0.028, -0.022, -0.006, -3.76, -3.708, 3.333, 3.706, 2.869, 2.858, -2.876, -2.877, 2.967, 2.973, -2.951, -2.946, -2.915, -2.916, 2.967, 2.97, -2.941, -2.927, 3.144, -0.004, 0.004, 0.0, 0.0]]},
 "magmom": -3.5258765,
 "magmoms": {"__ndarray__": [[61], "float64", [0.805, 0.792, -0.002, -0.001, -0.322, -0.25, 0.03, 0.031, -0.067, -0.035, 0.002, 0.002, 0.012, 0.01, -0.029, -0.031, -0.007, 0.002, -0.012, -0.015, 0.023, 0.026, 0.008, 0.001, -0.003, -0.002, 0.023, 0.022, 0.024, 0.029, 0.058, 0.026, -0.024, -0.022, -0.081, -0.076, 0.038, 0.056, -3.766, -3.716, 3.32, 3.686, 2.862, 2.851, -2.882, -2.884, 2.898, 2.895, -3.004, -2.999, -3.693, -3.684, 2.91, 2.89, -2.931, -2.92, 3.618, -0.005, -0.0, -0.005, -0.007]]},
 "mtime": 25.663675532208284,
 "numbers": {"__ndarray__": [[61], "int64", [8, 8, 8, 8, 8, 8, 8, 8, 8, 8, 8, 8, 8, 8, 8, 8, 8, 8, 8, 8, 8, 8, 8, 8, 8, 8, 8, 8, 8, 8, 8, 8, 8, 8, 8, 8, 8, 8, 25, 25, 25, 25, 25, 25, 25, 25, 25, 25, 25, 25, 25, 25, 25, 25, 25, 25, 25, 19, 19, 1, 1]]},
 "pbc": {"__ndarray__": [[3], "bool", [true, true, true]]},
 "positions": {"__ndarray__": [[61, 3],