{"1": {
 "calculator": "vasp",
 "calculator_parameters": {"amix": 0.1, "amix_mag": 0.1, "bmix": 0.0001, "bmix_mag": 0.0001, "encut": 500, "sigma": 0.05, "ediff": 1e-05, "ediffg": -0.02, "algo": "Normal", "gga": "PE", "prec": "Normal", "ibrion": 2, "isif": 2, "ismear": 0, "ispin": 2, "istart": 1, "ldauprint": 2, "ldautype": 2, "lmaxmix": 4, "lorbit": 11, "nelm": 250, "npar": 6, "nsw": 199, "inimix": 0, "laechg": true, "lasph": true, "ldau": true, "lvtot": false, "lreal": "Auto", "ldau_luj": {"Mn": {"L": 2, "U": 2.75, "J": 0.0}, "O": {"L": -1, "U": 0.0, "J": 0.0}, "H": {"L": -1, "U": 0.0, "J": 0.0}}, "pp": "pbe", "txt": "-", "kpts": [3, 2, 1], "gamma": true, "reciprocal": false, "ignore_constraints": false, "custom": {}},
 "cell": {"array": {"__ndarray__": [[3, 3], "float64", [5.801699045203386, 0.0, 0.0, 0.0, 9.837328697191618, 0.0, 0.0, 0.0, 27.260383125397126]]}, "__ase_objtype__": "cell"},
 "constraints": [{"name": "FixAtoms", "kwargs": {"indices": [0, 1, 2, 3, 4, 5, 6, 7, 8, 9, 10, 31, 32, 33, 34, 35, 36, 37, 38, 39, 40, 41]}}],
 "ctime": 25.662929263742026,
 "dipole": {"__ndarray__": [[1, 3], "float64", [0.0, 0.0, 0.0]]},
 "energy": -430.59825941,
 "forces": {"__ndarray__": [[63, 3], "float64", [-0.00014557, -2.52943615, -0.17119716, 0.00219182, 2.55302059, 1.4493587, -0.00030459, 0.83836562, -1.53232175, -0.00012263, 1.66942261, -0.72274573, 0.00683877, -2.54468813, 1.43181745, 0.00178196, -0.08308638, -0.97082936, -0.00432124, 0.06294664, 0.12041006, 0.00802764, 0.11975353, 0.46922169, 8.381e-05, -0.06372099, -0.10358341, -0.00013404, 0.01904998, -0.07948117, -0.00100436, -0.05694009, 0.10627686, 0.00486524, 0.00879689, -0.00109925, -0.0012354, 0.00155711, 0.00043257, 0.00029911, 0.00298166, -0.00465027, 0.00373786, 0.00227413, -0.00789698, 4.168e-05, 0.00873796, 0.00544737, 0.00174641, 0.00449322, -0.00345838, 0.00265755, 0.00162145, 0.0004218, -0.0027727, -0.00910349, 0.00161188, -0.0006993, 0.00453086, -0.00037895, -0.00634674, -0.00103659, 0.0137511, -0.00294571, 0.00756295, 0.00020019, -0.00153727, 0.00571271, -0.00190833, -0.00179386, 0.00522694, -0.00555442, 0.005881, 0.00510953, -0.00443236, -0.00589254, 0.00088469, -0.00885638, 0.00103493, 0.01001674, 0.0061797, 0.00300672, 0.00068877, 0.0047015, 0.00072995, 0.00251252, 0.00179901, -0.00433378, 0.0073189, 0.00529936, 0.00365922, -0.01468748, -0.00046726, -0.00027614, -2.54490641, -0.18100085, 0.00196174, 2.58250305, 1.45929583, -0.00031575, 0.81899056, -1.53260084, -0.0001382, 1.66914758, -0.7221228, -0.00696473, -2.54469163, 1.43194114, -0.00511183, -0.08306015, -0.96984751, 0.00378713, 0.06316828, 0.12037609, -0.00762724, 0.12020751, 0.46977065, 0.00052383, -0.1100034, -0.11707801, 0.00018383, 0.04831914, -0.06756729, -0.00048044, -0.07395032, 0.12191276, -0.00195313, -0.00053954, -0.00610966, 0.00069874, 0.00325321, 0.00020683, 0.00309462, 0.00063271, -0.00460715, -0.00269699, 0.00251038, -0.00484266, -0.00117196, 0.00780024, 0.00591132, 0.00068633, 9.857e-05, -0.00362453, -0.00336818, -0.00449627, 0.01724279, 0.00072475, 0.00658357, 0.00117712, 0.0005395, 0.00143908, -0.00257326, -0.00441647, 0.01094637, -0.00199809, -0.00082299, 0.0027118, -0.00429275, -0.00329648, 0.00269677, -0.00343213, 0.00397838, 0.00521654, -2.193e-05, 0.00581567, -0.00527187, -0.0023552, 0.00388643, -0.00739291, 0.0038456, 0.00443764, -0.00045024, 0.00402024, 0.00555466, -0.00216186, -0.00187879, -0.00755154, 0.00183864, -0.006971, 0.00388049, 0.00182355, -0.0031732, -0.00577455, -0.00726762, -0.00114657, -0.00078105, -0.00558203, 0.00347579]]},
 "free_energy": -430.6119896,
 "initial_magmoms": {"__ndarray__": [[63], "float64", [0.0, -3.0, 0.0, 0.0, 3.0, 0.0, 0.0, 3.0, 0.0, 0.0, -3.0, 0.0, 0.0, 3.0, 0.0, 0.0, -3.0, 0.0, 0.0, -3.0, 0.0, 0.0, 3.0, 0.0, 0.0, -3.0, 0.0, 0.0, 3.0, 0.0, 0.0, 0.0, -3.0, 0.0, 0.0, 3.0, 0.0, 0.0, 3.0, 0.0, 0.0, -3.0, 0.0, 0.0, 3.0, 0.0, 0.0, -3.0, 0.0, 0.0, -3.0, 0.0, 0.0, 3.0, 0.0, 0.0, 0.0, 0.0, 3.0, 0.0, 0.0, 0.0, 0.0]]},
 "magmom": 3.7298544,
 "magmoms": {"__ndarray__": [[63], "float64", [0.91, -3.658, -0.003, -0.361, 3.337, 0.037, -0.067, 2.915, -0.023, 0.02, -2.886, -0.026, -0.012, 2.93, -0.015, 0.007, -2.915, 0.007, -0.066, -2.96, 0.003, -0.053, 2.84, -0.509, -0.178, 1.178, -0.083, 0.01, 2.907, -0.274, -0.096, 0.907, -3.66, -0.004, -0.362, 3.337, 0.037, -0.067, 2.915, -0.027, 0.018, -2.888, -0.024, -0.012, 2.93, -0.015, 0.007, -2.907, 0.004, -0.006, -2.909, 0.004, -0.054, 2.84, -0.511, -0.513, -0.377, -0.062, 2.942, -0.274, -0.103, 0.006, 0.007]]},
 "mtime": 25.662929263742026,
 "numbers": {"__ndarray__": [[63], "int64", [8, 25, 8, 8, 25, 8, 8, 25, 8, 8, 25, 8, 8, 25, 8, 8, 25, 8, 8, 25, 8, 8, 25, 8, 8, 25, 8, 8, 25, 8, 8, 8, 25, 8, 8, 25, 8, 8, 25, 8, 8, 25, 8, 8, 25, 8, 8, 25, 8, 8, 25, 8, 8, 25, 8, 8, 8, 8, 25, 8, 8, 1, 1]]},
 "pbc": {"__ndarray__": [[3], "bool", [true, true, true]]},
 "positions": {"__ndarray__": [[63, 3],