{"1": {
 "calculator": "vasp",
 "calculator_parameters": {"amix": 0.1, "amix_mag": 0.1, "bmix": 0.0001, "bmix_mag": 0.0001, "encut": 500, "sigma": 0.05, "ediff": 1e-05, "ediffg": -0.02, "algo": "normal", "gga": "PE", "prec": "Normal", "ibrion": 2, "isif": 2, "ismear": 0, "ispin": 2, "istart": 1, "kpar": 10, "ldauprint": 2, "ldautype": 2, "lmaxmix": 6, "lorbit": 11, "nelm": 250, "npar": 6, "nsw": 199, "inimix": 0, "laechg": true, "lasph": true, "ldau": true, "lvtot": false, "lreal": "Auto", "ldau_luj": {"Ti": {"L": 2, "U": 3.0, "J": 0.0}, "V": {"L": 2, "U": 3.25, "J": 0.0}, "Cr": {"L": 2, "U": 3.5, "J": 0.0}, "Mn": {"L": 2, "U": 2.75, "J": 0.0}, "Fe": {"L": 2, "U": 4.3, "J": 0.0}, "Co": {"L": 2, "U": 3.32, "J": 0.0}, "Ni": {"L": 2, "U": 6.45, "J": 0.0}, "Cu": {"L": 2, "U": 3.0, "J": 0.0}, "Mo": {"L": 2, "U": 4.38, "J": 0.0}, "W": {"L": 2, "U": 6.2, "J": 0.0}, "Ce": {"L": 3, "U": 4.5, "J": 0.0}, "O": {"L": -1, "U": 0.0, "J": 0.0}, "C": {"L": -1, "U": 0.0, "J": 0.0}, "Au": {"L": -1, "U": 0.0, "J": 0.0}, "Ir": {"L": -1, "U": 0.0, "J": 0.0}, "H": {"L": -1, "U": 0.0, "J": 0.0}}, "xc": "PBE", "pp": "PBE", "setups": {"base": "minimal"}, "txt": "-", "kpts": [3, 2, 1], "gamma": true, "reciprocal": false, "ignore_constraints": false},
 "cell": [[5.801699045203386, 0.0, 0.0], [0.0, 9.837328697191618, 0.0], [0.0, 0.0, 27.260383125397126]],
 "constraints": [{"name": "FixAtoms", "kwargs": {"indices": [0, 1, 2, 3, 4, 5, 6, 7, 8, 9, 10, 31, 32, 33, 34, 35, 36, 37, 38, 39, 40, 41]}}],
 "ctime": 23.066455750602177,
 "dipole": [[0.0, 0.0, 0.0]],
 "energy": -446.75018392,
 "forces": [[-0.000273, -2.535465, -0.172917], [0.03236, 2.568729, 1.408411], [-0.001905, 0.828789, -1.528105], [0.000813, 1.674818, -0.716377], [0.001305, -2.549516, 1.390992], [-0.020499, -0.066411, -0.86389], [-0.000117, 0.070062, 0.174779], [-0.008224, 0.09055, 0.359861], [-0.006658, -0.056935, -0.027631], [-0.000131, 0.019355, -0.051055], [-0.002893, -0.078486, 0.05547], [-0.001561, 0.009313, -0.007137], [-0.002768, 0.002515, 0.000672], [0.0046, -0.004069, -0.000852], [0.003074, -0.013959, -0.007713], [0.004501, -0.010256, 0.00854], [0.001109, 0.002786, -0.001506], [-0.002064, 0.010284, -0.012188], [0.005028, 0.013007, -0.00108], [0.00319, 0.009444, -0.00165], [-0.001848, 0.015126, 0.002911], [3.9e-05, 0.011915, 0.011939], [-0.002975, -0.003639, -0.007795], [-0.004916, -0.009175, -0.001413], [0.004382, 0.005717, 0.000893], [0.007113, 0.005238, -0.004147], [-0.012101, 0.001864, -0.001233], [0.003743, -0.00775, 0.006587], [-0.001164, -0.013135, 0.002479], [-1.8e-05, -0.012753, -0.008113], [0.00236, 0.006478, -0.001721], [-0.000273, -2.535465, -0.172917], [0.03236, 2.568729, 1.408411], [-0.001905, 0.828789, -1.528105], [0.000813, 1.674818, -0.716377], [0.001305, -2.549516, 1.390992], [-0.020499, -0.066411, -0.86389], [-0.000117, 0.070062, 0.174779], [-0.008224, 0.09055, 0.359861], [-0.006658, -0.056935, -0.027631], [-0.000131, 0.019355, -0.051055], [-0.002893, -0.078486, 0.05547], [-0.001561, 0.009313, -0.007137], [-0.002768, 0.002515, 0.000672], [0.0046, -0.004069, -0.000852], [0.003074, -0.013959, -0.007713], [0.004501, -0.010256, 0.00854], [0.001109, 0.002786, -0.001506], [-0.002064, 0.010284, -0.012188], [0.005028, 0.013007, -0.00108], [0.00319, 0.009444, -0.00165], [-0.001848, 0.015126, 0.002911], [3.9e-05, 0.011915, 0.011939], [-0.002975, -0.003639, -0.007795], [-0.004916, -0.009175, -0.001413], [0.004382, 0.005717, 0.000893], [0.007113, 0.005238, -0.004147], [-0.012101, 0.001864, -0.001233], [0.003743, -0.00775, 0.006587], [-0.001164, -0.013135, 0.002479], [-1.8e-05, -0.012753, -0.008113], [0.00236, 0.006478, -0.001721], [-0.003503, 0.015557, -0.007012], [-0.003503, 0.015557, -0.007012]],
 "initial_magmoms": [0.0, -3.0, 0.0, 0.0, 3.0, 0.0, 0.0, 3.0, 0.0, 0.0, -3.0, 0.0, 0.0, 3.0, 0.0, 0.0, -3.0, 0.0, 0.0, -3.0, 0.0, 0.0, 3.0, 0.0, 0.0, -3.0, 0.0, 0.0, 3.0, 0.0, 0.0, 0.0, -3.0, 0.0, 0.0, 3.0, 0.0, 0.0, 3.0, 0.0, 0.0, -3.0, 0.0, 0.0, 3.0, 0.0, 0.0, -3.0, 0.0, 0.0, -3.0, 0.0, 0.0, 3.0, 0.0, 0.0, -3.0, 0.0, 0.0, 3.0, 0.0, 0.0, 0.0, 0.0],
 "magmom": 2.1940097,
 "magmoms": [0.907, -3.666, -0.002, -0.357, 3.34, 0.035, -0.067, 2.91, -0.021, 0.019, -2.888, -0.023, -0.01, 2.93, -0.013, 0.009, -2.923, 0.023, 0.002, -2.94, 0.034, -0.002, 2.926, 0.017, -0.01, -2.834, 0.03, 0.004, 2.911, 0.402, 0.172, 0.908, -3.666, -0.002, -0.357, 3.34, 0.035, -0.067, 2.91, -0.021, 0.019, -2.888, -0.023, -0.01, 2.93, -0.013, 0.009, -2.923, 0.023, 0.002, -2.94, 0.034, -0.002, 2.926, 0.017, -0.01, -2.834, 0.03, 0.004, 2.911, 0.402, 0.172, 0.004, 0.004],
 "mtime": 23.066455750602177,
 "numbers": [8, 25, 8, 8, 25, 8, 8, 25, 8, 8, 25, 8, 8, 25, 8, 8, 25, 8, 8, 25, 8, 8, 25, 8, 8, 25, 8, 8, 25, 8, 8, 8, 25, 8, 8, 25, 8, 8, 25, 8, 8, 25, 8, 8, 25, 8, 8, 25, 8, 8, 25, 8, 8, 25, 8, 8, 25, 8, 8, 25, 8, 8, 1, 1],
 "pbc": [true, true, false],