{"1": {
 "calculator": "vasp",
 "calculator_parameters": {"amix": 0.1, "amix_mag": 0.1, "bmix": 0.0001, "bmix_mag": 0.0001, "encut": 500, "sigma": 0.05, "ediff": 1e-05, "ediffg": -0.02, "algo": "Normal", "gga": "PE", "prec": "Normal", "ibrion": 2, "isif": 2, "ismear": 0, "ispin": 2, "istart": 1, "ldauprint": 2, "ldautype": 2, "lmaxmix": 4, "lorbit": 11, "nelm": 250, "npar": 6, "nsw": 199, "inimix": 0, "laechg": true, "lasph": true, "ldau": true, "lvtot": false, "lreal": "Auto", "ldau_luj": {"Mn": {"L": 2, "U": 2.75, "J": 0.0}, "O": {"L": -1, "U": 0.0, "J": 0.0}, "H": {"L": -1, "U": 0.0, "J": 0.0}}, "pp": "pbe", "txt": "-", "kpts": [3, 2, 1], "gamma": true, "reciprocal": false, "ignore_constraints": false, "custom": {}},
 "cell": {"array": {"__ndarray__": [[3, 3], "float64", [5.801699045, 0.0, 0.0, 0.0, 9.837328697, 0.0, 0.0, 0.0, 27.260383125]]}, "__ase_objtype__": "cell"},
 "constraints": [{"name": "FixAtoms", "kwargs": {"indices": [0, 1, 2, 3, 4, 5, 6, 19, 20, 21, 22, 23, 24, 25, 38, 39, 40, 41, 48, 49, 50, 51]}}],
 "ctime": 25.66475750655806,
 "dipole": {"__ndarray__": [[1, 3], "float64", [0.0, 0.0, 0.0]]},
 "energy": -403.8047928,
 "forces": {"__ndarray__": [[57, 3], "float64", [0.0, -2.55214426, -0.1836367, 0.0, 0.83321007, -1.53003177, 0.0, 1.68088134, -0.70761795, 0.00219605, -0.06294258, -0.74100534, -0.0013723, 0.05054685, 0.33156018, 0.0, -0.14005557, 0.05259959, 0.0, -0.10058017, -0.00176033, 0.0, 0.00173372, -0.00370158, 0.0047058, 0.00414835, 0.00625078, 0.01180339, 0.00743248, 0.0026979, -0.0019302, 0.01331643, -0.00567972, 0.0, -0.00572392, -0.00244227, 0.0, 0.01779703, -0.00140664, 0.01036673, 0.00443124, 0.01422835, -0.00163145, -0.00071281, 0.00332484, 0.00262484, 0.00831245, -0.01596301, 0.0, -0.0178354, -0.00154625, 0.0, 0.0096812, 0.0117121, 0.0, 0.00019201, 0.01144397, 0.0, -2.54889935, -0.18116168, 0.0, 0.84340072, -1.52764628, 0.0, 1.68106985, -0.70815687, -0.00219605, -0.06294258, -0.74100534, 0.0013723, 0.05054685, 0.33156018, 0.0, -0.05262687, -0.01149181, 0.0, -0.13384263, -0.00589476, 0.0, -0.00150097, -0.00031242, -0.0047058, 0.00414835, 0.00625078, -0.01180339, 0.00743248, 0.0026979, 0.0019302, 0.01331643, -0.00567972, 0.0, 0.00613686, -0.00793497, 0.0, -0.01056893, 0.01267282, -0.01036673, 0.00443124, 0.01422835, 0.00163145, -0.00071281, 0.00332484, -0.00262484, 0.00831245, -0.01596301, 0.0, -0.01540989, 0.00493655, 0.0, 0.00358972, -0.00817313, 0.0, -0.00437441, 0.01260549, 0.0, 2.59083302, 1.37944996, -0.00333668, -2.58223829, 1.30423457, -0.10292889, 0.16484399, 0.25465601, 0.0, 0.0545581, -0.12626914, 0.00727744, -0.00475611, -0.00614648, 0.0, -0.00316396, -0.01076833, 0.0, 0.00210005, -0.0002067, 0.00301036, 0.00210347, 0.00189514, 0.0, 0.00194087, -0.01819003, 0.00232174, 0.00595845, 0.00469509, 0.0, 2.57166395, 1.36995665, 0.00333668, -2.58223829, 1.30423457, 0.10292889, 0.16484399, 0.25465601, 0.0, 0.06283988, -0.12122377, -0.00727744, -0.00475611, -0.00614648, 0.0, 0.00233877, -0.01516328, 0.0, 0.00187134, 0.00986292, -0.00301036, 0.00210347, 0.00189514, -0.00232174, 0.00595845, 0.00469509]]},
 "free_energy": -403.81454191,
 "initial_magmoms": {"__ndarray__": [[57], "float64", [0.793, -0.01, -0.349, -0.006, -0.068, -0.028, 0.012, -0.023, -0.008, -0.005, 0.007, 0.0, -0.016, -0.043, -0.028, 0.032, -0.03, -0.032, -0.053, -0.627, 0.007, -0.348, -0.006, -0.068, -0.025, 0.021, -0.022, -0.008, -0.005, 0.007, -0.0, 0.001, -0.043, -0.028, 0.032, -0.042, -0.101, -0.078, -3.664, 3.353, 2.914, -2.887, 2.929, -2.908, -2.905, 2.872, -2.878, 3.224, -3.59, 3.353, 2.914, -2.886, 2.929, -2.921, -2.895, 2.872, 3.224]]},
 "magmom": 3.538524,
 "magmoms": {"__ndarray__": [[57], "float64", [0.899, -0.001, -0.341, 0.033, -0.068, -0.024, 0.015, -0.023, -0.008, -0.005, 0.007, 0.0, -0.016, -0.044, -0.029, 0.031, -0.03, -0.032, -0.053, 0.899, -0.0, -0.341, 0.033, -0.068, -0.023, 0.018, -0.022, -0.008, -0.005, 0.007, 0.0, 0.002, -0.044, -0.029, 0.031, -0.054, -0.101, -0.079, -3.674, 3.348, 2.91, -2.887, 2.928, -2.912, -2.905, 2.872, -2.877, 3.224, -3.673, 3.348, 2.91, -2.886, 2.928, -2.924, -2.896, 2.872, 3.224]]},
 "mtime": 25.66475750655806,
 "numbers": {"__ndarray__": [[57], "int64", [8, 8, 8, 8, 8, 8, 8, 8, 8, 8, 8, 8, 8, 8, 8, 8, 8, 8, 8, 8, 8, 8, 8, 8, 8, 8, 8, 8, 8, 8, 8, 8, 8, 8, 8, 8, 8, 8, 25, 25, 25, 25, 25, 25, 25, 25, 25, 25, 25, 25, 25, 25, 25, 25, 25, 25, 25]]},
 "pbc": {"__ndarray__": [[3], "bool", [true, true, true]]},
 "positions": {"__ndarray__": [[57, 3], "float64", [0.7252100000000044, 3.3878100000000164, 7.499999999999932, 0.7252100000000044, 9.421650000000003, 7.905159999999963, 0.7252100000000044, 6.925969999999967, 7.976450000000036, 2.175640000000015, 1.6024199999999813, 9.091560000000088, 2.175640000000015, 8.234910000000035, 9.92305000000004, 0.7252100000000044, 2.91135999999998, 11.038170000000068, 0.7252100000000044, 0.415680000000012, 11.10945999999995, 0.7252100000000044, 6.441881931750389, 11.506673045940053, 2.1755232658605013, 8.298761132153293, 12.40749033955468, 2.1759234996997803, 4.502177244548756, 12.821389161642804, 2.17684155975413, 2.000943935581619, 12.890899305254836, 0.7252100000000044, 6.537566514572219, 14.000182637137822, 0.7252100000000044, 3.340319014718704, 14.840339600971939, 2.180765473580143, 7.885553023666074, 15.905844009573055, 2.1654870752244193, 5.3770639617514036, 16.01873540703123, 2.177294476793605, 1.5351405798831974, 16.371312727785448, 0.7252100000000044, 3.319676742005338, 17.357246983083037, 0.7252100000000044, 9.488160342857267, 18.000220258438627, 0.7252100000000044, 7.011058573124684, 17.796706020137265, 3.626059999999982, 3.3878100000000164, 7.499999999999932, 3.626059999999982, 9.421650000000003, 7.905159999999963, 3.626059999999982, 6.925969999999967, 7.976450000000036, 5.076489999999993, 1.6024199999999813, 9.091560000000088, 5.076489999999993, 8.234910000000035, 9.92305000000004, 3.626059999999982, 2.91135999999998, 11.038170000000068, 3.626059999999982, 0.415680000000012, 11.10945999999995, 3.626059999999982, 6.441535890847877, 11.506784258991114, 5.076606734139465, 8.298761132153293, 12.40749033955468, 5.076196500300224, 4.502177244548756, 12.821389161642804, 5.075278440245874, 2.000943935581619, 12.890899305254836, 3.626059999999982, 6.52755249005004, 13.999737438906985, 3.626059999999982, 3.3210620139673406, 14.827912810735546, 5.071364526419864, 7.885553023666074, 15.905844009573055, 5.086632924775546, 5.3770639617514036, 16.01873540703123, 5.074825523206361, 1.5351405798831974, 16.371312727785448, 3.626059999999982, 3.562465198899256, 17.26626813187471, 3.626059999999982, 9.355564556585303, 18.193294514588516, 3.626059999999982, 6.967293905108573, 17.78820853239837, 0.7252100000000044, 1.4903599999999693, 7.86196000000002, 2.175640000000015, 8.191979999999997, 8.016830000000091, 2.175640000000015, 1.6453400000000293, 10.997790000000014, 0.7252100000000044, 8.346969999999978, 11.152660000000086, 2.174964436345825, 6.3970570060032355, 12.766067205504543, 0.7252100000000044, 3.2730899268320295, 12.964544633439129, 0.7252100000000044, 6.581509397811767, 15.895367794912492, 2.2180137747502258, 3.4113926396978957, 16.098477804850035, 0.7252100000000044, 1.4282349301919104, 17.30792302573088, 2.208679247904931, 8.271281639701474, 17.75200834814234, 3.626059999999982, 1.4903599999999693, 7.86196000000002, 5.076489999999993, 8.191979999999997, 8.016830000000091, 5.076489999999993, 1.6453400000000293, 10.997790000000014, 3.626059999999982, 8.346969999999978, 11.152660000000086, 5.0771555636541805, 6.3970570060032355, 12.766067205504543, 3.626059999999982, 3.2678064513688785, 12.938421830870823, 3.626059999999982, 6.559820302764077, 15.888219428510695, 5.0341162252497815, 3.4113926396978957, 16.098477804850035, 5.043440752095076, 8.271281639701474, 17.75200834814234]]},
 "stress": {"__ndarray__": [[6], "float64", [0.0007364497675735902, 0.007239802759204013, -6.795348189866684e-05, -0.0008293432776072624, -0.0, -0.0]]},