{"1": {
 "calculator": "vasp",
 "calculator_parameters": {"amix": 0.1, "amix_mag": 0.1, "bmix": 0.0001, "bmix_mag": 0.0001, "encut": 500, "sigma": 0.05, "ediff": 1e-05, "ediffg": -0.02, "algo": "Normal", "gga": "PE", "prec": "Normal", "ibrion": 2, "isif": 2, "ismear": 0, "ispin": 2, "istart": 1, "ldauprint": 2, "ldautype": 2, "lmaxmix": 4, "lorbit": 11, "nelm": 250, "npar": 6, "nsw": 199, "inimix": 0, "laechg": true, "lasph": true, "ldau": true, "lvtot": false, "lreal": "Auto", "ldau_luj": {"Mn": {"L": 2, "U": 2.75, "J": 0.0}, "O": {"L": -1, "U": 0.0, "J": 0.0}, "H": {"L": -1, "U": 0.0, "J": 0.0}}, "pp": "pbe", "txt": "-", "kpts": [3, 2, 1], "gamma": true, "reciprocal": false, "ignore_constraints": false, "custom": {}},
 "cell": {"array": {"__ndarray__": [[3, 3], "float64", [5.801699045203386, 0.0, 0.0, 0.0, 9.837328697191618, 0.0, 0.0, 0.0, 27.260383125397126]]}, "__ase_objtype__": "cell"},
 "constraints": [{"name": "FixAtoms", "kwargs": {"indices": [0, 1, 2, 3, 4, 5, 6, 7, 8, 9, 10, 30, 31, 32, 33, 34, 35, 36, 37, 38, 39, 40]}}],
 "ctime": 25.662827641754955,
 "dipole": {"__ndarray__": [[1, 3], "float64", [0.0, 0.0, 0.0]]},
 "energy": -423.37040811,
 "forces": {"__ndarray__": [[61, 3], "float64", [0.00085026, -2.54366781, -0.1814471, -0.02007474, 2.58224956, 1.40272487, 0.00139347, 0.82168618, -1.52932597, -0.00036154, 1.67336195, -0.71688904, -0.00543584, -2.55796249, 1.3764971, 0.01481721, -0.06956622, -0.83873665, -0.00133672, 0.02741948, 0.22002509, -0.11138158, 0.10144416, 0.39202206, -0.00058645, -0.10374678, -0.15869361, -0.00083184, 0.08478009, -0.05735459, -0.00187441, -0.01626294, 0.15925048, -0.00021927, 0.00157162, 9.272e-05, -0.00163929, 0.00445386, 0.00112424, -5.873e-05, -0.00235405, -0.00416275, 0.00538613, -0.00583623, -0.00031091, 0.00036886, -0.00220405, 0.00053553, -0.00137101, -0.00043194, -0.00245914, -0.00636343, 0.01038605, -0.00819038, 0.00148864, 0.0110027, 0.00613667, -9.088e-05, -0.0062268, 0.00312462, 0.00557885, -0.0089742, 0.00263767, 0.0048313, -0.01056212, 0.00099804, -0.00302592, -0.00820409, 0.00212796, 0.01284484, -0.00702014, -0.00177933, -0.01022943, -0.00944482, 0.0115308, 0.00160027, -0.00500861, -0.01410213, 0.00230886, -0.00514995, -0.00683438, 0.01112809, 0.0070637, 0.00889918, -0.00133005, -0.01045755, -0.00830815, -0.00515265, -0.01043661, -0.00327536, -0.00011484, -2.53259207, -0.17525374, -0.01968625, 2.5541558, 1.39165969, 0.0013495, 0.83745832, -1.5290731, -0.0004271, 1.67382521, -0.71752996, 0.00420098, -2.55797906, 1.37586168, 0.01119352, -0.06993556, -0.83667837, -7.197e-05, 0.02668146, 0.22152996, 0.11210782, 0.10133444, 0.39370115, -0.00258745, -0.0203164, -0.24896569, -0.0005909, 0.05602398, -0.06227762, -7.3e-07, -0.00943133, 0.18594909, -0.00014719, -0.00040922, 0.00038323, -0.00119965, -0.00318985, -0.00116752, -0.00246777, 0.00033635, -0.0012843, -0.00177774, 0.01286774, -0.00298401, 0.00253938, 0.00032536, -0.00519604, -0.00016058, -0.00098865, -0.00265797, 0.01193266, -0.0041519, 0.01121903, -0.00173885, -0.00377501, -0.01422185, 0.00334831, -0.00425592, -2.29e-06, -0.01309117, -0.00232217, -0.00965854, -0.00052201, 0.01619183, -0.00354372, 0.01282821, -0.01207254, 0.0007063, 0.00042019, 0.01866879, -0.00451695, 0.00370481, 0.00288217, -0.01240299, -0.00853775, -0.00921125, 0.00220183, -0.00747991, -0.00159054, -0.00614318, 0.00020044, -0.00724886, -0.00492049, 0.00343156, -0.00917547, -0.00805594, 0.00151028, 0.00105311, -0.00069422, 0.00060117, 0.0049393, 0.008159]]},
 "free_energy": -423.38434449,
 "initial_magmoms": {"__ndarray__": [[61], "float64", [0.0, -3.0, 0.0, 0.0, 3.0, 0.0, 0.0, 3.0, 0.0, 0.0, -3.0, 0.0, 0.0, 3.0, 0.0, 0.0, -3.0, 0.0, 0.0, -3.0, 0.0, 0.0, 3.0, 0.0, 0.0, -3.0, 0.0, 0.0, 3.0, 0.0, 0.0, -3.0, 0.0, 0.0, 3.0, 0.0, 0.0, 3.0, 0.0, 0.0, -3.0, 0.0, 0.0, 3.0, 0.0, 0.0, -3.0, 0.0, 0.0, -3.0, 0.0, 0.0, 3.0, 0.0, 0.0, 0.0, 0.0, 3.0, 0.0, 0.0, 0.0]]},
 "magmom": 3.6337952,
 "magmoms": {"__ndarray__": [[61], "float64", [0.905, -3.669, -0.003, -0.355, 3.341, 0.035, -0.067, 2.908, -0.025, 0.016, -2.889, -0.029, -0.008, 2.934, -0.016, 0.008, -2.905, 0.018, 0.004, -2.972, 0.025, -0.024, 2.861, 0.062, -0.019, -2.137, 0.01, 0.051, 2.908, -0.01, 0.907, -3.667, -0.002, -0.355, 3.341, 0.035, -0.067, 2.908, -0.025, 0.019, -2.889, -0.025, -0.008, 2.934, -0.016, 0.008, -2.917, 0.013, 0.001, -2.945, 0.018, -0.025, 2.86, 0.062, -0.062, -0.225, -0.039, 2.814, -0.042, 0.007, 0.008]]},
 "mtime": 25.662827641754955,
 "numbers": {"__ndarray__": [[61], "int64", [8, 25, 8, 8, 25, 8, 8, 25, 8, 8, 25, 8, 8, 25, 8, 8, 25, 8, 8, 25, 8, 8, 25, 8, 8, 25, 8, 8, 25, 8, 8, 25, 8, 8, 25, 8, 8, 25, 8, 8, 25, 8, 8, 25, 8, 8, 25, 8, 8, 25, 8, 8, 25, 8, 8, 8, 8, 25, 8, 1, 1]]},
 "pbc": {"__ndarray__": [[3], "bool", [true, true, true]]},
 "positions": {"__ndarray__": [[61, 3],