{"1": {
 "calculator": "vasp",
 "calculator_parameters": {"amix": 0.1, "amix_mag": 0.1, "bmix": 0.0001, "bmix_mag": 0.0001, "encut": 500, "sigma": 0.05, "ediff": 1e-05, "ediffg": -0.02, "algo": "Normal", "gga": "PE", "prec": "Normal", "ibrion": 2, "isif": 2, "ismear": 0, "ispin": 2, "istart": 1, "ldauprint": 2, "ldautype": 2, "lmaxmix": 4, "lorbit": 11, "nelm": 250, "npar": 6, "nsw": 199, "inimix": 0, "laechg": true, "lasph": true, "ldau": true, "lvtot": false, "lreal": "Auto", "ldau_luj": {"Mn": {"L": 2, "U": 2.75, "J": 0.0}, "O": {"L": -1, "U": 0.0, "J": 0.0}, "H": {"L": -1, "U": 0.0, "J": 0.0}}, "pp": "pbe", "txt": "-", "kpts": [3, 2, 1], "gamma": true, "reciprocal": false, "ignore_constraints": false, "custom": {}},
 "cell": {"array": {"__ndarray__": [[3, 3], "float64", [5.801699045203386, 0.0, 0.0, 0.0, 9.837328697191618, 0.0, 0.0, 0.0, 27.260383125397126]]}, "__ase_objtype__": "cell"},
 "constraints": [{"name": "FixAtoms", "kwargs": {"indices": [0, 1, 2, 3, 4, 5, 6, 7, 8, 9, 10, 28, 29, 30, 31, 32, 33, 34, 35, 36, 37, 38]}}],
 "ctime": 25.662488835617804,
 "dipole": {"__ndarray__": [[1, 3], "float64", [0.0, 0.0, 0.0]]},
 "energy": -413.86912252,
 "forces": {"__ndarray__": [[59, 3], "float64", [0.00047876, -2.55327416, -0.17969091, -0.00140108, 2.58239028, 1.26675628, 0.00010009, 0.83263604, -1.5272327, 0.00038634, 1.681635, -0.70797164, 0.0, -2.58789405, 1.28920268, 0.0, -0.02063328, -0.45076453, 0.0, 0.10740713, 0.32995746, 0.0, -0.05631907, -0.04375387, -0.00257944, 0.01074154, 0.22596564, 0.00634553, -0.01134445, 0.02273813, -0.04454365, -0.03547963, -0.27241285, 0.00195299, -0.00256922, -0.00355849, 0.0, -5.362e-05, -0.00245359, 0.0, 0.00328261, -0.00230433, 0.0, -0.00423161, 0.00663182, 0.0, 0.00170537, 0.0024765, 7.6e-05, 0.00444317, 0.00110937, 0.00235985, -0.00236195, -0.00197387, -0.00673503, 0.00147465, 0.00598147, 0.0013461, 0.00098826, 0.00244053, 0.0, 0.00598079, 0.00012174, 0.0, 0.01216867, 0.0029191, 0.0, 0.00617488, 0.00691138, 0.0, 0.01014401, 0.00852338, -0.00348887, 0.0082323, -0.00253459, -0.00534235, 0.00565672, 0.00890162, -0.00291527, 0.00011088, 0.00764289, 0.0, -0.00764227, 0.00531457, -0.00047876, -2.55327416, -0.17969091, 0.00140108, 2.58239028, 1.26675628, -0.00010009, 0.83263604, -1.5272327, -0.00038634, 1.681635, -0.70797164, 0.0, -2.58792515, 1.28551709, 0.0, -0.02122249, -0.46517583, 0.0, 0.11606743, 0.34089677, 0.0, -0.05774324, -0.05112114, 0.00257944, 0.01074154, 0.22596564, -0.00634553, -0.01134445, 0.02273813, 0.04454365, -0.03547963, -0.27241285, -0.00195299, -0.00256922, -0.00355849, 0.0, 0.00222822, 0.00337769, 0.0, 0.00014768, 0.00273154, 0.0, -0.00387074, 0.00304276, 0.0, 0.00546288, 0.00081326, -7.6e-05, 0.00444317, 0.00110937, -0.00235985, -0.00236195, -0.00197387, 0.00673503, 0.00147465, 0.00598147, -0.0013461, 0.00098826, 0.00244053, 0.0, -0.00392381, 0.01092903, 0.0, -0.01916984, -0.00078219, 0.0, 0.00968689, 0.00541736, 0.0, 0.01000205, 0.00651822, 0.00348887, 0.0082323, -0.00253459, 0.00534235, 0.00565672, 0.00890162, 0.00291527, 0.00011088, 0.00764289, 0.0, 0.00307314, 0.01886685, 0.0, 0.00956913, -0.01304814, 0.0, 0.01769091, 0.00257224, 0.0, 0.00327853, 0.00434041]]},
 "free_energy": -413.87561392,
 "initial_magmoms": {"__ndarray__": [[59], "float64", [0.0, -3.0, 0.0, 0.0, 3.0, 0.0, 0.0, 3.0, 0.0, 0.0, -3.0, 0.0, 0.0, 3.0, 0.0, 0.0, -3.0, 0.0, 0.0, -3.0, 0.0, 0.0, 3.0, 0.0, 0.0, -3.0, 0.0, 0.0, 0.0, -3.0, 0.0, 0.0, 3.0, 0.0, 0.0, 3.0, 0.0, 0.0, -3.0, 0.0, 0.0, 3.0, 0.0, 0.0, -3.0, 0.0, 0.0, -3.0, 0.0, 0.0, 3.0, 0.0, 0.0, -3.0, 0.0, 3.0, 0.0, 0.0, 0.0]]},
 "magmom": -2.6208683,
 "magmoms": {"__ndarray__": [[59], "float64", [0.895, -3.69, -0.0, -0.339, 3.349, 0.032, -0.067, 2.889, -0.01, 0.017, -2.887, 0.004, -0.003, 2.87, -0.013, 0.015, -2.953, 0.043, 0.005, -3.408, 0.192, 0.029, 2.936, 0.017, -0.026, -2.918, -0.096, 0.03, 0.895, -3.69, -0.0, -0.339, 3.349, 0.032, -0.065, 2.891, -0.01, 0.017, -2.887, 0.004, -0.005, 2.862, -0.014, 0.016, -2.953, 0.043, 0.005, -3.408, 0.021, 0.004, 2.956, 0.069, -0.026, -2.918, -0.096, 3.632, 0.052, -0.007, -0.005]]},
 "mtime": 25.662488835617804,
 "numbers": {"__ndarray__": [[59], "int64", [8, 25, 8, 8, 25, 8, 8, 25, 8, 8, 25, 8, 8, 25, 8, 8, 25, 8, 8, 25, 8, 8, 25, 8, 8, 25, 8, 8, 8, 25, 8, 8, 25, 8, 8, 25, 8, 8, 25, 8, 8, 25, 8, 8, 25, 8, 8, 25, 8, 8, 25, 8, 8, 25, 8, 25, 8, 1, 1]]},
 "pbc": {"__ndarray__": [[3], "bool", [true, true, true]]},
 "positions": {"__ndarray__": [[59, 3], "float64", [0.7252123806504233, 3.3878057495170233, 7.499999999999946, 0.7252123806504233, 1.4903578197363738, 7.861957751710508, 0.7252123806504233, 9.421651326269382, 7.9051550419374434, 0.7252123806504233, 6.92597369401008, 7.976450746335378, 2.17563714195127, 8.191984999277548, 8.016833220421674, 2.17563714195127, 1.6024196005628175, 9.091564262623049, 2.17563714195127, 8.234909096628801, 9.923054428205482, 2.17563714195127, 1.6453436979140703, 10.997785470406855, 0.7252123806504233, 2.911355003181537, 11.038167944492958, 0.7252123806504233, 0.4156773709222351, 11.10946364889089, 0.7252123806504233, 8.346970877455243, 11.152660939117828, 0.7211255606680835, 6.439896868947959, 11.46555799810838, 2.17563714195127, 8.287769668046918, 12.403189494478902, 2.17563714195127, 6.380921668929034, 12.712724233729817, 2.17563714195127, 4.474869173997826, 12.852798794724123, 2.17563714195127, 1.9813422785057107, 12.894885031668947, 0.7246304037401375, 3.2450393703322677, 12.954827460733753, 0.7283844786594893, 6.524112021646974, 13.93257757615267, 0.7195440701374628, 3.187965489434109, 14.885550278277073, 0.7626576100870217, 6.495482138711312, 15.86335156664934, 2.17563714195127, 7.6169850185086405, 16.257744520437384, 2.17563714195127, 5.239496844968363, 16.03351071565104, 2.17563714195127, 3.370602252090763, 16.11763525788848, 2.17563714195127, 1.5095238069951682, 16.726462100020562, 0.7317023110156161, 3.4666084503816696, 17.38406667682311, 0.7349665833354241, 1.6356571310936796, 17.985989415362702, 0.6543035565062048, 9.688248780700734, 18.39825388052969, 2.17563714195127, 1.826473819028634, 19.290185128569657, 3.626061903252116, 3.3878057495170233, 7.499999999999946, 3.626061903252116, 1.4903578197363738, 7.861957751710508, 3.626061903252116, 9.421651326269382, 7.9051550419374434, 3.626061903252116, 6.92597369401008, 7.976450746335378, 5.076486664552963, 8.191984999277548, 8.016833220421674, 5.076486664552963, 1.6024196005628175, 9.091564262623049, 5.076486664552963, 8.234909096628801, 9.923054428205482, 5.076486664552963, 1.6453436979140703, 10.997785470406855, 3.626061903252116, 2.911355003181537, 11.038167944492958, 3.626061903252116, 0.4156773709222351, 11.10946364889089, 3.626061903252116, 8.346970877455243, 11.152660939117828, 3.630148723234456, 6.439896868947959, 11.46555799810838, 5.076486664552963, 8.291507535976073, 12.40453252793613, 5.076486664552963, 6.383858738798029, 12.734451469921863, 5.076486664552963, 4.475864044439199, 12.859864059428663, 5.076486664552963, 1.979835914586369, 12.893398163963159, 3.626643880162403, 3.2450393703322677, 12.954827460733753, 3.6228898052430507, 6.524112021646974, 13.93257757615267, 3.6317302137650733, 3.187965489434109, 14.885550278277073, 3.5886166738155167, 6.495482138711312, 15.86335156664934, 5.076486664552963, 7.697713839843615, 16.13823810943432, 5.076486664552963, 5.2584787865723674, 16.041434436924526, 5.076486664552963, 3.4129897907397795, 16.111814345351608, 5.076486664552963, 1.4560354246849363, 16.720589085066628, 3.619571972886921, 3.4666084503816696, 17.38406667682311, 3.616307700567119, 1.6356571310936796, 17.985989415362702, 3.6969707273963306, 9.688248780700734, 18.39825388052969, 5.076486664552963, 9.072532079898188, 17.408800937862566, 5.076486664552963, 2.0204287235544154, 19.260542907331097, 2.17563714195127, 0.9566422068091945, 19.74864837978041, 5.076486664552963, 1.2654502735960054, 19.88353658786588]]},
 "stress": {"__ndarray__": [[6],