{"1": {
 "calculator": "vasp",
 "calculator_parameters": {"amix": 0.1, "amix_mag": 0.1, "bmix": 0.0001, "bmix_mag": 0.0001, "encut": 500, "sigma": 0.05, "ediff": 1e-05, "ediffg": -0.02, "algo": "Normal", "gga": "PE", "prec": "Normal", "ibrion": 2, "isif": 2, "ismear": 0, "ispin": 2, "istart": 1, "ldauprint": 2, "ldautype": 2, "lmaxmix": 4, "lorbit": 11, "nelm": 250, "npar": 6, "nsw": 199, "inimix": 0, "laechg": true, "lasph": true, "ldau": true, "lvtot": false, "lreal": "Auto", "ldau_luj": {"Mn": {"L": 2, "U": 2.75, "J": 0.0}, "O": {"L": -1, "U": 0.0, "J": 0.0}, "H": {"L": -1, "U": 0.0, "J": 0.0}}, "pp": "pbe", "txt": "-", "kpts": [3, 2, 1], "gamma": true, "reciprocal": false, "ignore_constraints": false, "custom": {}},
 "cell": {"array": {"__ndarray__": [[3, 3], "float64", [5.801699045203386, 0.0, 0.0, 0.0, 9.837328697191618, 0.0, 0.0, 0.0, 27.260383125397126]]}, "__ase_objtype__": "cell"},
 "constraints": [{"name": "FixAtoms", "kwargs": {"indices": [0, 1, 2, 3, 4, 5, 6, 7, 8, 9, 10, 29, 30, 31, 32, 33, 34, 35, 36, 37, 38, 39]}}],
 "ctime": 25.662456751546713,
 "dipole": {"__ndarray__": [[1, 3], "float64", [0.0, 0.0, 0.0]]},
 "energy": -423.68981314,
 "forces": {"__ndarray__": [[61, 3], "float64", [0.00012281, -2.54975753, -0.18069455, -0.00066686, 2.58031156, 1.34617143, 4.926e-05, 0.82791779, -1.53162185, -6.879e-05, 1.67597908, -0.71916168, 0.0, -2.57168997, 1.35793853, 0.0, -0.043434, -0.65128353, 0.0, 0.09017769, 0.25591612, 0.0, 0.00395922, 0.20451525, 8.319e-05, -0.02248733, 0.03902358, 0.00111372, 0.05707557, -0.01335256, 0.00016753, -0.06902787, -0.0822045, -0.00110853, 0.00096599, -0.0016564, 0.0, -0.00359105, -0.00212463, 0.0, 0.00520174, -0.00485693, 0.0, 0.00133022, 0.00519625, 0.0, 0.00335709, 0.00048551, 0.00112526, 0.00335622, -0.00095433, -0.0003026, -0.00385028, 0.00645226, -0.01332639, 0.00528591, 0.00176683, 0.00024341, 0.00461382, -0.0020629, 0.0, -0.00237365, -0.00770039, 0.0, -0.00987258, 0.0052382, 0.0, -0.00293068, -0.0010608, 0.0, -0.00499425, 0.00688728, -0.00326283, 0.00606965, 0.00815318, 0.00510498, 0.00149734, 0.00177163, 0.00018623, -0.00362285, -0.01051911, 0.00193036, 0.00993871, -0.00469768, 0.0, 0.00965106, -0.01452731, -0.00012281, -2.54975753, -0.18069455, 0.00066686, 2.58031156, 1.34617143, -4.926e-05, 0.82791779, -1.53162185, 6.879e-05, 1.67597908, -0.71916168, 0.0, -2.57213706, 1.36337872, 0.0, -0.04363909, -0.65524392, 0.0, 0.09543658, 0.25096341, 0.0, 0.00404216, 0.1980266, -8.319e-05, -0.02248733, 0.03902358, -0.00111372, 0.05707557, -0.01335256, -0.00016753, -0.06902787, -0.0822045, 0.00110853, 0.00096599, -0.0016564, 0.0, 0.00068268, 0.00654434, 0.0, -0.00040533, -0.00571141, 0.0, 0.01359515, 0.00591435, 0.0, -0.0020017, -0.0017389, -0.00112526, 0.00335622, -0.00095433, 0.0003026, -0.00385028, 0.00645226, 0.01332639, 0.00528591, 0.00176683, -0.00024341, 0.00461382, -0.0020629, 0.0, 0.00498518, -0.00297351, 0.0, -0.00729102, -0.00110748, 0.0, -0.00373009, -0.00197816, 0.0, -0.00383176, -0.00542629, 0.00326283, 0.00606965, 0.00815318, -0.00510498, 0.00149734, 0.00177163, -0.00018623, -0.00362285, -0.01051911, -0.00193036, 0.00993871, -0.00469768, 0.0, 0.01486723, -0.00410387, 0.0, -0.00942627, 0.00137725, 0.0, -0.01035943, -0.00057551, 0.0, -0.00410958, -0.01479589]]},
 "free_energy": -423.69820572,
 "initial_magmoms": {"__ndarray__": [[61], "float64", [0.0, -3.0, 0.0, 0.0, 3.0, 0.0, 0.0, 3.0, 0.0, 0.0, -3.0, 0.0, 0.0, 3.0, 0.0, 0.0, -3.0, 0.0, 0.0, -3.0, 0.0, 0.0, 3.0, 0.0, 0.0, -3.0, 0.0, 0.0, 0.0, 0.0, -3.0, 0.0, 0.0, 3.0, 0.0, 0.0, 3.0, 0.0, 0.0, -3.0, 0.0, 0.0, 3.0, 0.0, 0.0, -3.0, 0.0, 0.0, -3.0, 0.0, 0.0, 3.0, 0.0, 0.0, -3.0, 0.0, 0.0, 3.0, 0.0, 0.0, 0.0]]},
 "magmom": -2.7152913,
 "magmoms": {"__ndarray__": [[61], "float64", [0.898, -3.679, -0.002, -0.348, 3.344, 0.034, -0.067, 2.9, -0.016, 0.017, -2.884, -0.025, -0.01, 2.929, -0.016, 0.012, -2.937, -0.007, 0.01, -2.817, -0.336, -0.026, 2.923, 0.027, -0.024, -2.915, 0.252, -0.175, 0.045, 0.898, -3.679, -0.002, -0.348, 3.344, 0.034, -0.067, 2.9, -0.016, 0.017, -2.884, -0.025, -0.011, 2.942, -0.017, 0.012, -2.937, -0.007, 0.01, -2.817, -0.023, -0.013, 2.914, 0.022, -0.024, -2.915, 0.252, -0.175, 2.795, 0.066, -0.006, -0.005]]},
 "mtime": 25.662456751546713,
 "numbers": {"__ndarray__": [[61], "int64", [8, 25, 8, 8, 25, 8, 8, 25, 8, 8, 25, 8, 8, 25, 8, 8, 25, 8, 8, 25, 8, 8, 25, 8, 8, 25, 8, 8, 8, 8, 25, 8, 8, 25, 8, 8, 25, 8, 8, 25, 8, 8, 25, 8, 8, 25, 8, 8, 25, 8, 8, 25, 8, 8, 25, 8, 8, 25, 8, 1, 1]]},
 "pbc": {"__ndarray__": [[3], "bool", [true, true, true]]},
 "positions": {"__ndarray__": [[61, 3],